protein,calories,diet_type,dietary_restrictions,allergy_note,goal,session_minutes,fitness_level,activity_level,current_weight,target_calories,weeks,avg_daily_steps,bmi,resting_heart_rate,weekly_workouts,diet_quality,meal_recommendation,workout_recommendation,fitness_level_class,predicted_weight,workout_exercises,meal_highlights,fitness_guidance
52.04,763.28,veg,none,,maintenance,84,beginner,low,68.52,3092.49,6,8349.84,20.45,87.58,0,average,Veggie Brown Rice Plate,Mobility and Core Flow,beginner,69.74,Cat-Cow Stretch|World's Greatest Stretch|Side Plank|Bird Dog|Glute Bridge March,Brown rice with mixed vegetables and legumes.,"Focus on form, 3 sessions/week, and progressive consistency."
31.39,670.59,non_veg,nut_allergy|shellfish_allergy,,muscle,73,intermediate,low,101.93,2442.29,9,4113.97,33.91,92.62,2,good,Lean Chicken Veg Plate,Upper Lower Strength Split,beginner,102.73,Barbell Bench Press|Romanian Deadlift|Lat Pulldown|Walking Lunges|Dumbbell Shoulder Press,Shellfish-free lean chicken and vegetable plate.,"Focus on form, 3 sessions/week, and progressive consistency."
21.61,308.1,veg,none,,muscle,44,advanced,low,68.59,2363.05,18,16922.85,24.66,77.78,0,good,Tofu Power Bowl,Push Pull Legs Intense,beginner,68.98,Barbell Back Squat|Bench Press|Bent-Over Row|Overhead Press|Conventional Deadlift,"Balanced tofu bowl with quinoa, greens, and seeds.","Focus on form, 3 sessions/week, and progressive consistency."
19.63,341.18,non_veg,none,,maintenance,32,advanced,high,112.38,1338.61,16,8945.87,34.2,84.16,3,average,Turkey Rice Bowl,Hybrid Endurance Strength,beginner,109.0,Front Squat|Pull-Ups|Farmer Carry|Stationary Bike Intervals|Hanging Knee Raises,Lean turkey with rice and roasted vegetables.,"Focus on form, 3 sessions/week, and progressive consistency."
31.56,284.29,veg,shellfish_allergy,,fat_loss,31,beginner,moderate,76.9,1556.66,18,11525.69,31.45,73.58,10,average,Low-Cal Veg Soup,HIIT Starter Circuit,intermediate,75.1,High Knees|Bodyweight Squats|Burpees|Plank Shoulder Taps|Alternating Reverse Lunges,Low-calorie vegetable soup for fat-loss support.,Use progressive overload and mix strength with conditioning.
34.29,702.45,non_veg,none,,muscle,36,intermediate,moderate,113.27,2259.31,8,14882.66,17.61,92.77,9,average,Chicken Quinoa Plate,Upper Lower Strength Split,intermediate,112.84,Barbell Bench Press|Romanian Deadlift|Lat Pulldown|Walking Lunges|Dumbbell Shoulder Press,Lean chicken with quinoa and mixed vegetables.,Use progressive overload and mix strength with conditioning.
20.3,898.59,non_veg,nut_allergy,,fat_loss,47,beginner,moderate,107.9,1701.29,2,9157.51,21.51,92.75,6,good,Grilled Fish Salad,HIIT Starter Circuit,intermediate,107.37,High Knees|Bodyweight Squats|Burpees|Plank Shoulder Taps|Alternating Reverse Lunges,Omega-rich fish with fresh vegetables and olive oil.,Use progressive overload and mix strength with conditioning.
46.55,602.73,veg,none,,maintenance,26,intermediate,moderate,61.84,2504.11,7,3189.53,27.47,58.14,12,average,Veggie Brown Rice Plate,Strength and Cardio Mix,advanced,62.13,Dumbbell Squat to Press|Assault Bike|Seated Cable Row|Step-Ups|Russian Twists,Brown rice with mixed vegetables and legumes.,"Periodize training, recover well, and target performance blocks."
27.32,771.8,veg,soy_allergy,,maintenance,82,beginner,moderate,48.5,2992.01,22,7755.86,30.31,48.57,10,average,Veggie Brown Rice Plate,Mobility and Core Flow,intermediate,50.76,Cat-Cow Stretch|World's Greatest Stretch|Side Plank|Bird Dog|Glute Bridge March,Brown rice with mixed vegetables and legumes.,Use progressive overload and mix strength with conditioning.
30.24,705.41,non_veg,nut_allergy|soy_allergy,,maintenance,59,beginner,moderate,115.86,2941.31,24,5996.88,27.47,83.46,10,poor,Turkey Rice Bowl,Mobility and Core Flow,beginner,117.84,Cat-Cow Stretch|World's Greatest Stretch|Side Plank|Bird Dog|Glute Bridge March,Lean turkey with rice and roasted vegetables.,"Focus on form, 3 sessions/week, and progressive consistency."
42.32,871.92,non_veg,none,,muscle,33,intermediate,low,48.98,2441.54,15,13437.15,35.92,60.53,10,average,High-Protein Grilled Chicken,Upper Lower Strength Split,beginner,49.65,Barbell Bench Press|Romanian Deadlift|Lat Pulldown|Walking Lunges|Dumbbell Shoulder Press,High-protein grilled chicken with vegetables.,"Focus on form, 3 sessions/week, and progressive consistency."
35.18,607.83,non_veg,none,,muscle,20,beginner,low,82.47,2656.85,18,16719.98,29.9,75.96,0,good,Chicken Quinoa Plate,Express Bodyweight Burner,beginner,83.25,Jumping Jacks|Push-Ups|Air Squats|Mountain Climbers|Plank Hold,Lean chicken with quinoa and mixed vegetables.,"Focus on form, 3 sessions/week, and progressive consistency."
32.18,330.63,non_veg,none,,maintenance,80,intermediate,high,77.83,2454.83,19,12787.96,22.03,51.19,7,poor,Turkey Rice Bowl,Strength and Cardio Mix,intermediate,76.38,Dumbbell Squat to Press|Assault Bike|Seated Cable Row|Step-Ups|Russian Twists,Lean turkey with rice and roasted vegetables.,Use progressive overload and mix strength with conditioning.
22.46,892.09,veg,none,,fat_loss,28,intermediate,moderate,82.2,1695.98,3,11250.85,32.16,73.81,11,good,Lentil Greens Salad,Metabolic Conditioning,intermediate,82.61,Kettlebell Swings|Thrusters|Rowing Intervals|Box Step-Ups|Battle Ropes,High-fiber lentils with leafy greens and lemon dressing.,Use progressive overload and mix strength with conditioning.
52.22,332.39,non_veg,shellfish_allergy,,maintenance,38,advanced,moderate,58.85,2952.96,12,10917.69,29.06,92.94,9,poor,Lean Chicken Veg Plate,Hybrid Endurance Strength,beginner,59.66,Front Squat|Pull-Ups|Farmer Carry|Stationary Bike Intervals|Hanging Knee Raises,Shellfish-free lean chicken and vegetable plate.,"Focus on form, 3 sessions/week, and progressive consistency."
53.4,283.16,non_veg,egg_allergy|soy_allergy,,muscle,57,beginner,moderate,88.82,2657.83,11,16135.22,32.82,73.42,6,average,High-Protein Grilled Chicken,Full Body Strength Basics,beginner,88.77,Goblet Squat|Incline Push-Up|Dumbbell Row|Hip Bridge|Dead Bug,High-protein grilled chicken with vegetables.,"Focus on form, 3 sessions/week, and progressive consistency."
40.05,257.11,non_veg,none,,fat_loss,77,intermediate,low,70.21,2256.27,14,4072.81,23.55,91.37,10,average,Turkey Lettuce Wrap,Metabolic Conditioning,beginner,71.85,Kettlebell Swings|Thrusters|Rowing Intervals|Box Step-Ups|Battle Ropes,Low-calorie turkey wraps with crunchy lettuce.,"Focus on form, 3 sessions/week, and progressive consistency."
14.16,351.14,veg,egg_allergy|shellfish_allergy,,maintenance,81,intermediate,moderate,71.77,2743.17,11,4114.8,28.82,68.51,8,poor,Chickpea Spinach Stir Fry,Strength and Cardio Mix,beginner,72.09,Dumbbell Squat to Press|Assault Bike|Seated Cable Row|Step-Ups|Russian Twists,Plant-protein chickpeas with sauteed spinach.,"Focus on form, 3 sessions/week, and progressive consistency."
43.51,325.66,non_veg,none,,maintenance,33,intermediate,moderate,99.65,1746.67,4,14223.97,34.36,68.36,12,average,Turkey Rice Bowl,Strength and Cardio Mix,intermediate,99.69,Dumbbell Squat to Press|Assault Bike|Seated Cable Row|Step-Ups|Russian Twists,Lean turkey with rice and roasted vegetables.,Use progressive overload and mix strength with conditioning.
53.64,265.58,non_veg,none,,fat_loss,74,beginner,moderate,102.57,2371.27,13,14417.1,29.75,87.62,12,good,Turkey Lettuce Wrap,HIIT Starter Circuit,intermediate,103.15,High Knees|Bodyweight Squats|Burpees|Plank Shoulder Taps|Alternating Reverse Lunges,Low-calorie turkey wraps with crunchy lettuce.,Use progressive overload and mix strength with conditioning.
37.38,719.07,veg,lactose_intolerance,,muscle,35,beginner,low,106.05,2668.66,14,11656.07,23.68,91.9,3,average,Dairy-Free Protein Bowl,Full Body Strength Basics,beginner,106.4,Goblet Squat|Incline Push-Up|Dumbbell Row|Hip Bridge|Dead Bug,Lactose-safe protein meal without milk products.,"Focus on form, 3 sessions/week, and progressive consistency."
20.81,520.86,non_veg,none,,fat_loss,45,intermediate,moderate,60.76,2589.35,3,16898.14,34.19,74.82,6,average,Grilled Fish Salad,Metabolic Conditioning,beginner,61.14,Kettlebell Swings|Thrusters|Rowing Intervals|Box Step-Ups|Battle Ropes,Omega-rich fish with fresh vegetables and olive oil.,"Focus on form, 3 sessions/week, and progressive consistency."
26.2,308.49,non_veg,egg_allergy,,maintenance,76,advanced,moderate,79.45,3152.89,11,3685.31,33.28,85.41,8,good,Turkey Rice Bowl,Hybrid Endurance Strength,intermediate,81.85,Front Squat|Pull-Ups|Farmer Carry|Stationary Bike Intervals|Hanging Knee Raises,Lean turkey with rice and roasted vegetables.,Use progressive overload and mix strength with conditioning.
12.69,469.47,non_veg,none,,maintenance,49,intermediate,moderate,83.46,1811.52,6,14736.63,17.68,85.31,8,good,Turkey Rice Bowl,Strength and Cardio Mix,intermediate,82.58,Dumbbell Squat to Press|Assault Bike|Seated Cable Row|Step-Ups|Russian Twists,Lean turkey with rice and roasted vegetables.,Use progressive overload and mix strength with conditioning.
26.02,565.11,veg,gluten_intolerance|lactose_intolerance,,muscle,47,intermediate,low,93.2,2409.04,5,13616.63,23.01,76.0,0,poor,Dairy-Free Protein Bowl,Upper Lower Strength Split,beginner,93.27,Barbell Bench Press|Romanian Deadlift|Lat Pulldown|Walking Lunges|Dumbbell Shoulder Press,Lactose-safe protein meal without milk products.,"Focus on form, 3 sessions/week, and progressive consistency."
26.57,449.05,non_veg,none,,fat_loss,37,beginner,high,89.07,3142.67,19,16550.99,25.37,93.07,11,good,Grilled Fish Salad,Sprint Interval Circuit,advanced,87.86,Treadmill Sprint|Walking Recovery|Jump Squats|Push-Up to T Rotation|Plank Knee Drive,Omega-rich fish with fresh vegetables and olive oil.,"Periodize training, recover well, and target performance blocks."
52.12,446.83,non_veg,none,,muscle,41,intermediate,moderate,84.31,1809.85,21,13844.28,32.9,74.21,2,average,High-Protein Grilled Chicken,Upper Lower Strength Split,beginner,82.57,Barbell Bench Press|Romanian Deadlift|Lat Pulldown|Walking Lunges|Dumbbell Shoulder Press,High-protein grilled chicken with vegetables.,"Focus on form, 3 sessions/week, and progressive consistency."
22.05,524.35,non_veg,egg_allergy,,fat_loss,88,intermediate,low,95.29,1418.25,18,14624.82,19.53,64.79,0,good,Grilled Fish Salad,Metabolic Conditioning,beginner,93.56,Kettlebell Swings|Thrusters|Rowing Intervals|Box Step-Ups|Battle Ropes,Omega-rich fish with fresh vegetables and olive oil.,"Focus on form, 3 sessions/week, and progressive consistency."
34.23,653.38,non_veg,none,,fat_loss,89,intermediate,low,104.2,2608.58,20,6583.71,33.5,92.66,12,average,Grilled Fish Salad,Metabolic Conditioning,beginner,106.84,Kettlebell Swings|Thrusters|Rowing Intervals|Box Step-Ups|Battle Ropes,Omega-rich fish with fresh vegetables and olive oil.,"Focus on form, 3 sessions/week, and progressive consistency."
32.17,627.57,veg,none,,fat_loss,73,intermediate,moderate,66.13,2877.55,9,14862.55,20.82,64.7,1,average,Lentil Greens Salad,Metabolic Conditioning,intermediate,66.68,Kettlebell Swings|Thrusters|Rowing Intervals|Box Step-Ups|Battle Ropes,High-fiber lentils with leafy greens and lemon dressing.,Use progressive overload and mix strength with conditioning.
43.66,578.07,non_veg,none,,fat_loss,38,intermediate,moderate,57.72,1716.82,3,3580.42,24.78,79.92,3,poor,Grilled Fish Salad,Metabolic Conditioning,beginner,57.87,Kettlebell Swings|Thrusters|Rowing Intervals|Box Step-Ups|Battle Ropes,Omega-rich fish with fresh vegetables and olive oil.,"Focus on form, 3 sessions/week, and progressive consistency."
44.1,785.48,veg,egg_allergy|gluten_intolerance,,fat_loss,37,intermediate,moderate,98.63,2514.13,23,14414.04,23.14,71.65,2,average,Quinoa Vegetable Plate,Metabolic Conditioning,beginner,97.85,Kettlebell Swings|Thrusters|Rowing Intervals|Box Step-Ups|Battle Ropes,Gluten-aware quinoa plate with seasonal vegetables.,"Focus on form, 3 sessions/week, and progressive consistency."
49.33,534.93,non_veg,none,,maintenance,73,intermediate,moderate,110.27,2689.04,21,14363.33,25.69,64.89,9,good,Turkey Rice Bowl,Strength and Cardio Mix,advanced,110.39,Dumbbell Squat to Press|Assault Bike|Seated Cable Row|Step-Ups|Russian Twists,Lean turkey with rice and roasted vegetables.,"Periodize training, recover well, and target performance blocks."
19.19,359.34,veg,none,,maintenance,33,beginner,moderate,97.65,1684.09,17,16276.39,23.4,84.96,1,good,Veggie Brown Rice Plate,Mobility and Core Flow,beginner,95.0,Cat-Cow Stretch|World's Greatest Stretch|Side Plank|Bird Dog|Glute Bridge March,Brown rice with mixed vegetables and legumes.,"Focus on form, 3 sessions/week, and progressive consistency."
39.51,825.07,non_veg,none,,fat_loss,38,intermediate,moderate,100.79,3087.71,7,16199.25,35.22,87.01,11,good,Grilled Fish Salad,Metabolic Conditioning,intermediate,100.93,Kettlebell Swings|Thrusters|Rowing Intervals|Box Step-Ups|Battle Ropes,Omega-rich fish with fresh vegetables and olive oil.,Use progressive overload and mix strength with conditioning.
29.51,466.28,veg,none,,muscle,53,advanced,low,52.26,2698.51,21,14872.88,22.05,63.81,9,poor,Tofu Power Bowl,Push Pull Legs Intense,intermediate,53.49,Barbell Back Squat|Bench Press|Bent-Over Row|Overhead Press|Conventional Deadlift,"Balanced tofu bowl with quinoa, greens, and seeds.",Use progressive overload and mix strength with conditioning.
52.98,475.82,non_veg,none,,muscle,30,beginner,high,96.91,2900.24,4,2594.38,33.25,88.77,0,good,High-Protein Grilled Chicken,Full Body Strength Basics,beginner,96.99,Goblet Squat|Incline Push-Up|Dumbbell Row|Hip Bridge|Dead Bug,High-protein grilled chicken with vegetables.,"Focus on form, 3 sessions/week, and progressive consistency."
23.12,264.81,veg,none,,fat_loss,65,beginner,low,93.7,2985.48,10,7361.6,34.91,62.67,3,poor,Low-Cal Veg Soup,HIIT Starter Circuit,beginner,95.57,High Knees|Bodyweight Squats|Burpees|Plank Shoulder Taps|Alternating Reverse Lunges,Low-calorie vegetable soup for fat-loss support.,"Focus on form, 3 sessions/week, and progressive consistency."
15.58,416.04,veg,gluten_intolerance,,muscle,64,intermediate,low,66.57,3160.43,6,4751.67,25.62,81.81,1,good,Quinoa Vegetable Plate,Upper Lower Strength Split,beginner,68.14,Barbell Bench Press|Romanian Deadlift|Lat Pulldown|Walking Lunges|Dumbbell Shoulder Press,Gluten-aware quinoa plate with seasonal vegetables.,"Focus on form, 3 sessions/week, and progressive consistency."
47.21,526.99,non_veg,none,,fat_loss,22,beginner,low,111.62,2423.11,14,14008.56,26.02,81.11,11,average,Grilled Fish Salad,Express Bodyweight Burner,intermediate,112.39,Jumping Jacks|Push-Ups|Air Squats|Mountain Climbers|Plank Hold,Omega-rich fish with fresh vegetables and olive oil.,Use progressive overload and mix strength with conditioning.
32.32,280.41,veg,none,,maintenance,44,advanced,moderate,89.83,2598.54,7,14408.94,17.68,77.33,5,good,Veggie Brown Rice Plate,Hybrid Endurance Strength,intermediate,89.37,Front Squat|Pull-Ups|Farmer Carry|Stationary Bike Intervals|Hanging Knee Raises,Brown rice with mixed vegetables and legumes.,Use progressive overload and mix strength with conditioning.
37.1,807.13,non_veg,lactose_intolerance,,fat_loss,83,intermediate,moderate,90.04,2602.64,20,3583.61,35.21,48.47,11,good,Grilled Fish Salad,Metabolic Conditioning,intermediate,91.16,Kettlebell Swings|Thrusters|Rowing Intervals|Box Step-Ups|Battle Ropes,Omega-rich fish with fresh vegetables and olive oil.,Use progressive overload and mix strength with conditioning.
39.2,712.14,veg,none,,fat_loss,55,intermediate,moderate,108.75,1956.51,7,2708.44,18.57,52.61,4,average,Lentil Greens Salad,Metabolic Conditioning,intermediate,109.07,Kettlebell Swings|Thrusters|Rowing Intervals|Box Step-Ups|Battle Ropes,High-fiber lentils with leafy greens and lemon dressing.,Use progressive overload and mix strength with conditioning.
25.23,611.47,veg,lactose_intolerance,,fat_loss,60,intermediate,moderate,106.07,1479.95,22,10808.46,19.82,63.37,1,poor,Lentil Greens Salad,Metabolic Conditioning,beginner,102.6,Kettlebell Swings|Thrusters|Rowing Intervals|Box Step-Ups|Battle Ropes,High-fiber lentils with leafy greens and lemon dressing.,"Focus on form, 3 sessions/week, and progressive consistency."
51.8,436.63,non_veg,none,,muscle,78,advanced,moderate,79.42,1843.42,21,2828.15,32.12,57.92,0,average,High-Protein Grilled Chicken,Volume Hypertrophy Session,beginner,79.4,Leg Press|Incline Dumbbell Press|Chest-Supported Row|Seated Leg Curl|Cable Lateral Raise,High-protein grilled chicken with vegetables.,"Focus on form, 3 sessions/week, and progressive consistency."
19.0,695.36,veg,none,,muscle,23,beginner,moderate,55.27,1382.36,7,13427.68,27.48,62.81,4,average,Tofu Power Bowl,Express Bodyweight Burner,intermediate,54.68,Jumping Jacks|Push-Ups|Air Squats|Mountain Climbers|Plank Hold,"Balanced tofu bowl with quinoa, greens, and seeds.",Use progressive overload and mix strength with conditioning.
13.19,629.02,non_veg,none,,fat_loss,61,beginner,moderate,116.34,3166.81,19,3998.55,26.02,67.9,3,average,Grilled Fish Salad,HIIT Starter Circuit,beginner,119.93,High Knees|Bodyweight Squats|Burpees|Plank Shoulder Taps|Alternating Reverse Lunges,Omega-rich fish with fresh vegetables and olive oil.,"Focus on form, 3 sessions/week, and progressive consistency."
35.22,643.0,veg,shellfish_allergy,,fat_loss,52,intermediate,low,108.71,1624.9,5,5191.22,20.89,84.19,10,poor,Lentil Greens Salad,Metabolic Conditioning,beginner,108.28,Kettlebell Swings|Thrusters|Rowing Intervals|Box Step-Ups|Battle Ropes,High-fiber lentils with leafy greens and lemon dressing.,"Focus on form, 3 sessions/week, and progressive consistency."
18.83,516.96,veg,none,,muscle,36,advanced,moderate,106.12,2926.74,4,9068.06,25.69,48.78,12,poor,Tofu Power Bowl,Push Pull Legs Intense,intermediate,106.18,Barbell Back Squat|Bench Press|Bent-Over Row|Overhead Press|Conventional Deadlift,"Balanced tofu bowl with quinoa, greens, and seeds.",Use progressive overload and mix strength with conditioning.
38.41,854.56,veg,none,,fat_loss,26,intermediate,low,99.28,3081.32,12,6942.48,22.82,53.26,10,average,Lentil Greens Salad,Metabolic Conditioning,intermediate,101.55,Kettlebell Swings|Thrusters|Rowing Intervals|Box Step-Ups|Battle Ropes,High-fiber lentils with leafy greens and lemon dressing.,Use progressive overload and mix strength with conditioning.
31.71,553.28,veg,soy_allergy,,maintenance,75,intermediate,moderate,116.67,2933.76,17,7625.42,32.48,80.45,8,good,Veggie Brown Rice Plate,Strength and Cardio Mix,intermediate,118.23,Dumbbell Squat to Press|Assault Bike|Seated Cable Row|Step-Ups|Russian Twists,Brown rice with mixed vegetables and legumes.,Use progressive overload and mix strength with conditioning.
21.75,433.73,non_veg,none,,fat_loss,86,beginner,low,95.21,1998.25,3,13353.5,26.77,66.14,5,good,Grilled Fish Salad,HIIT Starter Circuit,intermediate,95.21,High Knees|Bodyweight Squats|Burpees|Plank Shoulder Taps|Alternating Reverse Lunges,Omega-rich fish with fresh vegetables and olive oil.,Use progressive overload and mix strength with conditioning.
34.72,533.87,veg,egg_allergy,,maintenance,39,beginner,moderate,64.99,2303.93,16,12942.95,29.02,53.9,11,average,Chickpea Spinach Stir Fry,Mobility and Core Flow,intermediate,64.7,Cat-Cow Stretch|World's Greatest Stretch|Side Plank|Bird Dog|Glute Bridge March,Plant-protein chickpeas with sauteed spinach.,Use progressive overload and mix strength with conditioning.
29.31,414.14,non_veg,lactose_intolerance,,maintenance,43,intermediate,low,104.55,2355.0,19,7775.64,24.89,89.18,12,average,Turkey Rice Bowl,Strength and Cardio Mix,intermediate,106.96,Dumbbell Squat to Press|Assault Bike|Seated Cable Row|Step-Ups|Russian Twists,Lean turkey with rice and roasted vegetables.,Use progressive overload and mix strength with conditioning.
39.74,728.43,veg,egg_allergy,,muscle,74,beginner,moderate,84.19,2037.62,15,10173.07,24.66,63.49,9,average,Chickpea Spinach Stir Fry,Full Body Strength Basics,intermediate,83.2,Goblet Squat|Incline Push-Up|Dumbbell Row|Hip Bridge|Dead Bug,Plant-protein chickpeas with sauteed spinach.,Use progressive overload and mix strength with conditioning.
22.97,271.1,veg,none,,muscle,89,intermediate,high,116.05,2655.32,17,7661.09,19.79,74.8,4,average,Tofu Power Bowl,Volume Hypertrophy Session,intermediate,115.68,Leg Press|Incline Dumbbell Press|Chest-Supported Row|Seated Leg Curl|Cable Lateral Raise,"Balanced tofu bowl with quinoa, greens, and seeds.",Use progressive overload and mix strength with conditioning.
16.98,764.69,non_veg,lactose_intolerance,,maintenance,38,intermediate,moderate,90.66,2048.63,5,4932.8,26.8,93.7,0,average,Turkey Rice Bowl,Strength and Cardio Mix,beginner,89.99,Dumbbell Squat to Press|Assault Bike|Seated Cable Row|Step-Ups|Russian Twists,Lean turkey with rice and roasted vegetables.,"Focus on form, 3 sessions/week, and progressive consistency."
28.85,482.04,veg,lactose_intolerance|shellfish_allergy,,maintenance,51,advanced,high,62.62,2651.58,3,3033.28,24.09,59.3,2,average,Veggie Brown Rice Plate,Hybrid Endurance Strength,intermediate,63.27,Front Squat|Pull-Ups|Farmer Carry|Stationary Bike Intervals|Hanging Knee Raises,Brown rice with mixed vegetables and legumes.,Use progressive overload and mix strength with conditioning.
16.78,459.05,veg,none,,fat_loss,83,intermediate,high,89.85,2197.3,22,4062.8,18.12,67.0,8,average,Lentil Greens Salad,Sprint Interval Circuit,advanced,89.17,Treadmill Sprint|Walking Recovery|Jump Squats|Push-Up to T Rotation|Plank Knee Drive,High-fiber lentils with leafy greens and lemon dressing.,"Periodize training, recover well, and target performance blocks."
44.62,291.84,non_veg,lactose_intolerance,,fat_loss,66,beginner,moderate,77.23,2395.69,10,11450.53,19.25,55.29,5,average,Turkey Lettuce Wrap,HIIT Starter Circuit,intermediate,76.63,High Knees|Bodyweight Squats|Burpees|Plank Shoulder Taps|Alternating Reverse Lunges,Low-calorie turkey wraps with crunchy lettuce.,Use progressive overload and mix strength with conditioning.
16.63,302.35,non_veg,none,,muscle,31,intermediate,moderate,82.31,2693.76,7,10116.09,33.44,71.08,9,poor,Chicken Quinoa Plate,Upper Lower Strength Split,beginner,83.23,Barbell Bench Press|Romanian Deadlift|Lat Pulldown|Walking Lunges|Dumbbell Shoulder Press,Lean chicken with quinoa and mixed vegetables.,"Focus on form, 3 sessions/week, and progressive consistency."
36.98,654.85,non_veg,shellfish_allergy|soy_allergy,,maintenance,21,beginner,low,61.82,2469.54,7,5364.91,33.48,74.69,7,poor,Lean Chicken Veg Plate,Express Bodyweight Burner,beginner,63.2,Jumping Jacks|Push-Ups|Air Squats|Mountain Climbers|Plank Hold,Shellfish-free lean chicken and vegetable plate.,"Focus on form, 3 sessions/week, and progressive consistency."
26.96,813.84,veg,none,,muscle,68,beginner,moderate,97.75,2316.87,2,15531.65,34.87,72.82,1,average,Tofu Power Bowl,Full Body Strength Basics,beginner,97.02,Goblet Squat|Incline Push-Up|Dumbbell Row|Hip Bridge|Dead Bug,"Balanced tofu bowl with quinoa, greens, and seeds.","Focus on form, 3 sessions/week, and progressive consistency."
39.65,663.4,veg,none,,fat_loss,64,intermediate,moderate,51.16,2440.45,15,15835.28,24.75,75.21,1,average,Lentil Greens Salad,Metabolic Conditioning,beginner,50.21,Kettlebell Swings|Thrusters|Rowing Intervals|Box Step-Ups|Battle Ropes,High-fiber lentils with leafy greens and lemon dressing.,"Focus on form, 3 sessions/week, and progressive consistency."
53.43,432.67,veg,none,,fat_loss,80,beginner,moderate,98.28,1942.37,22,11637.26,18.05,92.26,11,poor,Lentil Greens Salad,HIIT Starter Circuit,beginner,96.4,High Knees|Bodyweight Squats|Burpees|Plank Shoulder Taps|Alternating Reverse Lunges,High-fiber lentils with leafy greens and lemon dressing.,"Focus on form, 3 sessions/week, and progressive consistency."
13.21,405.0,non_veg,none,,fat_loss,62,beginner,low,75.32,1810.12,24,8418.54,31.55,69.77,9,average,Grilled Fish Salad,HIIT Starter Circuit,beginner,75.33,High Knees|Bodyweight Squats|Burpees|Plank Shoulder Taps|Alternating Reverse Lunges,Omega-rich fish with fresh vegetables and olive oil.,"Focus on form, 3 sessions/week, and progressive consistency."
32.81,293.04,non_veg,none,,fat_loss,65,intermediate,moderate,96.28,2048.56,15,11423.44,25.44,57.25,6,good,Turkey Lettuce Wrap,Metabolic Conditioning,intermediate,95.42,Kettlebell Swings|Thrusters|Rowing Intervals|Box Step-Ups|Battle Ropes,Low-calorie turkey wraps with crunchy lettuce.,Use progressive overload and mix strength with conditioning.
44.77,403.74,non_veg,none,,fat_loss,54,intermediate,moderate,61.39,1623.04,15,11599.32,24.16,84.35,7,average,Grilled Fish Salad,Metabolic Conditioning,intermediate,60.15,Kettlebell Swings|Thrusters|Rowing Intervals|Box Step-Ups|Battle Ropes,Omega-rich fish with fresh vegetables and olive oil.,Use progressive overload and mix strength with conditioning.
30.69,807.22,non_veg,egg_allergy,,maintenance,46,intermediate,moderate,89.83,1842.29,23,12985.73,25.53,93.01,3,poor,Turkey Rice Bowl,Strength and Cardio Mix,beginner,87.17,Dumbbell Squat to Press|Assault Bike|Seated Cable Row|Step-Ups|Russian Twists,Lean turkey with rice and roasted vegetables.,"Focus on form, 3 sessions/week, and progressive consistency."
32.81,842.57,veg,gluten_intolerance|nut_allergy,,muscle,55,beginner,high,55.79,2862.18,15,6811.22,27.63,85.8,6,average,Quinoa Vegetable Plate,Full Body Strength Basics,intermediate,55.81,Goblet Squat|Incline Push-Up|Dumbbell Row|Hip Bridge|Dead Bug,Gluten-aware quinoa plate with seasonal vegetables.,Use progressive overload and mix strength with conditioning.
42.17,381.76,non_veg,soy_allergy,,maintenance,27,advanced,high,85.35,1898.13,24,9098.91,23.77,77.41,10,average,Turkey Rice Bowl,Hybrid Endurance Strength,advanced,82.33,Front Squat|Pull-Ups|Farmer Carry|Stationary Bike Intervals|Hanging Knee Raises,Lean turkey with rice and roasted vegetables.,"Periodize training, recover well, and target performance blocks."
49.96,291.75,non_veg,nut_allergy,,muscle,24,beginner,moderate,74.04,1564.35,5,6947.61,18.15,50.07,8,good,High-Protein Grilled Chicken,Express Bodyweight Burner,advanced,73.9,Jumping Jacks|Push-Ups|Air Squats|Mountain Climbers|Plank Hold,High-protein grilled chicken with vegetables.,"Periodize training, recover well, and target performance blocks."
15.73,464.19,veg,none,,maintenance,29,beginner,moderate,117.34,1651.84,15,16122.09,21.38,84.89,8,poor,Veggie Brown Rice Plate,Mobility and Core Flow,intermediate,115.37,Cat-Cow Stretch|World's Greatest Stretch|Side Plank|Bird Dog|Glute Bridge March,Brown rice with mixed vegetables and legumes.,Use progressive overload and mix strength with conditioning.
46.65,690.35,veg,egg_allergy,,maintenance,20,beginner,high,48.76,1406.81,18,4473.39,18.77,92.06,6,average,Chickpea Spinach Stir Fry,Express Bodyweight Burner,intermediate,45.79,Jumping Jacks|Push-Ups|Air Squats|Mountain Climbers|Plank Hold,Plant-protein chickpeas with sauteed spinach.,Use progressive overload and mix strength with conditioning.
23.51,790.12,non_veg,soy_allergy,,maintenance,72,intermediate,high,74.31,2100.59,21,13778.86,30.79,67.26,3,average,Turkey Rice Bowl,Strength and Cardio Mix,intermediate,72.26,Dumbbell Squat to Press|Assault Bike|Seated Cable Row|Step-Ups|Russian Twists,Lean turkey with rice and roasted vegetables.,Use progressive overload and mix strength with conditioning.
13.65,290.14,veg,none,,maintenance,29,advanced,low,72.13,2363.76,16,16639.63,23.3,92.32,5,poor,Veggie Brown Rice Plate,Hybrid Endurance Strength,beginner,71.93,Front Squat|Pull-Ups|Farmer Carry|Stationary Bike Intervals|Hanging Knee Raises,Brown rice with mixed vegetables and legumes.,"Focus on form, 3 sessions/week, and progressive consistency."
49.89,890.63,veg,none,,maintenance,57,advanced,low,83.1,3170.32,19,6881.0,22.95,80.54,10,good,Veggie Brown Rice Plate,Hybrid Endurance Strength,intermediate,86.61,Front Squat|Pull-Ups|Farmer Carry|Stationary Bike Intervals|Hanging Knee Raises,Brown rice with mixed vegetables and legumes.,Use progressive overload and mix strength with conditioning.
37.25,810.69,non_veg,shellfish_allergy,,fat_loss,21,intermediate,low,101.7,1839.79,13,8543.99,30.49,81.27,11,average,Lean Chicken Veg Plate,Express Bodyweight Burner,beginner,102.68,Jumping Jacks|Push-Ups|Air Squats|Mountain Climbers|Plank Hold,Shellfish-free lean chicken and vegetable plate.,"Focus on form, 3 sessions/week, and progressive consistency."
45.52,769.6,non_veg,none,,maintenance,63,intermediate,high,95.52,1821.55,21,8216.38,20.42,51.27,0,poor,Turkey Rice Bowl,Strength and Cardio Mix,intermediate,93.12,Dumbbell Squat to Press|Assault Bike|Seated Cable Row|Step-Ups|Russian Twists,Lean turkey with rice and roasted vegetables.,Use progressive overload and mix strength with conditioning.
49.21,290.24,veg,lactose_intolerance,,maintenance,25,beginner,moderate,82.51,3059.86,11,5026.9,24.75,67.74,8,good,Veggie Brown Rice Plate,Express Bodyweight Burner,advanced,84.36,Jumping Jacks|Push-Ups|Air Squats|Mountain Climbers|Plank Hold,Brown rice with mixed vegetables and legumes.,"Periodize training, recover well, and target performance blocks."
50.3,335.18,non_veg,none,,fat_loss,38,beginner,high,103.74,1676.78,8,5236.43,24.63,68.69,6,good,Turkey Lettuce Wrap,Sprint Interval Circuit,advanced,102.96,Treadmill Sprint|Walking Recovery|Jump Squats|Push-Up to T Rotation|Plank Knee Drive,Low-calorie turkey wraps with crunchy lettuce.,"Periodize training, recover well, and target performance blocks."
45.89,290.15,non_veg,egg_allergy,,fat_loss,66,advanced,moderate,59.89,2987.04,17,8822.45,27.62,53.9,12,poor,Turkey Lettuce Wrap,Athlete HIIT Blast,intermediate,61.94,Sprint Intervals|Box Jumps|Burpee Broad Jumps|Medicine Ball Slams|Skater Hops,Low-calorie turkey wraps with crunchy lettuce.,Use progressive overload and mix strength with conditioning.
38.8,352.59,non_veg,lactose_intolerance,,maintenance,32,beginner,low,48.16,2426.24,4,16261.99,19.11,62.78,8,average,Turkey Rice Bowl,Mobility and Core Flow,intermediate,48.29,Cat-Cow Stretch|World's Greatest Stretch|Side Plank|Bird Dog|Glute Bridge March,Lean turkey with rice and roasted vegetables.,Use progressive overload and mix strength with conditioning.
30.56,726.53,veg,egg_allergy,,maintenance,34,intermediate,low,50.62,2644.75,12,16426.82,35.88,60.02,3,poor,Chickpea Spinach Stir Fry,Strength and Cardio Mix,beginner,50.26,Dumbbell Squat to Press|Assault Bike|Seated Cable Row|Step-Ups|Russian Twists,Plant-protein chickpeas with sauteed spinach.,"Focus on form, 3 sessions/week, and progressive consistency."
16.24,434.29,veg,none,,fat_loss,20,intermediate,moderate,100.86,1895.96,13,7775.37,21.99,58.03,3,poor,Lentil Greens Salad,Express Bodyweight Burner,beginner,100.19,Jumping Jacks|Push-Ups|Air Squats|Mountain Climbers|Plank Hold,High-fiber lentils with leafy greens and lemon dressing.,"Focus on form, 3 sessions/week, and progressive consistency."
33.87,474.7,veg,none,,muscle,72,intermediate,high,105.95,2356.07,13,3710.99,18.82,85.63,9,average,Tofu Power Bowl,Upper Lower Strength Split,intermediate,105.72,Barbell Bench Press|Romanian Deadlift|Lat Pulldown|Walking Lunges|Dumbbell Shoulder Press,"Balanced tofu bowl with quinoa, greens, and seeds.",Use progressive overload and mix strength with conditioning.
16.07,514.16,non_veg,none,,fat_loss,20,intermediate,moderate,111.51,2582.35,12,3458.85,31.73,53.11,8,poor,Grilled Fish Salad,Express Bodyweight Burner,beginner,112.91,Jumping Jacks|Push-Ups|Air Squats|Mountain Climbers|Plank Hold,Omega-rich fish with fresh vegetables and olive oil.,"Focus on form, 3 sessions/week, and progressive consistency."
43.07,485.16,veg,none,,muscle,81,beginner,low,79.48,2022.86,22,5232.09,31.33,75.04,8,poor,High-Protein Chickpea Stir Fry,Volume Hypertrophy Session,beginner,80.21,Leg Press|Incline Dumbbell Press|Chest-Supported Row|Seated Leg Curl|Cable Lateral Raise,High-protein chickpea meal for muscle gain.,"Focus on form, 3 sessions/week, and progressive consistency."
19.77,822.17,veg,gluten_intolerance|shellfish_allergy,,maintenance,72,intermediate,high,103.37,2272.04,4,10727.51,26.73,93.3,12,good,Quinoa Vegetable Plate,Strength and Cardio Mix,advanced,103.31,Dumbbell Squat to Press|Assault Bike|Seated Cable Row|Step-Ups|Russian Twists,Gluten-aware quinoa plate with seasonal vegetables.,"Periodize training, recover well, and target performance blocks."
45.23,451.18,veg,nut_allergy,,maintenance,53,beginner,high,106.71,1567.27,21,7221.32,22.47,79.41,4,average,Veggie Brown Rice Plate,Mobility and Core Flow,intermediate,103.55,Cat-Cow Stretch|World's Greatest Stretch|Side Plank|Bird Dog|Glute Bridge March,Brown rice with mixed vegetables and legumes.,Use progressive overload and mix strength with conditioning.
32.1,473.78,veg,none,,maintenance,81,intermediate,low,89.87,1854.35,9,4246.46,25.32,55.53,2,average,Veggie Brown Rice Plate,Strength and Cardio Mix,beginner,90.23,Dumbbell Squat to Press|Assault Bike|Seated Cable Row|Step-Ups|Russian Twists,Brown rice with mixed vegetables and legumes.,"Focus on form, 3 sessions/week, and progressive consistency."
44.41,491.83,non_veg,none,,maintenance,65,advanced,high,65.44,3197.23,22,2692.52,19.26,53.45,10,average,Turkey Rice Bowl,Hybrid Endurance Strength,advanced,67.24,Front Squat|Pull-Ups|Farmer Carry|Stationary Bike Intervals|Hanging Knee Raises,Lean turkey with rice and roasted vegetables.,"Periodize training, recover well, and target performance blocks."
24.7,881.92,veg,shellfish_allergy|soy_allergy,,muscle,55,beginner,moderate,108.36,2933.28,9,6183.47,28.75,71.17,0,good,Tofu Power Bowl,Full Body Strength Basics,beginner,110.31,Goblet Squat|Incline Push-Up|Dumbbell Row|Hip Bridge|Dead Bug,"Balanced tofu bowl with quinoa, greens, and seeds.","Focus on form, 3 sessions/week, and progressive consistency."
18.66,534.4,veg,shellfish_allergy,,muscle,47,intermediate,low,83.44,2023.29,11,4479.7,32.17,67.41,12,poor,Tofu Power Bowl,Upper Lower Strength Split,beginner,84.38,Barbell Bench Press|Romanian Deadlift|Lat Pulldown|Walking Lunges|Dumbbell Shoulder Press,"Balanced tofu bowl with quinoa, greens, and seeds.","Focus on form, 3 sessions/week, and progressive consistency."
21.83,271.07,non_veg,lactose_intolerance,,muscle,75,beginner,moderate,79.65,1849.16,5,3225.81,22.29,89.17,10,good,Dairy-Free Protein Bowl,Volume Hypertrophy Session,intermediate,79.4,Leg Press|Incline Dumbbell Press|Chest-Supported Row|Seated Leg Curl|Cable Lateral Raise,Lactose-safe protein meal without milk products.,Use progressive overload and mix strength with conditioning.
51.21,356.38,veg,none,,muscle,49,beginner,low,71.77,1354.7,2,8850.96,27.23,68.51,10,poor,High-Protein Chickpea Stir Fry,Full Body Strength Basics,beginner,71.74,Goblet Squat|Incline Push-Up|Dumbbell Row|Hip Bridge|Dead Bug,High-protein chickpea meal for muscle gain.,"Focus on form, 3 sessions/week, and progressive consistency."
32.43,355.84,veg,lactose_intolerance,,fat_loss,72,beginner,moderate,56.59,2599.14,2,11376.58,22.0,75.02,10,good,Lentil Greens Salad,HIIT Starter Circuit,advanced,57.53,High Knees|Bodyweight Squats|Burpees|Plank Shoulder Taps|Alternating Reverse Lunges,High-fiber lentils with leafy greens and lemon dressing.,"Periodize training, recover well, and target performance blocks."
12.93,882.5,veg,none,,fat_loss,47,intermediate,low,107.97,3086.09,7,5240.16,32.26,56.21,5,poor,Lentil Greens Salad,Metabolic Conditioning,beginner,109.15,Kettlebell Swings|Thrusters|Rowing Intervals|Box Step-Ups|Battle Ropes,High-fiber lentils with leafy greens and lemon dressing.,"Focus on form, 3 sessions/week, and progressive consistency."
45.61,857.87,non_veg,none,,muscle,64,beginner,high,81.67,2715.72,6,14785.52,34.39,72.15,7,good,High-Protein Grilled Chicken,Full Body Strength Basics,intermediate,81.54,Goblet Squat|Incline Push-Up|Dumbbell Row|Hip Bridge|Dead Bug,High-protein grilled chicken with vegetables.,Use progressive overload and mix strength with conditioning.
45.3,432.16,non_veg,egg_allergy|nut_allergy,,muscle,79,beginner,moderate,74.25,3100.57,11,11591.92,29.85,75.96,9,poor,High-Protein Grilled Chicken,Volume Hypertrophy Session,beginner,74.94,Leg Press|Incline Dumbbell Press|Chest-Supported Row|Seated Leg Curl|Cable Lateral Raise,High-protein grilled chicken with vegetables.,"Focus on form, 3 sessions/week, and progressive consistency."
53.14,783.62,non_veg,gluten_intolerance,,muscle,63,beginner,high,99.86,2224.65,22,12407.3,21.55,83.18,3,good,High-Protein Grilled Chicken,Full Body Strength Basics,intermediate,97.15,Goblet Squat|Incline Push-Up|Dumbbell Row|Hip Bridge|Dead Bug,High-protein grilled chicken with vegetables.,Use progressive overload and mix strength with conditioning.
44.53,386.15,veg,none,,maintenance,25,beginner,moderate,64.53,1743.48,16,6458.85,20.97,73.41,8,good,Veggie Brown Rice Plate,Express Bodyweight Burner,advanced,64.04,Jumping Jacks|Push-Ups|Air Squats|Mountain Climbers|Plank Hold,Brown rice with mixed vegetables and legumes.,"Periodize training, recover well, and target performance blocks."
49.45,665.2,veg,nut_allergy,,maintenance,49,advanced,low,99.38,1591.65,24,7080.99,18.46,50.86,9,average,Veggie Brown Rice Plate,Hybrid Endurance Strength,intermediate,98.33,Front Squat|Pull-Ups|Farmer Carry|Stationary Bike Intervals|Hanging Knee Raises,Brown rice with mixed vegetables and legumes.,Use progressive overload and mix strength with conditioning.
38.71,522.99,veg,none,,muscle,69,advanced,moderate,103.02,2810.99,15,13996.11,31.37,80.26,12,poor,Tofu Power Bowl,Push Pull Legs Intense,beginner,103.18,Barbell Back Squat|Bench Press|Bent-Over Row|Overhead Press|Conventional Deadlift,"Balanced tofu bowl with quinoa, greens, and seeds.","Focus on form, 3 sessions/week, and progressive consistency."
15.6,775.58,veg,none,,muscle,71,advanced,moderate,57.58,2834.45,21,14822.94,30.88,58.79,1,poor,Tofu Power Bowl,Push Pull Legs Intense,beginner,58.08,Barbell Back Squat|Bench Press|Bent-Over Row|Overhead Press|Conventional Deadlift,"Balanced tofu bowl with quinoa, greens, and seeds.","Focus on form, 3 sessions/week, and progressive consistency."
50.54,353.8,veg,egg_allergy,,fat_loss,80,advanced,low,113.54,1837.07,10,4799.1,28.92,92.61,3,average,Chickpea Spinach Stir Fry,Athlete HIIT Blast,beginner,114.15,Sprint Intervals|Box Jumps|Burpee Broad Jumps|Medicine Ball Slams|Skater Hops,Plant-protein chickpeas with sauteed spinach.,"Focus on form, 3 sessions/week, and progressive consistency."
43.88,253.32,veg,soy_allergy,,maintenance,29,beginner,low,96.74,1987.67,10,8629.87,21.73,89.29,12,good,Veggie Brown Rice Plate,Mobility and Core Flow,intermediate,97.07,Cat-Cow Stretch|World's Greatest Stretch|Side Plank|Bird Dog|Glute Bridge March,Brown rice with mixed vegetables and legumes.,Use progressive overload and mix strength with conditioning.
33.59,547.47,veg,gluten_intolerance,,fat_loss,85,beginner,moderate,105.96,3009.62,14,12090.07,27.62,49.53,6,poor,Quinoa Vegetable Plate,HIIT Starter Circuit,beginner,106.98,High Knees|Bodyweight Squats|Burpees|Plank Shoulder Taps|Alternating Reverse Lunges,Gluten-aware quinoa plate with seasonal vegetables.,"Focus on form, 3 sessions/week, and progressive consistency."
20.55,861.64,veg,egg_allergy|gluten_intolerance,,muscle,83,beginner,moderate,74.09,2670.49,20,9646.81,32.5,87.93,2,average,Quinoa Vegetable Plate,Volume Hypertrophy Session,beginner,74.86,Leg Press|Incline Dumbbell Press|Chest-Supported Row|Seated Leg Curl|Cable Lateral Raise,Gluten-aware quinoa plate with seasonal vegetables.,"Focus on form, 3 sessions/week, and progressive consistency."
47.53,489.17,non_veg,none,,maintenance,63,beginner,moderate,113.72,1422.74,13,5368.38,27.19,79.21,3,average,Turkey Rice Bowl,Mobility and Core Flow,beginner,112.79,Cat-Cow Stretch|World's Greatest Stretch|Side Plank|Bird Dog|Glute Bridge March,Lean turkey with rice and roasted vegetables.,"Focus on form, 3 sessions/week, and progressive consistency."
46.9,335.54,veg,none,,maintenance,48,intermediate,low,83.69,2718.82,6,12882.48,32.58,56.98,6,average,Veggie Brown Rice Plate,Strength and Cardio Mix,beginner,84.03,Dumbbell Squat to Press|Assault Bike|Seated Cable Row|Step-Ups|Russian Twists,Brown rice with mixed vegetables and legumes.,"Focus on form, 3 sessions/week, and progressive consistency."
35.84,892.3,non_veg,none,,maintenance,69,intermediate,moderate,55.39,2593.42,8,12002.04,23.8,52.98,0,poor,Turkey Rice Bowl,Strength and Cardio Mix,beginner,55.02,Dumbbell Squat to Press|Assault Bike|Seated Cable Row|Step-Ups|Russian Twists,Lean turkey with rice and roasted vegetables.,"Focus on form, 3 sessions/week, and progressive consistency."
40.31,692.43,veg,none,,fat_loss,59,advanced,low,112.27,1427.64,23,8069.68,20.95,93.69,12,average,Lentil Greens Salad,Athlete HIIT Blast,intermediate,111.34,Sprint Intervals|Box Jumps|Burpee Broad Jumps|Medicine Ball Slams|Skater Hops,High-fiber lentils with leafy greens and lemon dressing.,Use progressive overload and mix strength with conditioning.
27.52,780.33,non_veg,nut_allergy,,maintenance,78,intermediate,moderate,89.37,2046.14,9,5509.95,31.36,85.08,9,poor,Turkey Rice Bowl,Strength and Cardio Mix,beginner,88.98,Dumbbell Squat to Press|Assault Bike|Seated Cable Row|Step-Ups|Russian Twists,Lean turkey with rice and roasted vegetables.,"Focus on form, 3 sessions/week, and progressive consistency."
25.76,720.44,veg,none,,fat_loss,35,advanced,low,104.34,3197.54,14,4010.63,34.77,53.42,3,average,Lentil Greens Salad,Athlete HIIT Blast,beginner,107.65,Sprint Intervals|Box Jumps|Burpee Broad Jumps|Medicine Ball Slams|Skater Hops,High-fiber lentils with leafy greens and lemon dressing.,"Focus on form, 3 sessions/week, and progressive consistency."
20.12,462.55,veg,none,,muscle,20,advanced,moderate,74.73,2085.22,4,3628.63,30.28,90.67,6,average,Tofu Power Bowl,Express Bodyweight Burner,beginner,74.21,Jumping Jacks|Push-Ups|Air Squats|Mountain Climbers|Plank Hold,"Balanced tofu bowl with quinoa, greens, and seeds.","Focus on form, 3 sessions/week, and progressive consistency."
52.77,586.19,veg,none,,maintenance,63,intermediate,moderate,95.09,2270.69,4,10665.81,21.85,70.3,9,poor,Veggie Brown Rice Plate,Strength and Cardio Mix,intermediate,95.03,Dumbbell Squat to Press|Assault Bike|Seated Cable Row|Step-Ups|Russian Twists,Brown rice with mixed vegetables and legumes.,Use progressive overload and mix strength with conditioning.
32.62,435.39,veg,none,,maintenance,40,intermediate,low,61.55,3123.19,17,14884.46,25.7,73.99,3,average,Veggie Brown Rice Plate,Strength and Cardio Mix,beginner,63.48,Dumbbell Squat to Press|Assault Bike|Seated Cable Row|Step-Ups|Russian Twists,Brown rice with mixed vegetables and legumes.,"Focus on form, 3 sessions/week, and progressive consistency."
34.76,479.98,veg,none,,maintenance,75,beginner,high,90.81,1416.75,15,3570.36,30.08,80.09,11,poor,Veggie Brown Rice Plate,Mobility and Core Flow,intermediate,89.52,Cat-Cow Stretch|World's Greatest Stretch|Side Plank|Bird Dog|Glute Bridge March,Brown rice with mixed vegetables and legumes.,Use progressive overload and mix strength with conditioning.
38.84,775.32,non_veg,gluten_intolerance,,maintenance,36,intermediate,moderate,112.37,2083.17,16,11228.13,26.64,57.96,6,average,Chicken Quinoa Plate,Strength and Cardio Mix,intermediate,111.52,Dumbbell Squat to Press|Assault Bike|Seated Cable Row|Step-Ups|Russian Twists,Lean chicken with quinoa and mixed vegetables.,Use progressive overload and mix strength with conditioning.
35.01,878.04,non_veg,gluten_intolerance|soy_allergy,,maintenance,20,advanced,moderate,99.11,2296.7,5,13949.73,21.55,89.52,9,average,Chicken Quinoa Plate,Express Bodyweight Burner,intermediate,98.72,Jumping Jacks|Push-Ups|Air Squats|Mountain Climbers|Plank Hold,Lean chicken with quinoa and mixed vegetables.,Use progressive overload and mix strength with conditioning.
50.65,597.13,veg,lactose_intolerance,,muscle,69,advanced,low,48.84,2606.11,21,8798.59,28.85,84.9,4,average,High-Protein Chickpea Stir Fry,Push Pull Legs Intense,beginner,50.7,Barbell Back Squat|Bench Press|Bent-Over Row|Overhead Press|Conventional Deadlift,High-protein chickpea meal for muscle gain.,"Focus on form, 3 sessions/week, and progressive consistency."
14.62,723.52,veg,soy_allergy,,fat_loss,76,beginner,moderate,71.99,3067.26,3,8754.98,30.22,87.87,3,poor,Lentil Greens Salad,HIIT Starter Circuit,beginner,71.32,High Knees|Bodyweight Squats|Burpees|Plank Shoulder Taps|Alternating Reverse Lunges,High-fiber lentils with leafy greens and lemon dressing.,"Focus on form, 3 sessions/week, and progressive consistency."
52.25,318.35,veg,none,,fat_loss,72,advanced,moderate,69.39,2891.94,22,13388.34,26.18,78.95,11,good,Low-Cal Veg Soup,Athlete HIIT Blast,advanced,69.88,Sprint Intervals|Box Jumps|Burpee Broad Jumps|Medicine Ball Slams|Skater Hops,Low-calorie vegetable soup for fat-loss support.,"Periodize training, recover well, and target performance blocks."
41.51,634.64,veg,none,,maintenance,73,beginner,moderate,51.05,1902.21,14,12737.59,22.57,61.16,4,poor,Veggie Brown Rice Plate,Mobility and Core Flow,intermediate,50.29,Cat-Cow Stretch|World's Greatest Stretch|Side Plank|Bird Dog|Glute Bridge March,Brown rice with mixed vegetables and legumes.,Use progressive overload and mix strength with conditioning.
52.78,721.68,non_veg,none,,fat_loss,37,beginner,moderate,66.89,2257.29,19,15720.52,25.07,77.52,8,poor,Grilled Fish Salad,HIIT Starter Circuit,beginner,65.8,High Knees|Bodyweight Squats|Burpees|Plank Shoulder Taps|Alternating Reverse Lunges,Omega-rich fish with fresh vegetables and olive oil.,"Focus on form, 3 sessions/week, and progressive consistency."
34.13,813.1,non_veg,gluten_intolerance,,muscle,57,advanced,moderate,77.21,1944.97,19,10134.49,35.36,93.34,0,average,Chicken Quinoa Plate,Push Pull Legs Intense,beginner,76.44,Barbell Back Squat|Bench Press|Bent-Over Row|Overhead Press|Conventional Deadlift,Lean chicken with quinoa and mixed vegetables.,"Focus on form, 3 sessions/week, and progressive consistency."
25.85,727.88,veg,nut_allergy,,fat_loss,86,advanced,high,52.28,2356.44,13,5420.25,21.94,90.19,10,average,Moong Sprout Salad,Sprint Interval Circuit,advanced,52.09,Treadmill Sprint|Walking Recovery|Jump Squats|Push-Up to T Rotation|Plank Knee Drive,Nut-free sprouts salad with herbs and lime.,"Periodize training, recover well, and target performance blocks."
41.41,413.29,veg,gluten_intolerance|lactose_intolerance,,fat_loss,78,intermediate,moderate,84.27,1935.67,19,14902.39,21.93,73.54,9,good,Quinoa Vegetable Plate,Metabolic Conditioning,advanced,81.91,Kettlebell Swings|Thrusters|Rowing Intervals|Box Step-Ups|Battle Ropes,Gluten-aware quinoa plate with seasonal vegetables.,"Periodize training, recover well, and target performance blocks."
28.72,549.15,non_veg,none,,fat_loss,29,beginner,moderate,59.48,1971.29,20,9984.61,26.91,77.74,3,average,Grilled Fish Salad,HIIT Starter Circuit,beginner,59.13,High Knees|Bodyweight Squats|Burpees|Plank Shoulder Taps|Alternating Reverse Lunges,Omega-rich fish with fresh vegetables and olive oil.,"Focus on form, 3 sessions/week, and progressive consistency."
39.17,677.78,non_veg,none,,maintenance,25,intermediate,high,99.12,2031.82,20,5630.91,29.91,57.01,8,average,Turkey Rice Bowl,Express Bodyweight Burner,intermediate,97.34,Jumping Jacks|Push-Ups|Air Squats|Mountain Climbers|Plank Hold,Lean turkey with rice and roasted vegetables.,Use progressive overload and mix strength with conditioning.
51.36,540.0,non_veg,none,,maintenance,45,beginner,low,67.89,3155.97,8,5437.72,26.57,52.8,2,poor,Turkey Rice Bowl,Mobility and Core Flow,beginner,69.47,Cat-Cow Stretch|World's Greatest Stretch|Side Plank|Bird Dog|Glute Bridge March,Lean turkey with rice and roasted vegetables.,"Focus on form, 3 sessions/week, and progressive consistency."
23.15,724.79,non_veg,none,,maintenance,31,beginner,high,65.7,2686.4,21,5262.25,21.87,56.17,6,good,Turkey Rice Bowl,Mobility and Core Flow,advanced,66.09,Cat-Cow Stretch|World's Greatest Stretch|Side Plank|Bird Dog|Glute Bridge March,Lean turkey with rice and roasted vegetables.,"Periodize training, recover well, and target performance blocks."
33.98,375.74,veg,egg_allergy,,fat_loss,39,intermediate,low,56.09,2223.4,4,7284.71,32.16,57.74,6,poor,Chickpea Spinach Stir Fry,Metabolic Conditioning,beginner,56.53,Kettlebell Swings|Thrusters|Rowing Intervals|Box Step-Ups|Battle Ropes,Plant-protein chickpeas with sauteed spinach.,"Focus on form, 3 sessions/week, and progressive consistency."
50.57,334.32,non_veg,gluten_intolerance,,muscle,76,beginner,moderate,97.35,2542.25,16,6927.95,26.9,82.58,8,average,High-Protein Grilled Chicken,Volume Hypertrophy Session,intermediate,97.63,Leg Press|Incline Dumbbell Press|Chest-Supported Row|Seated Leg Curl|Cable Lateral Raise,High-protein grilled chicken with vegetables.,Use progressive overload and mix strength with conditioning.
40.16,760.79,veg,egg_allergy,,maintenance,35,intermediate,high,63.95,1844.54,17,13553.76,19.34,71.58,5,poor,Chickpea Spinach Stir Fry,Strength and Cardio Mix,intermediate,61.18,Dumbbell Squat to Press|Assault Bike|Seated Cable Row|Step-Ups|Russian Twists,Plant-protein chickpeas with sauteed spinach.,Use progressive overload and mix strength with conditioning.
12.52,862.67,non_veg,none,,fat_loss,81,beginner,moderate,93.5,2115.99,2,8151.68,30.06,93.99,10,average,Grilled Fish Salad,HIIT Starter Circuit,beginner,93.16,High Knees|Bodyweight Squats|Burpees|Plank Shoulder Taps|Alternating Reverse Lunges,Omega-rich fish with fresh vegetables and olive oil.,"Focus on form, 3 sessions/week, and progressive consistency."
36.76,263.53,veg,none,,fat_loss,77,beginner,low,95.49,2697.75,7,10498.64,30.14,81.89,3,average,Low-Cal Veg Soup,HIIT Starter Circuit,beginner,96.15,High Knees|Bodyweight Squats|Burpees|Plank Shoulder Taps|Alternating Reverse Lunges,Low-calorie vegetable soup for fat-loss support.,"Focus on form, 3 sessions/week, and progressive consistency."
24.47,489.29,veg,none,,fat_loss,84,advanced,moderate,116.08,2415.85,9,11025.2,35.08,73.2,4,average,Lentil Greens Salad,Athlete HIIT Blast,beginner,116.07,Sprint Intervals|Box Jumps|Burpee Broad Jumps|Medicine Ball Slams|Skater Hops,High-fiber lentils with leafy greens and lemon dressing.,"Focus on form, 3 sessions/week, and progressive consistency."
54.32,296.53,veg,none,,muscle,54,beginner,low,54.95,3011.74,2,14352.57,23.12,52.36,4,average,High-Protein Chickpea Stir Fry,Full Body Strength Basics,beginner,54.69,Goblet Squat|Incline Push-Up|Dumbbell Row|Hip Bridge|Dead Bug,High-protein chickpea meal for muscle gain.,"Focus on form, 3 sessions/week, and progressive consistency."
29.34,721.72,veg,none,,maintenance,44,beginner,low,59.21,3113.02,19,3525.86,26.44,54.78,7,average,Veggie Brown Rice Plate,Mobility and Core Flow,beginner,63.86,Cat-Cow Stretch|World's Greatest Stretch|Side Plank|Bird Dog|Glute Bridge March,Brown rice with mixed vegetables and legumes.,"Focus on form, 3 sessions/week, and progressive consistency."
36.32,844.22,veg,none,,muscle,36,beginner,high,81.17,2181.71,23,4150.43,18.7,86.62,9,good,Tofu Power Bowl,Full Body Strength Basics,advanced,79.79,Goblet Squat|Incline Push-Up|Dumbbell Row|Hip Bridge|Dead Bug,"Balanced tofu bowl with quinoa, greens, and seeds.","Periodize training, recover well, and target performance blocks."
23.74,416.47,veg,nut_allergy,,maintenance,90,beginner,low,71.08,3058.71,21,8449.94,30.74,74.72,7,average,Veggie Brown Rice Plate,Mobility and Core Flow,beginner,74.81,Cat-Cow Stretch|World's Greatest Stretch|Side Plank|Bird Dog|Glute Bridge March,Brown rice with mixed vegetables and legumes.,"Focus on form, 3 sessions/week, and progressive consistency."
30.1,471.7,non_veg,none,,maintenance,55,beginner,high,56.43,2228.19,3,7046.99,17.36,54.24,8,average,Turkey Rice Bowl,Mobility and Core Flow,advanced,55.81,Cat-Cow Stretch|World's Greatest Stretch|Side Plank|Bird Dog|Glute Bridge March,Lean turkey with rice and roasted vegetables.,"Periodize training, recover well, and target performance blocks."
34.85,377.53,veg,none,,fat_loss,87,intermediate,high,86.23,1311.57,4,5266.02,34.26,70.31,6,average,Lentil Greens Salad,Sprint Interval Circuit,intermediate,85.31,Treadmill Sprint|Walking Recovery|Jump Squats|Push-Up to T Rotation|Plank Knee Drive,High-fiber lentils with leafy greens and lemon dressing.,Use progressive overload and mix strength with conditioning.
16.68,579.71,veg,none,,fat_loss,24,beginner,moderate,72.01,1416.11,19,10607.23,32.46,74.65,10,average,Lentil Greens Salad,Express Bodyweight Burner,intermediate,68.98,Jumping Jacks|Push-Ups|Air Squats|Mountain Climbers|Plank Hold,High-fiber lentils with leafy greens and lemon dressing.,Use progressive overload and mix strength with conditioning.
45.65,292.96,non_veg,none,,muscle,59,intermediate,moderate,109.44,2145.0,20,8606.21,19.87,75.8,9,average,High-Protein Grilled Chicken,Upper Lower Strength Split,intermediate,109.44,Barbell Bench Press|Romanian Deadlift|Lat Pulldown|Walking Lunges|Dumbbell Shoulder Press,High-protein grilled chicken with vegetables.,Use progressive overload and mix strength with conditioning.
33.61,454.18,non_veg,none,,muscle,54,beginner,low,78.24,2367.73,16,11322.43,34.53,85.87,5,average,Chicken Quinoa Plate,Full Body Strength Basics,beginner,78.57,Goblet Squat|Incline Push-Up|Dumbbell Row|Hip Bridge|Dead Bug,Lean chicken with quinoa and mixed vegetables.,"Focus on form, 3 sessions/week, and progressive consistency."
34.84,381.47,veg,none,,maintenance,23,beginner,low,87.0,2051.36,24,5187.4,32.45,76.88,1,poor,Veggie Brown Rice Plate,Express Bodyweight Burner,beginner,88.28,Jumping Jacks|Push-Ups|Air Squats|Mountain Climbers|Plank Hold,Brown rice with mixed vegetables and legumes.,"Focus on form, 3 sessions/week, and progressive consistency."
17.56,313.22,non_veg,shellfish_allergy,,fat_loss,40,beginner,moderate,84.16,1571.44,6,14425.14,27.95,59.68,2,poor,Turkey Lettuce Wrap,HIIT Starter Circuit,beginner,83.63,High Knees|Bodyweight Squats|Burpees|Plank Shoulder Taps|Alternating Reverse Lunges,Low-calorie turkey wraps with crunchy lettuce.,"Focus on form, 3 sessions/week, and progressive consistency."
51.9,514.6,veg,none,,fat_loss,46,intermediate,high,116.7,1403.36,19,14664.15,31.42,50.24,0,poor,Lentil Greens Salad,Sprint Interval Circuit,beginner,111.83,Treadmill Sprint|Walking Recovery|Jump Squats|Push-Up to T Rotation|Plank Knee Drive,High-fiber lentils with leafy greens and lemon dressing.,"Focus on form, 3 sessions/week, and progressive consistency."
28.97,455.07,veg,nut_allergy,,fat_loss,87,beginner,high,92.04,2514.47,7,13927.72,18.07,82.47,12,average,Moong Sprout Salad,Sprint Interval Circuit,advanced,91.69,Treadmill Sprint|Walking Recovery|Jump Squats|Push-Up to T Rotation|Plank Knee Drive,Nut-free sprouts salad with herbs and lime.,"Periodize training, recover well, and target performance blocks."
15.84,452.05,non_veg,none,,muscle,83,beginner,moderate,111.15,1312.52,2,14898.07,17.73,64.25,3,good,Chicken Quinoa Plate,Volume Hypertrophy Session,intermediate,110.41,Leg Press|Incline Dumbbell Press|Chest-Supported Row|Seated Leg Curl|Cable Lateral Raise,Lean chicken with quinoa and mixed vegetables.,Use progressive overload and mix strength with conditioning.
31.44,847.72,non_veg,none,,fat_loss,20,advanced,moderate,68.32,2721.94,15,14451.56,18.77,74.34,1,poor,Grilled Fish Salad,Express Bodyweight Burner,beginner,68.76,Jumping Jacks|Push-Ups|Air Squats|Mountain Climbers|Plank Hold,Omega-rich fish with fresh vegetables and olive oil.,"Focus on form, 3 sessions/week, and progressive consistency."
42.77,413.03,veg,egg_allergy,,muscle,29,beginner,moderate,98.04,2249.31,7,12447.24,25.2,60.67,2,average,High-Protein Chickpea Stir Fry,Full Body Strength Basics,intermediate,98.08,Goblet Squat|Incline Push-Up|Dumbbell Row|Hip Bridge|Dead Bug,High-protein chickpea meal for muscle gain.,Use progressive overload and mix strength with conditioning.
43.63,645.39,non_veg,none,,muscle,55,beginner,moderate,97.36,1997.72,20,4420.98,26.44,72.48,11,average,High-Protein Grilled Chicken,Full Body Strength Basics,intermediate,97.5,Goblet Squat|Incline Push-Up|Dumbbell Row|Hip Bridge|Dead Bug,High-protein grilled chicken with vegetables.,Use progressive overload and mix strength with conditioning.
54.68,510.19,veg,none,,muscle,37,intermediate,high,59.11,2394.02,15,3870.82,27.77,89.01,7,good,High-Protein Chickpea Stir Fry,Upper Lower Strength Split,intermediate,59.03,Barbell Bench Press|Romanian Deadlift|Lat Pulldown|Walking Lunges|Dumbbell Shoulder Press,High-protein chickpea meal for muscle gain.,Use progressive overload and mix strength with conditioning.
27.86,324.06,veg,nut_allergy,,maintenance,48,advanced,low,50.53,1933.96,12,3521.69,29.03,54.5,6,poor,Veggie Brown Rice Plate,Hybrid Endurance Strength,beginner,50.96,Front Squat|Pull-Ups|Farmer Carry|Stationary Bike Intervals|Hanging Knee Raises,Brown rice with mixed vegetables and legumes.,"Focus on form, 3 sessions/week, and progressive consistency."
45.58,335.93,non_veg,none,,fat_loss,47,beginner,high,67.04,2886.16,5,8555.0,34.91,88.74,10,average,Turkey Lettuce Wrap,Sprint Interval Circuit,intermediate,66.56,Treadmill Sprint|Walking Recovery|Jump Squats|Push-Up to T Rotation|Plank Knee Drive,Low-calorie turkey wraps with crunchy lettuce.,Use progressive overload and mix strength with conditioning.
22.12,891.25,veg,lactose_intolerance,,maintenance,34,advanced,moderate,80.3,1536.93,14,9598.66,22.76,70.11,11,poor,Veggie Brown Rice Plate,Hybrid Endurance Strength,intermediate,79.35,Front Squat|Pull-Ups|Farmer Carry|Stationary Bike Intervals|Hanging Knee Raises,Brown rice with mixed vegetables and legumes.,Use progressive overload and mix strength with conditioning.
16.77,734.94,veg,gluten_intolerance,,muscle,68,intermediate,low,116.16,1461.74,17,3388.4,24.95,58.29,11,average,Quinoa Vegetable Plate,Upper Lower Strength Split,intermediate,116.03,Barbell Bench Press|Romanian Deadlift|Lat Pulldown|Walking Lunges|Dumbbell Shoulder Press,Gluten-aware quinoa plate with seasonal vegetables.,Use progressive overload and mix strength with conditioning.
15.0,516.46,non_veg,none,,fat_loss,88,beginner,moderate,66.6,1487.65,7,13937.66,18.2,76.07,3,poor,Grilled Fish Salad,HIIT Starter Circuit,beginner,65.28,High Knees|Bodyweight Squats|Burpees|Plank Shoulder Taps|Alternating Reverse Lunges,Omega-rich fish with fresh vegetables and olive oil.,"Focus on form, 3 sessions/week, and progressive consistency."
17.12,483.92,non_veg,gluten_intolerance|nut_allergy,,fat_loss,70,intermediate,low,61.62,2812.76,22,4800.99,25.52,75.46,6,poor,Chicken Quinoa Plate,Metabolic Conditioning,beginner,65.29,Kettlebell Swings|Thrusters|Rowing Intervals|Box Step-Ups|Battle Ropes,Lean chicken with quinoa and mixed vegetables.,"Focus on form, 3 sessions/week, and progressive consistency."
42.47,799.72,non_veg,none,,fat_loss,90,intermediate,moderate,106.21,1359.63,5,15788.87,35.44,66.78,8,good,Grilled Fish Salad,Metabolic Conditioning,intermediate,105.25,Kettlebell Swings|Thrusters|Rowing Intervals|Box Step-Ups|Battle Ropes,Omega-rich fish with fresh vegetables and olive oil.,Use progressive overload and mix strength with conditioning.
32.47,770.6,non_veg,none,,muscle,88,intermediate,high,92.41,2264.88,9,13338.07,19.44,57.74,4,good,Chicken Quinoa Plate,Volume Hypertrophy Session,advanced,91.06,Leg Press|Incline Dumbbell Press|Chest-Supported Row|Seated Leg Curl|Cable Lateral Raise,Lean chicken with quinoa and mixed vegetables.,"Periodize training, recover well, and target performance blocks."
17.21,284.38,non_veg,none,,maintenance,87,intermediate,moderate,83.27,2509.89,20,8816.98,27.45,69.91,1,average,Turkey Rice Bowl,Strength and Cardio Mix,beginner,83.49,Dumbbell Squat to Press|Assault Bike|Seated Cable Row|Step-Ups|Russian Twists,Lean turkey with rice and roasted vegetables.,"Focus on form, 3 sessions/week, and progressive consistency."
42.18,564.27,veg,none,,muscle,81,advanced,low,64.91,1944.42,14,13085.37,23.56,70.27,2,poor,High-Protein Chickpea Stir Fry,Volume Hypertrophy Session,beginner,65.0,Leg Press|Incline Dumbbell Press|Chest-Supported Row|Seated Leg Curl|Cable Lateral Raise,High-protein chickpea meal for muscle gain.,"Focus on form, 3 sessions/week, and progressive consistency."
30.11,387.59,non_veg,none,,maintenance,25,beginner,moderate,96.15,1397.13,24,12575.13,35.15,81.82,7,good,Turkey Rice Bowl,Express Bodyweight Burner,beginner,92.11,Jumping Jacks|Push-Ups|Air Squats|Mountain Climbers|Plank Hold,Lean turkey with rice and roasted vegetables.,"Focus on form, 3 sessions/week, and progressive consistency."
23.9,632.49,non_veg,shellfish_allergy|soy_allergy,,fat_loss,32,advanced,moderate,63.98,1840.69,8,13747.98,29.26,60.57,9,poor,Lean Chicken Veg Plate,Athlete HIIT Blast,intermediate,62.78,Sprint Intervals|Box Jumps|Burpee Broad Jumps|Medicine Ball Slams|Skater Hops,Shellfish-free lean chicken and vegetable plate.,Use progressive overload and mix strength with conditioning.
38.57,769.14,non_veg,none,,maintenance,85,beginner,moderate,94.83,2273.59,4,15703.31,23.49,55.74,3,poor,Turkey Rice Bowl,Mobility and Core Flow,beginner,94.62,Cat-Cow Stretch|World's Greatest Stretch|Side Plank|Bird Dog|Glute Bridge March,Lean turkey with rice and roasted vegetables.,"Focus on form, 3 sessions/week, and progressive consistency."
48.67,635.36,veg,none,,maintenance,60,advanced,moderate,60.94,2731.92,16,12082.92,33.52,67.11,5,good,Veggie Brown Rice Plate,Hybrid Endurance Strength,intermediate,61.84,Front Squat|Pull-Ups|Farmer Carry|Stationary Bike Intervals|Hanging Knee Raises,Brown rice with mixed vegetables and legumes.,Use progressive overload and mix strength with conditioning.
44.86,372.08,non_veg,none,,fat_loss,25,beginner,moderate,109.17,1864.93,18,9826.5,26.89,64.3,3,poor,Grilled Fish Salad,Express Bodyweight Burner,beginner,108.2,Jumping Jacks|Push-Ups|Air Squats|Mountain Climbers|Plank Hold,Omega-rich fish with fresh vegetables and olive oil.,"Focus on form, 3 sessions/week, and progressive consistency."
27.81,513.74,veg,none,,muscle,69,intermediate,high,89.4,1791.99,15,3895.06,29.01,73.83,9,average,Tofu Power Bowl,Upper Lower Strength Split,intermediate,87.25,Barbell Bench Press|Romanian Deadlift|Lat Pulldown|Walking Lunges|Dumbbell Shoulder Press,"Balanced tofu bowl with quinoa, greens, and seeds.",Use progressive overload and mix strength with conditioning.
47.34,415.27,non_veg,none,,fat_loss,51,intermediate,moderate,82.49,3135.33,23,12126.49,27.56,90.71,3,good,Grilled Fish Salad,Metabolic Conditioning,beginner,84.58,Kettlebell Swings|Thrusters|Rowing Intervals|Box Step-Ups|Battle Ropes,Omega-rich fish with fresh vegetables and olive oil.,"Focus on form, 3 sessions/week, and progressive consistency."
35.72,515.37,non_veg,none,,maintenance,68,beginner,moderate,88.61,1814.1,12,8873.24,28.25,60.42,9,good,Turkey Rice Bowl,Mobility and Core Flow,advanced,88.63,Cat-Cow Stretch|World's Greatest Stretch|Side Plank|Bird Dog|Glute Bridge March,Lean turkey with rice and roasted vegetables.,"Periodize training, recover well, and target performance blocks."
48.89,559.37,non_veg,shellfish_allergy,,fat_loss,59,intermediate,low,56.45,2056.7,15,11914.23,23.9,60.84,6,average,Lean Chicken Veg Plate,Metabolic Conditioning,intermediate,56.27,Kettlebell Swings|Thrusters|Rowing Intervals|Box Step-Ups|Battle Ropes,Shellfish-free lean chicken and vegetable plate.,Use progressive overload and mix strength with conditioning.
39.53,544.07,veg,none,,fat_loss,72,beginner,moderate,83.51,2673.75,3,15450.38,25.28,56.41,9,average,Lentil Greens Salad,HIIT Starter Circuit,intermediate,83.37,High Knees|Bodyweight Squats|Burpees|Plank Shoulder Taps|Alternating Reverse Lunges,High-fiber lentils with leafy greens and lemon dressing.,Use progressive overload and mix strength with conditioning.
25.14,403.99,veg,gluten_intolerance|nut_allergy,,maintenance,22,intermediate,low,95.23,2867.14,14,13758.43,34.79,71.97,8,good,Quinoa Vegetable Plate,Express Bodyweight Burner,beginner,96.4,Jumping Jacks|Push-Ups|Air Squats|Mountain Climbers|Plank Hold,Gluten-aware quinoa plate with seasonal vegetables.,"Focus on form, 3 sessions/week, and progressive consistency."
34.81,668.26,non_veg,none,,fat_loss,21,beginner,low,51.75,3179.94,8,10339.66,31.11,51.81,5,average,Grilled Fish Salad,Express Bodyweight Burner,beginner,52.47,Jumping Jacks|Push-Ups|Air Squats|Mountain Climbers|Plank Hold,Omega-rich fish with fresh vegetables and olive oil.,"Focus on form, 3 sessions/week, and progressive consistency."
47.74,860.48,non_veg,none,,maintenance,66,beginner,moderate,114.42,1803.96,5,10417.56,32.02,81.15,11,average,Turkey Rice Bowl,Mobility and Core Flow,intermediate,114.42,Cat-Cow Stretch|World's Greatest Stretch|Side Plank|Bird Dog|Glute Bridge March,Lean turkey with rice and roasted vegetables.,Use progressive overload and mix strength with conditioning.
31.89,263.81,veg,none,,fat_loss,65,beginner,low,98.59,2364.95,9,11221.7,27.18,71.08,0,average,Low-Cal Veg Soup,HIIT Starter Circuit,beginner,98.47,High Knees|Bodyweight Squats|Burpees|Plank Shoulder Taps|Alternating Reverse Lunges,Low-calorie vegetable soup for fat-loss support.,"Focus on form, 3 sessions/week, and progressive consistency."
52.48,377.18,non_veg,none,,maintenance,54,intermediate,high,80.81,1995.01,16,13736.57,35.47,50.78,5,poor,Turkey Rice Bowl,Strength and Cardio Mix,beginner,78.05,Dumbbell Squat to Press|Assault Bike|Seated Cable Row|Step-Ups|Russian Twists,Lean turkey with rice and roasted vegetables.,"Focus on form, 3 sessions/week, and progressive consistency."
33.02,565.56,veg,gluten_intolerance,,fat_loss,65,advanced,low,116.04,2270.02,15,16868.0,20.26,73.27,8,average,Quinoa Vegetable Plate,Athlete HIIT Blast,intermediate,115.43,Sprint Intervals|Box Jumps|Burpee Broad Jumps|Medicine Ball Slams|Skater Hops,Gluten-aware quinoa plate with seasonal vegetables.,Use progressive overload and mix strength with conditioning.
33.46,813.83,non_veg,none,,maintenance,62,advanced,moderate,49.65,1860.13,22,16676.24,20.16,76.1,6,average,Turkey Rice Bowl,Hybrid Endurance Strength,intermediate,46.78,Front Squat|Pull-Ups|Farmer Carry|Stationary Bike Intervals|Hanging Knee Raises,Lean turkey with rice and roasted vegetables.,Use progressive overload and mix strength with conditioning.
54.06,825.39,veg,shellfish_allergy,,maintenance,55,intermediate,low,54.06,3008.75,19,16222.0,24.39,48.75,0,good,Veggie Brown Rice Plate,Strength and Cardio Mix,beginner,56.33,Dumbbell Squat to Press|Assault Bike|Seated Cable Row|Step-Ups|Russian Twists,Brown rice with mixed vegetables and legumes.,"Focus on form, 3 sessions/week, and progressive consistency."
26.15,895.68,non_veg,none,,muscle,71,intermediate,high,95.3,2697.0,22,3928.92,19.34,63.94,9,poor,Chicken Quinoa Plate,Upper Lower Strength Split,advanced,96.0,Barbell Bench Press|Romanian Deadlift|Lat Pulldown|Walking Lunges|Dumbbell Shoulder Press,Lean chicken with quinoa and mixed vegetables.,"Periodize training, recover well, and target performance blocks."
42.99,612.84,veg,egg_allergy,,muscle,78,advanced,moderate,79.55,1779.32,20,8042.23,26.13,79.18,4,good,High-Protein Chickpea Stir Fry,Volume Hypertrophy Session,intermediate,77.93,Leg Press|Incline Dumbbell Press|Chest-Supported Row|Seated Leg Curl|Cable Lateral Raise,High-protein chickpea meal for muscle gain.,Use progressive overload and mix strength with conditioning.
25.84,331.26,veg,lactose_intolerance|nut_allergy,,maintenance,20,beginner,moderate,66.99,1309.61,10,7530.12,27.6,48.82,10,average,Veggie Brown Rice Plate,Express Bodyweight Burner,intermediate,65.47,Jumping Jacks|Push-Ups|Air Squats|Mountain Climbers|Plank Hold,Brown rice with mixed vegetables and legumes.,Use progressive overload and mix strength with conditioning.
52.16,438.08,non_veg,none,,maintenance,25,beginner,moderate,75.14,1424.44,24,6316.75,28.85,93.59,12,average,Turkey Rice Bowl,Express Bodyweight Burner,intermediate,72.92,Jumping Jacks|Push-Ups|Air Squats|Mountain Climbers|Plank Hold,Lean turkey with rice and roasted vegetables.,Use progressive overload and mix strength with conditioning.
14.92,593.5,veg,none,,maintenance,39,advanced,high,59.35,2562.89,2,4471.22,20.68,65.16,3,good,Veggie Brown Rice Plate,Hybrid Endurance Strength,advanced,59.48,Front Squat|Pull-Ups|Farmer Carry|Stationary Bike Intervals|Hanging Knee Raises,Brown rice with mixed vegetables and legumes.,"Periodize training, recover well, and target performance blocks."
47.2,822.39,veg,nut_allergy,,muscle,37,intermediate,moderate,95.24,1669.34,14,11725.74,33.91,81.44,9,average,High-Protein Chickpea Stir Fry,Upper Lower Strength Split,beginner,93.01,Barbell Bench Press|Romanian Deadlift|Lat Pulldown|Walking Lunges|Dumbbell Shoulder Press,High-protein chickpea meal for muscle gain.,"Focus on form, 3 sessions/week, and progressive consistency."
23.28,831.97,non_veg,soy_allergy,,maintenance,53,intermediate,low,117.35,3104.22,22,5656.7,27.12,50.55,9,average,Turkey Rice Bowl,Strength and Cardio Mix,intermediate,121.26,Dumbbell Squat to Press|Assault Bike|Seated Cable Row|Step-Ups|Russian Twists,Lean turkey with rice and roasted vegetables.,Use progressive overload and mix strength with conditioning.
32.1,442.27,non_veg,none,,fat_loss,63,beginner,high,113.86,1609.02,11,11435.66,27.91,93.58,8,average,Grilled Fish Salad,Sprint Interval Circuit,intermediate,111.51,Treadmill Sprint|Walking Recovery|Jump Squats|Push-Up to T Rotation|Plank Knee Drive,Omega-rich fish with fresh vegetables and olive oil.,Use progressive overload and mix strength with conditioning.
18.79,294.76,non_veg,none,,muscle,47,beginner,low,59.85,1322.78,10,6348.48,29.86,63.46,12,good,Chicken Quinoa Plate,Full Body Strength Basics,intermediate,59.63,Goblet Squat|Incline Push-Up|Dumbbell Row|Hip Bridge|Dead Bug,Lean chicken with quinoa and mixed vegetables.,Use progressive overload and mix strength with conditioning.
35.46,728.04,non_veg,gluten_intolerance,,maintenance,70,beginner,moderate,71.45,2551.54,15,4217.16,21.48,56.13,3,poor,Chicken Quinoa Plate,Mobility and Core Flow,beginner,72.4,Cat-Cow Stretch|World's Greatest Stretch|Side Plank|Bird Dog|Glute Bridge March,Lean chicken with quinoa and mixed vegetables.,"Focus on form, 3 sessions/week, and progressive consistency."
53.49,460.66,non_veg,none,,muscle,44,intermediate,high,48.45,2003.48,16,16301.84,32.97,59.89,10,poor,High-Protein Grilled Chicken,Upper Lower Strength Split,intermediate,45.31,Barbell Bench Press|Romanian Deadlift|Lat Pulldown|Walking Lunges|Dumbbell Shoulder Press,High-protein grilled chicken with vegetables.,Use progressive overload and mix strength with conditioning.
23.45,730.61,veg,gluten_intolerance,,maintenance,55,advanced,low,99.99,1335.87,23,8755.95,19.94,82.9,9,average,Quinoa Vegetable Plate,Hybrid Endurance Strength,beginner,98.15,Front Squat|Pull-Ups|Farmer Carry|Stationary Bike Intervals|Hanging Knee Raises,Gluten-aware quinoa plate with seasonal vegetables.,"Focus on form, 3 sessions/week, and progressive consistency."
45.02,797.21,non_veg,none,,maintenance,49,intermediate,moderate,62.43,1312.67,12,4133.26,30.47,75.04,9,good,Turkey Rice Bowl,Strength and Cardio Mix,intermediate,61.27,Dumbbell Squat to Press|Assault Bike|Seated Cable Row|Step-Ups|Russian Twists,Lean turkey with rice and roasted vegetables.,Use progressive overload and mix strength with conditioning.
28.77,513.4,non_veg,none,,fat_loss,90,intermediate,moderate,59.4,3189.72,24,6218.78,26.79,74.53,8,good,Grilled Fish Salad,Metabolic Conditioning,intermediate,62.9,Kettlebell Swings|Thrusters|Rowing Intervals|Box Step-Ups|Battle Ropes,Omega-rich fish with fresh vegetables and olive oil.,Use progressive overload and mix strength with conditioning.
20.26,530.2,veg,none,,muscle,46,beginner,high,49.5,2457.49,23,16886.41,25.23,61.79,6,average,Tofu Power Bowl,Full Body Strength Basics,advanced,47.45,Goblet Squat|Incline Push-Up|Dumbbell Row|Hip Bridge|Dead Bug,"Balanced tofu bowl with quinoa, greens, and seeds.","Periodize training, recover well, and target performance blocks."
33.6,636.09,non_veg,none,,muscle,40,beginner,high,101.82,1595.06,18,10630.42,34.95,71.59,10,good,Chicken Quinoa Plate,Full Body Strength Basics,advanced,99.47,Goblet Squat|Incline Push-Up|Dumbbell Row|Hip Bridge|Dead Bug,Lean chicken with quinoa and mixed vegetables.,"Periodize training, recover well, and target performance blocks."
48.04,585.61,veg,egg_allergy|shellfish_allergy,,muscle,70,intermediate,moderate,54.9,2091.69,11,3410.77,18.18,77.86,9,average,High-Protein Chickpea Stir Fry,Upper Lower Strength Split,intermediate,54.76,Barbell Bench Press|Romanian Deadlift|Lat Pulldown|Walking Lunges|Dumbbell Shoulder Press,High-protein chickpea meal for muscle gain.,Use progressive overload and mix strength with conditioning.
54.11,325.94,veg,none,,fat_loss,44,intermediate,high,83.31,3193.97,12,8900.75,18.8,77.44,0,average,Low-Cal Veg Soup,Sprint Interval Circuit,intermediate,83.08,Treadmill Sprint|Walking Recovery|Jump Squats|Push-Up to T Rotation|Plank Knee Drive,Low-calorie vegetable soup for fat-loss support.,Use progressive overload and mix strength with conditioning.
23.88,554.21,veg,soy_allergy,,muscle,45,intermediate,low,94.03,2566.09,19,6530.92,22.11,67.56,7,average,Tofu Power Bowl,Upper Lower Strength Split,intermediate,96.32,Barbell Bench Press|Romanian Deadlift|Lat Pulldown|Walking Lunges|Dumbbell Shoulder Press,"Balanced tofu bowl with quinoa, greens, and seeds.",Use progressive overload and mix strength with conditioning.
46.9,500.09,non_veg,none,,maintenance,32,advanced,moderate,91.83,2413.19,13,15820.72,18.42,66.69,11,average,Turkey Rice Bowl,Hybrid Endurance Strength,intermediate,91.79,Front Squat|Pull-Ups|Farmer Carry|Stationary Bike Intervals|Hanging Knee Raises,Lean turkey with rice and roasted vegetables.,Use progressive overload and mix strength with conditioning.
26.27,550.4,veg,none,,fat_loss,27,intermediate,moderate,60.18,1397.94,12,8604.24,34.09,63.11,3,good,Lentil Greens Salad,Metabolic Conditioning,beginner,58.71,Kettlebell Swings|Thrusters|Rowing Intervals|Box Step-Ups|Battle Ropes,High-fiber lentils with leafy greens and lemon dressing.,"Focus on form, 3 sessions/week, and progressive consistency."
43.36,687.61,non_veg,lactose_intolerance,,muscle,20,intermediate,low,113.31,1655.93,24,16965.26,32.65,81.21,6,good,High-Protein Grilled Chicken,Express Bodyweight Burner,beginner,110.62,Jumping Jacks|Push-Ups|Air Squats|Mountain Climbers|Plank Hold,High-protein grilled chicken with vegetables.,"Focus on form, 3 sessions/week, and progressive consistency."
41.36,807.91,veg,none,,maintenance,33,beginner,moderate,63.31,1891.77,21,9537.2,25.48,55.19,12,average,Veggie Brown Rice Plate,Mobility and Core Flow,advanced,62.63,Cat-Cow Stretch|World's Greatest Stretch|Side Plank|Bird Dog|Glute Bridge March,Brown rice with mixed vegetables and legumes.,"Periodize training, recover well, and target performance blocks."
20.63,764.34,veg,gluten_intolerance|lactose_intolerance,,fat_loss,21,intermediate,low,70.67,1933.93,6,14678.28,17.57,52.83,10,poor,Quinoa Vegetable Plate,Express Bodyweight Burner,beginner,70.25,Jumping Jacks|Push-Ups|Air Squats|Mountain Climbers|Plank Hold,Gluten-aware quinoa plate with seasonal vegetables.,"Focus on form, 3 sessions/week, and progressive consistency."
27.75,702.57,veg,egg_allergy,,fat_loss,32,beginner,low,115.37,1875.27,5,11848.04,20.96,58.98,10,poor,Chickpea Spinach Stir Fry,HIIT Starter Circuit,intermediate,115.09,High Knees|Bodyweight Squats|Burpees|Plank Shoulder Taps|Alternating Reverse Lunges,Plant-protein chickpeas with sauteed spinach.,Use progressive overload and mix strength with conditioning.
52.06,825.6,non_veg,none,,muscle,33,intermediate,moderate,102.59,2754.85,9,12581.15,23.39,53.55,3,average,High-Protein Grilled Chicken,Upper Lower Strength Split,intermediate,103.53,Barbell Bench Press|Romanian Deadlift|Lat Pulldown|Walking Lunges|Dumbbell Shoulder Press,High-protein grilled chicken with vegetables.,Use progressive overload and mix strength with conditioning.
52.53,352.61,veg,shellfish_allergy,,muscle,60,intermediate,low,78.57,3183.28,10,12125.75,20.75,81.2,4,average,High-Protein Chickpea Stir Fry,Upper Lower Strength Split,beginner,80.26,Barbell Bench Press|Romanian Deadlift|Lat Pulldown|Walking Lunges|Dumbbell Shoulder Press,High-protein chickpea meal for muscle gain.,"Focus on form, 3 sessions/week, and progressive consistency."
26.29,329.57,non_veg,none,,muscle,71,advanced,moderate,117.93,1545.39,18,16630.2,22.42,60.61,2,average,Chicken Quinoa Plate,Push Pull Legs Intense,intermediate,115.61,Barbell Back Squat|Bench Press|Bent-Over Row|Overhead Press|Conventional Deadlift,Lean chicken with quinoa and mixed vegetables.,Use progressive overload and mix strength with conditioning.
24.7,869.07,veg,lactose_intolerance,,muscle,82,intermediate,high,73.3,2841.02,14,11685.73,24.91,52.89,8,average,Dairy-Free Protein Bowl,Volume Hypertrophy Session,advanced,72.32,Leg Press|Incline Dumbbell Press|Chest-Supported Row|Seated Leg Curl|Cable Lateral Raise,Lactose-safe protein meal without milk products.,"Periodize training, recover well, and target performance blocks."
33.89,728.07,veg,none,,muscle,26,beginner,low,68.13,2408.42,6,12541.69,24.32,86.75,3,average,Tofu Power Bowl,Full Body Strength Basics,beginner,68.22,Goblet Squat|Incline Push-Up|Dumbbell Row|Hip Bridge|Dead Bug,"Balanced tofu bowl with quinoa, greens, and seeds.","Focus on form, 3 sessions/week, and progressive consistency."
50.47,790.8,non_veg,none,,fat_loss,86,beginner,low,84.35,2109.53,18,12808.83,24.91,63.41,11,poor,Grilled Fish Salad,HIIT Starter Circuit,intermediate,84.47,High Knees|Bodyweight Squats|Burpees|Plank Shoulder Taps|Alternating Reverse Lunges,Omega-rich fish with fresh vegetables and olive oil.,Use progressive overload and mix strength with conditioning.
18.1,451.77,veg,none,,maintenance,30,beginner,moderate,76.24,2581.43,16,15077.39,25.62,57.84,6,good,Veggie Brown Rice Plate,Mobility and Core Flow,intermediate,76.74,Cat-Cow Stretch|World's Greatest Stretch|Side Plank|Bird Dog|Glute Bridge March,Brown rice with mixed vegetables and legumes.,Use progressive overload and mix strength with conditioning.
29.83,746.14,veg,egg_allergy|nut_allergy,,fat_loss,85,intermediate,moderate,77.97,2806.65,8,4567.59,22.99,51.11,9,average,Chickpea Spinach Stir Fry,Metabolic Conditioning,intermediate,79.11,Kettlebell Swings|Thrusters|Rowing Intervals|Box Step-Ups|Battle Ropes,Plant-protein chickpeas with sauteed spinach.,Use progressive overload and mix strength with conditioning.
53.95,856.39,veg,none,,maintenance,20,intermediate,high,83.98,2974.79,22,12335.87,32.82,53.99,3,good,Veggie Brown Rice Plate,Express Bodyweight Burner,intermediate,84.12,Jumping Jacks|Push-Ups|Air Squats|Mountain Climbers|Plank Hold,Brown rice with mixed vegetables and legumes.,Use progressive overload and mix strength with conditioning.
28.28,370.65,veg,none,,muscle,41,beginner,low,67.29,2091.6,13,7733.98,30.3,75.98,4,good,Tofu Power Bowl,Full Body Strength Basics,beginner,67.38,Goblet Squat|Incline Push-Up|Dumbbell Row|Hip Bridge|Dead Bug,"Balanced tofu bowl with quinoa, greens, and seeds.","Focus on form, 3 sessions/week, and progressive consistency."
30.99,878.87,non_veg,none,,maintenance,79,intermediate,low,89.89,1902.47,19,4043.35,32.09,73.55,11,good,Turkey Rice Bowl,Strength and Cardio Mix,intermediate,90.76,Dumbbell Squat to Press|Assault Bike|Seated Cable Row|Step-Ups|Russian Twists,Lean turkey with rice and roasted vegetables.,Use progressive overload and mix strength with conditioning.
53.05,657.17,non_veg,none,,maintenance,82,beginner,moderate,51.07,2119.15,3,13728.88,22.15,81.63,9,average,Turkey Rice Bowl,Mobility and Core Flow,intermediate,50.57,Cat-Cow Stretch|World's Greatest Stretch|Side Plank|Bird Dog|Glute Bridge March,Lean turkey with rice and roasted vegetables.,Use progressive overload and mix strength with conditioning.
28.5,383.07,veg,none,,muscle,45,intermediate,low,64.06,2746.25,9,5932.65,24.99,88.25,0,average,Tofu Power Bowl,Upper Lower Strength Split,beginner,65.33,Barbell Bench Press|Romanian Deadlift|Lat Pulldown|Walking Lunges|Dumbbell Shoulder Press,"Balanced tofu bowl with quinoa, greens, and seeds.","Focus on form, 3 sessions/week, and progressive consistency."
43.87,868.69,veg,gluten_intolerance,,fat_loss,69,intermediate,low,50.33,2746.72,19,4876.2,17.82,83.3,8,good,Quinoa Vegetable Plate,Metabolic Conditioning,intermediate,53.46,Kettlebell Swings|Thrusters|Rowing Intervals|Box Step-Ups|Battle Ropes,Gluten-aware quinoa plate with seasonal vegetables.,Use progressive overload and mix strength with conditioning.
18.19,785.55,non_veg,lactose_intolerance|soy_allergy,,maintenance,44,intermediate,moderate,54.39,2826.22,4,16311.98,18.8,81.44,6,average,Turkey Rice Bowl,Strength and Cardio Mix,intermediate,54.64,Dumbbell Squat to Press|Assault Bike|Seated Cable Row|Step-Ups|Russian Twists,Lean turkey with rice and roasted vegetables.,Use progressive overload and mix strength with conditioning.
34.72,411.84,non_veg,gluten_intolerance,,muscle,64,beginner,moderate,63.87,1371.36,24,9025.95,26.63,53.03,4,average,Chicken Quinoa Plate,Full Body Strength Basics,intermediate,61.24,Goblet Squat|Incline Push-Up|Dumbbell Row|Hip Bridge|Dead Bug,Lean chicken with quinoa and mixed vegetables.,Use progressive overload and mix strength with conditioning.
53.44,434.39,veg,none,,fat_loss,53,beginner,moderate,82.78,1349.43,9,6077.54,20.54,49.78,1,average,Lentil Greens Salad,HIIT Starter Circuit,intermediate,81.99,High Knees|Bodyweight Squats|Burpees|Plank Shoulder Taps|Alternating Reverse Lunges,High-fiber lentils with leafy greens and lemon dressing.,Use progressive overload and mix strength with conditioning.
50.31,312.48,veg,none,,muscle,37,intermediate,high,85.32,2534.48,18,8257.62,20.14,58.69,3,good,High-Protein Chickpea Stir Fry,Upper Lower Strength Split,advanced,84.63,Barbell Bench Press|Romanian Deadlift|Lat Pulldown|Walking Lunges|Dumbbell Shoulder Press,High-protein chickpea meal for muscle gain.,"Periodize training, recover well, and target performance blocks."
46.47,454.17,veg,none,,maintenance,77,beginner,moderate,117.38,2856.42,20,13612.89,24.81,50.43,10,average,Veggie Brown Rice Plate,Mobility and Core Flow,intermediate,117.59,Cat-Cow Stretch|World's Greatest Stretch|Side Plank|Bird Dog|Glute Bridge March,Brown rice with mixed vegetables and legumes.,Use progressive overload and mix strength with conditioning.
52.4,826.6,non_veg,none,,maintenance,25,intermediate,moderate,76.6,1508.03,20,14485.47,23.8,71.28,10,average,Turkey Rice Bowl,Express Bodyweight Burner,intermediate,73.94,Jumping Jacks|Push-Ups|Air Squats|Mountain Climbers|Plank Hold,Lean turkey with rice and roasted vegetables.,Use progressive overload and mix strength with conditioning.
14.71,314.8,non_veg,lactose_intolerance|soy_allergy,,muscle,72,beginner,low,79.41,1753.63,23,11439.73,27.65,75.14,5,average,Dairy-Free Protein Bowl,Full Body Strength Basics,beginner,78.57,Goblet Squat|Incline Push-Up|Dumbbell Row|Hip Bridge|Dead Bug,Lactose-safe protein meal without milk products.,"Focus on form, 3 sessions/week, and progressive consistency."
52.51,819.86,non_veg,none,,maintenance,36,beginner,moderate,68.39,2926.81,22,7256.31,35.69,54.1,0,poor,Turkey Rice Bowl,Mobility and Core Flow,beginner,70.36,Cat-Cow Stretch|World's Greatest Stretch|Side Plank|Bird Dog|Glute Bridge March,Lean turkey with rice and roasted vegetables.,"Focus on form, 3 sessions/week, and progressive consistency."
51.31,767.08,non_veg,lactose_intolerance,,fat_loss,75,intermediate,moderate,49.05,2581.07,19,2693.12,33.82,54.07,3,average,Grilled Fish Salad,Metabolic Conditioning,beginner,50.76,Kettlebell Swings|Thrusters|Rowing Intervals|Box Step-Ups|Battle Ropes,Omega-rich fish with fresh vegetables and olive oil.,"Focus on form, 3 sessions/week, and progressive consistency."
52.37,559.76,veg,lactose_intolerance,,fat_loss,49,beginner,high,112.63,3034.81,24,12335.03,33.04,90.78,9,average,Lentil Greens Salad,Sprint Interval Circuit,intermediate,113.03,Treadmill Sprint|Walking Recovery|Jump Squats|Push-Up to T Rotation|Plank Knee Drive,High-fiber lentils with leafy greens and lemon dressing.,Use progressive overload and mix strength with conditioning.
51.71,558.73,non_veg,none,,muscle,88,advanced,low,80.88,1303.93,19,12671.59,27.62,88.27,3,poor,High-Protein Grilled Chicken,Volume Hypertrophy Session,beginner,78.22,Leg Press|Incline Dumbbell Press|Chest-Supported Row|Seated Leg Curl|Cable Lateral Raise,High-protein grilled chicken with vegetables.,"Focus on form, 3 sessions/week, and progressive consistency."
48.15,617.09,non_veg,shellfish_allergy,,muscle,38,beginner,high,115.19,2991.41,22,2959.55,35.46,77.49,8,good,High-Protein Grilled Chicken,Full Body Strength Basics,intermediate,115.9,Goblet Squat|Incline Push-Up|Dumbbell Row|Hip Bridge|Dead Bug,High-protein grilled chicken with vegetables.,Use progressive overload and mix strength with conditioning.
25.75,818.56,veg,none,,muscle,60,intermediate,high,76.74,1977.31,9,12388.54,26.95,74.74,12,average,Tofu Power Bowl,Upper Lower Strength Split,advanced,75.87,Barbell Bench Press|Romanian Deadlift|Lat Pulldown|Walking Lunges|Dumbbell Shoulder Press,"Balanced tofu bowl with quinoa, greens, and seeds.","Periodize training, recover well, and target performance blocks."
44.81,410.1,non_veg,egg_allergy,,maintenance,81,beginner,moderate,87.08,1614.16,17,14295.34,32.11,76.14,9,poor,Turkey Rice Bowl,Mobility and Core Flow,beginner,83.78,Cat-Cow Stretch|World's Greatest Stretch|Side Plank|Bird Dog|Glute Bridge March,Lean turkey with rice and roasted vegetables.,"Focus on form, 3 sessions/week, and progressive consistency."
18.85,695.71,non_veg,egg_allergy|gluten_intolerance,,fat_loss,32,advanced,moderate,89.17,1787.31,11,8670.03,31.44,87.65,9,average,Chicken Quinoa Plate,Athlete HIIT Blast,beginner,88.13,Sprint Intervals|Box Jumps|Burpee Broad Jumps|Medicine Ball Slams|Skater Hops,Lean chicken with quinoa and mixed vegetables.,"Focus on form, 3 sessions/week, and progressive consistency."
43.93,527.33,non_veg,none,,fat_loss,47,beginner,moderate,61.37,1603.71,20,10056.56,29.92,87.84,12,average,Grilled Fish Salad,HIIT Starter Circuit,intermediate,60.55,High Knees|Bodyweight Squats|Burpees|Plank Shoulder Taps|Alternating Reverse Lunges,Omega-rich fish with fresh vegetables and olive oil.,Use progressive overload and mix strength with conditioning.
35.87,444.71,non_veg,shellfish_allergy,,maintenance,44,intermediate,moderate,109.05,2182.48,24,5762.47,23.89,83.01,2,average,Lean Chicken Veg Plate,Strength and Cardio Mix,beginner,108.91,Dumbbell Squat to Press|Assault Bike|Seated Cable Row|Step-Ups|Russian Twists,Shellfish-free lean chicken and vegetable plate.,"Focus on form, 3 sessions/week, and progressive consistency."
54.3,386.79,non_veg,none,,fat_loss,33,intermediate,low,103.33,2364.5,23,10548.0,21.49,82.12,11,good,Grilled Fish Salad,Metabolic Conditioning,intermediate,104.68,Kettlebell Swings|Thrusters|Rowing Intervals|Box Step-Ups|Battle Ropes,Omega-rich fish with fresh vegetables and olive oil.,Use progressive overload and mix strength with conditioning.
21.28,330.47,veg,egg_allergy|soy_allergy,,maintenance,71,beginner,moderate,97.41,1348.36,11,4144.63,25.93,74.8,5,average,Chickpea Spinach Stir Fry,Mobility and Core Flow,intermediate,95.93,Cat-Cow Stretch|World's Greatest Stretch|Side Plank|Bird Dog|Glute Bridge March,Plant-protein chickpeas with sauteed spinach.,Use progressive overload and mix strength with conditioning.
24.94,720.91,non_veg,none,,muscle,56,beginner,moderate,92.61,1805.55,7,11156.74,26.15,87.77,12,good,Chicken Quinoa Plate,Full Body Strength Basics,intermediate,92.72,Goblet Squat|Incline Push-Up|Dumbbell Row|Hip Bridge|Dead Bug,Lean chicken with quinoa and mixed vegetables.,Use progressive overload and mix strength with conditioning.
27.83,891.71,veg,egg_allergy,,maintenance,57,advanced,low,110.27,2418.91,16,2625.04,27.37,64.3,11,average,Chickpea Spinach Stir Fry,Hybrid Endurance Strength,intermediate,112.68,Front Squat|Pull-Ups|Farmer Carry|Stationary Bike Intervals|Hanging Knee Raises,Plant-protein chickpeas with sauteed spinach.,Use progressive overload and mix strength with conditioning.
22.48,347.44,non_veg,none,,maintenance,50,intermediate,low,51.6,2982.42,22,8653.95,27.73,72.82,1,average,Turkey Rice Bowl,Strength and Cardio Mix,beginner,53.95,Dumbbell Squat to Press|Assault Bike|Seated Cable Row|Step-Ups|Russian Twists,Lean turkey with rice and roasted vegetables.,"Focus on form, 3 sessions/week, and progressive consistency."
31.34,301.53,non_veg,none,,fat_loss,81,advanced,moderate,86.89,1672.01,3,8891.54,27.72,67.35,4,average,Turkey Lettuce Wrap,Athlete HIIT Blast,beginner,86.35,Sprint Intervals|Box Jumps|Burpee Broad Jumps|Medicine Ball Slams|Skater Hops,Low-calorie turkey wraps with crunchy lettuce.,"Focus on form, 3 sessions/week, and progressive consistency."
12.15,747.08,non_veg,none,,maintenance,52,advanced,high,68.73,2504.79,3,6688.94,30.18,69.62,11,average,Turkey Rice Bowl,Hybrid Endurance Strength,advanced,68.11,Front Squat|Pull-Ups|Farmer Carry|Stationary Bike Intervals|Hanging Knee Raises,Lean turkey with rice and roasted vegetables.,"Periodize training, recover well, and target performance blocks."
13.91,305.51,veg,egg_allergy|nut_allergy,,maintenance,79,intermediate,low,92.08,2599.29,23,2973.64,19.32,69.85,6,average,Chickpea Spinach Stir Fry,Strength and Cardio Mix,beginner,95.22,Dumbbell Squat to Press|Assault Bike|Seated Cable Row|Step-Ups|Russian Twists,Plant-protein chickpeas with sauteed spinach.,"Focus on form, 3 sessions/week, and progressive consistency."
49.36,511.28,veg,none,,maintenance,85,beginner,moderate,57.11,1833.95,17,12330.88,26.58,90.55,10,poor,Veggie Brown Rice Plate,Mobility and Core Flow,beginner,55.75,Cat-Cow Stretch|World's Greatest Stretch|Side Plank|Bird Dog|Glute Bridge March,Brown rice with mixed vegetables and legumes.,"Focus on form, 3 sessions/week, and progressive consistency."
51.81,818.77,veg,none,,fat_loss,45,beginner,low,51.29,2787.39,22,11422.29,28.55,91.0,10,average,Lentil Greens Salad,HIIT Starter Circuit,beginner,53.53,High Knees|Bodyweight Squats|Burpees|Plank Shoulder Taps|Alternating Reverse Lunges,High-fiber lentils with leafy greens and lemon dressing.,"Focus on form, 3 sessions/week, and progressive consistency."
14.73,341.44,veg,none,,maintenance,20,advanced,moderate,73.71,2354.77,22,5756.22,31.1,75.83,9,good,Veggie Brown Rice Plate,Express Bodyweight Burner,intermediate,74.97,Jumping Jacks|Push-Ups|Air Squats|Mountain Climbers|Plank Hold,Brown rice with mixed vegetables and legumes.,Use progressive overload and mix strength with conditioning.
50.76,363.76,veg,lactose_intolerance|nut_allergy,,fat_loss,78,intermediate,moderate,101.07,2292.98,16,3416.48,28.94,78.09,12,good,Moong Sprout Salad,Metabolic Conditioning,intermediate,102.43,Kettlebell Swings|Thrusters|Rowing Intervals|Box Step-Ups|Battle Ropes,Nut-free sprouts salad with herbs and lime.,Use progressive overload and mix strength with conditioning.
24.0,873.21,non_veg,shellfish_allergy,,muscle,69,intermediate,low,72.72,2021.3,5,15490.16,20.18,50.37,5,poor,Lean Chicken Veg Plate,Upper Lower Strength Split,beginner,73.1,Barbell Bench Press|Romanian Deadlift|Lat Pulldown|Walking Lunges|Dumbbell Shoulder Press,Shellfish-free lean chicken and vegetable plate.,"Focus on form, 3 sessions/week, and progressive consistency."
49.26,660.74,non_veg,gluten_intolerance,,muscle,76,advanced,moderate,96.84,3120.24,19,9357.71,17.2,51.74,6,poor,High-Protein Grilled Chicken,Volume Hypertrophy Session,beginner,98.39,Leg Press|Incline Dumbbell Press|Chest-Supported Row|Seated Leg Curl|Cable Lateral Raise,High-protein grilled chicken with vegetables.,"Focus on form, 3 sessions/week, and progressive consistency."
49.36,303.95,veg,none,,muscle,51,intermediate,moderate,106.77,1713.34,11,7582.99,25.04,65.91,12,good,High-Protein Chickpea Stir Fry,Upper Lower Strength Split,advanced,106.21,Barbell Bench Press|Romanian Deadlift|Lat Pulldown|Walking Lunges|Dumbbell Shoulder Press,High-protein chickpea meal for muscle gain.,"Periodize training, recover well, and target performance blocks."
36.45,522.73,veg,none,,muscle,74,intermediate,high,70.98,2920.29,15,3798.97,32.77,87.29,7,average,Tofu Power Bowl,Upper Lower Strength Split,intermediate,71.74,Barbell Bench Press|Romanian Deadlift|Lat Pulldown|Walking Lunges|Dumbbell Shoulder Press,"Balanced tofu bowl with quinoa, greens, and seeds.",Use progressive overload and mix strength with conditioning.
42.78,485.86,veg,none,,muscle,24,beginner,low,114.23,1507.37,17,16740.62,20.44,70.2,7,good,High-Protein Chickpea Stir Fry,Express Bodyweight Burner,intermediate,112.45,Jumping Jacks|Push-Ups|Air Squats|Mountain Climbers|Plank Hold,High-protein chickpea meal for muscle gain.,Use progressive overload and mix strength with conditioning.
22.59,892.18,veg,none,,maintenance,41,advanced,low,78.47,1556.03,15,8908.28,19.16,80.78,12,good,Veggie Brown Rice Plate,Hybrid Endurance Strength,intermediate,78.58,Front Squat|Pull-Ups|Farmer Carry|Stationary Bike Intervals|Hanging Knee Raises,Brown rice with mixed vegetables and legumes.,Use progressive overload and mix strength with conditioning.
47.6,819.9,non_veg,soy_allergy,,maintenance,38,intermediate,moderate,53.35,1650.56,16,4403.17,24.6,59.62,6,good,Turkey Rice Bowl,Strength and Cardio Mix,intermediate,53.0,Dumbbell Squat to Press|Assault Bike|Seated Cable Row|Step-Ups|Russian Twists,Lean turkey with rice and roasted vegetables.,Use progressive overload and mix strength with conditioning.
43.53,380.15,non_veg,nut_allergy,,maintenance,41,beginner,high,68.09,1847.11,7,16993.23,25.07,93.4,11,average,Turkey Rice Bowl,Mobility and Core Flow,intermediate,66.41,Cat-Cow Stretch|World's Greatest Stretch|Side Plank|Bird Dog|Glute Bridge March,Lean turkey with rice and roasted vegetables.,Use progressive overload and mix strength with conditioning.
16.64,660.85,non_veg,soy_allergy,,maintenance,76,intermediate,low,63.47,2913.12,23,10098.08,27.46,72.07,12,average,Turkey Rice Bowl,Strength and Cardio Mix,intermediate,66.6,Dumbbell Squat to Press|Assault Bike|Seated Cable Row|Step-Ups|Russian Twists,Lean turkey with rice and roasted vegetables.,Use progressive overload and mix strength with conditioning.
48.02,797.45,veg,none,,muscle,57,intermediate,moderate,98.49,1849.17,16,4084.11,31.09,65.51,5,poor,High-Protein Chickpea Stir Fry,Upper Lower Strength Split,beginner,98.5,Barbell Bench Press|Romanian Deadlift|Lat Pulldown|Walking Lunges|Dumbbell Shoulder Press,High-protein chickpea meal for muscle gain.,"Focus on form, 3 sessions/week, and progressive consistency."
15.37,810.52,non_veg,gluten_intolerance|lactose_intolerance,,fat_loss,41,intermediate,low,75.61,2117.4,14,13044.73,20.66,57.63,5,average,Chicken Quinoa Plate,Metabolic Conditioning,beginner,75.77,Kettlebell Swings|Thrusters|Rowing Intervals|Box Step-Ups|Battle Ropes,Lean chicken with quinoa and mixed vegetables.,"Focus on form, 3 sessions/week, and progressive consistency."
40.31,301.81,non_veg,none,,maintenance,67,beginner,moderate,58.56,2122.38,16,16259.91,23.71,92.06,2,good,Turkey Rice Bowl,Mobility and Core Flow,beginner,57.38,Cat-Cow Stretch|World's Greatest Stretch|Side Plank|Bird Dog|Glute Bridge March,Lean turkey with rice and roasted vegetables.,"Focus on form, 3 sessions/week, and progressive consistency."
34.37,438.74,veg,none,,maintenance,67,beginner,moderate,106.22,2472.97,23,15508.14,32.08,72.59,3,good,Veggie Brown Rice Plate,Mobility and Core Flow,beginner,104.9,Cat-Cow Stretch|World's Greatest Stretch|Side Plank|Bird Dog|Glute Bridge March,Brown rice with mixed vegetables and legumes.,"Focus on form, 3 sessions/week, and progressive consistency."
45.35,620.0,non_veg,none,,muscle,72,intermediate,moderate,99.85,1484.79,13,10714.72,25.31,91.47,1,poor,High-Protein Grilled Chicken,Upper Lower Strength Split,beginner,98.29,Barbell Bench Press|Romanian Deadlift|Lat Pulldown|Walking Lunges|Dumbbell Shoulder Press,High-protein grilled chicken with vegetables.,"Focus on form, 3 sessions/week, and progressive consistency."
32.29,665.95,non_veg,none,,fat_loss,51,advanced,low,86.23,2069.7,7,15112.43,33.91,76.53,11,average,Grilled Fish Salad,Athlete HIIT Blast,beginner,85.74,Sprint Intervals|Box Jumps|Burpee Broad Jumps|Medicine Ball Slams|Skater Hops,Omega-rich fish with fresh vegetables and olive oil.,"Focus on form, 3 sessions/week, and progressive consistency."
23.76,845.34,veg,none,,fat_loss,82,intermediate,moderate,65.62,1312.03,3,5828.12,25.73,87.71,2,poor,Lentil Greens Salad,Metabolic Conditioning,beginner,65.44,Kettlebell Swings|Thrusters|Rowing Intervals|Box Step-Ups|Battle Ropes,High-fiber lentils with leafy greens and lemon dressing.,"Focus on form, 3 sessions/week, and progressive consistency."
20.36,620.68,non_veg,shellfish_allergy,,maintenance,67,beginner,low,67.35,1935.86,3,13804.53,29.84,63.21,6,good,Lean Chicken Veg Plate,Mobility and Core Flow,beginner,66.36,Cat-Cow Stretch|World's Greatest Stretch|Side Plank|Bird Dog|Glute Bridge March,Shellfish-free lean chicken and vegetable plate.,"Focus on form, 3 sessions/week, and progressive consistency."
25.72,329.95,non_veg,none,,fat_loss,62,advanced,low,110.22,1349.79,11,12827.87,23.77,50.38,0,average,Turkey Lettuce Wrap,Athlete HIIT Blast,beginner,109.58,Sprint Intervals|Box Jumps|Burpee Broad Jumps|Medicine Ball Slams|Skater Hops,Low-calorie turkey wraps with crunchy lettuce.,"Focus on form, 3 sessions/week, and progressive consistency."
39.43,870.42,veg,none,,muscle,78,advanced,low,62.84,2921.33,23,2655.47,34.01,73.43,2,average,Tofu Power Bowl,Volume Hypertrophy Session,beginner,67.66,Leg Press|Incline Dumbbell Press|Chest-Supported Row|Seated Leg Curl|Cable Lateral Raise,"Balanced tofu bowl with quinoa, greens, and seeds.","Focus on form, 3 sessions/week, and progressive consistency."
14.99,705.45,veg,soy_allergy,,muscle,74,beginner,moderate,52.51,1375.71,5,9890.24,32.36,59.82,4,average,Tofu Power Bowl,Full Body Strength Basics,beginner,51.94,Goblet Squat|Incline Push-Up|Dumbbell Row|Hip Bridge|Dead Bug,"Balanced tofu bowl with quinoa, greens, and seeds.","Focus on form, 3 sessions/week, and progressive consistency."
30.65,387.82,veg,lactose_intolerance,,fat_loss,88,intermediate,high,111.59,2444.63,13,16594.89,23.29,78.38,8,poor,Lentil Greens Salad,Sprint Interval Circuit,intermediate,110.2,Treadmill Sprint|Walking Recovery|Jump Squats|Push-Up to T Rotation|Plank Knee Drive,High-fiber lentils with leafy greens and lemon dressing.,Use progressive overload and mix strength with conditioning.
35.75,893.13,non_veg,gluten_intolerance,,muscle,88,advanced,high,51.43,2359.06,19,4367.87,29.42,80.62,11,average,Chicken Quinoa Plate,Volume Hypertrophy Session,intermediate,51.16,Leg Press|Incline Dumbbell Press|Chest-Supported Row|Seated Leg Curl|Cable Lateral Raise,Lean chicken with quinoa and mixed vegetables.,Use progressive overload and mix strength with conditioning.
42.53,498.17,veg,none,,maintenance,64,advanced,moderate,71.15,1723.12,14,11769.47,26.11,57.26,10,average,Veggie Brown Rice Plate,Hybrid Endurance Strength,intermediate,69.28,Front Squat|Pull-Ups|Farmer Carry|Stationary Bike Intervals|Hanging Knee Raises,Brown rice with mixed vegetables and legumes.,Use progressive overload and mix strength with conditioning.
28.01,630.43,veg,none,,maintenance,21,intermediate,high,93.1,2434.08,3,8989.12,19.06,84.75,1,average,Veggie Brown Rice Plate,Express Bodyweight Burner,intermediate,93.31,Jumping Jacks|Push-Ups|Air Squats|Mountain Climbers|Plank Hold,Brown rice with mixed vegetables and legumes.,Use progressive overload and mix strength with conditioning.
28.42,317.58,non_veg,egg_allergy|gluten_intolerance,,fat_loss,57,beginner,low,84.76,1943.51,21,12091.01,30.85,59.24,7,average,Turkey Lettuce Wrap,HIIT Starter Circuit,beginner,84.62,High Knees|Bodyweight Squats|Burpees|Plank Shoulder Taps|Alternating Reverse Lunges,Low-calorie turkey wraps with crunchy lettuce.,"Focus on form, 3 sessions/week, and progressive consistency."
18.59,496.52,veg,none,,muscle,90,advanced,low,50.83,1657.43,10,11232.66,34.16,50.76,2,poor,Tofu Power Bowl,Volume Hypertrophy Session,beginner,50.69,Leg Press|Incline Dumbbell Press|Chest-Supported Row|Seated Leg Curl|Cable Lateral Raise,"Balanced tofu bowl with quinoa, greens, and seeds.","Focus on form, 3 sessions/week, and progressive consistency."
42.58,774.54,non_veg,none,,fat_loss,43,advanced,moderate,109.09,2641.56,2,4580.01,23.43,53.32,0,average,Grilled Fish Salad,Athlete HIIT Blast,beginner,109.4,Sprint Intervals|Box Jumps|Burpee Broad Jumps|Medicine Ball Slams|Skater Hops,Omega-rich fish with fresh vegetables and olive oil.,"Focus on form, 3 sessions/week, and progressive consistency."
20.63,851.33,veg,none,,muscle,62,intermediate,low,65.97,1666.46,15,6930.89,30.7,81.63,12,good,Tofu Power Bowl,Upper Lower Strength Split,intermediate,66.77,Barbell Bench Press|Romanian Deadlift|Lat Pulldown|Walking Lunges|Dumbbell Shoulder Press,"Balanced tofu bowl with quinoa, greens, and seeds.",Use progressive overload and mix strength with conditioning.
53.68,276.65,non_veg,shellfish_allergy,,muscle,25,intermediate,moderate,110.3,3088.13,4,3865.02,20.15,81.43,10,average,High-Protein Grilled Chicken,Express Bodyweight Burner,intermediate,110.38,Jumping Jacks|Push-Ups|Air Squats|Mountain Climbers|Plank Hold,High-protein grilled chicken with vegetables.,Use progressive overload and mix strength with conditioning.
22.64,393.4,veg,none,,fat_loss,43,beginner,low,111.13,1797.73,15,13730.04,26.73,67.34,10,average,Lentil Greens Salad,HIIT Starter Circuit,intermediate,110.34,High Knees|Bodyweight Squats|Burpees|Plank Shoulder Taps|Alternating Reverse Lunges,High-fiber lentils with leafy greens and lemon dressing.,Use progressive overload and mix strength with conditioning.
28.52,261.14,veg,none,,fat_loss,42,advanced,moderate,116.14,2606.74,9,4625.09,34.78,65.53,10,good,Low-Cal Veg Soup,Athlete HIIT Blast,intermediate,116.49,Sprint Intervals|Box Jumps|Burpee Broad Jumps|Medicine Ball Slams|Skater Hops,Low-calorie vegetable soup for fat-loss support.,Use progressive overload and mix strength with conditioning.
51.41,461.17,non_veg,shellfish_allergy,,fat_loss,74,intermediate,moderate,117.6,2851.9,2,10156.47,32.57,59.99,9,poor,Lean Chicken Veg Plate,Metabolic Conditioning,beginner,118.39,Kettlebell Swings|Thrusters|Rowing Intervals|Box Step-Ups|Battle Ropes,Shellfish-free lean chicken and vegetable plate.,"Focus on form, 3 sessions/week, and progressive consistency."
35.98,756.75,veg,lactose_intolerance,,muscle,49,beginner,low,107.89,1745.75,18,13118.75,31.03,65.71,8,poor,Dairy-Free Protein Bowl,Full Body Strength Basics,beginner,106.8,Goblet Squat|Incline Push-Up|Dumbbell Row|Hip Bridge|Dead Bug,Lactose-safe protein meal without milk products.,"Focus on form, 3 sessions/week, and progressive consistency."
26.86,252.05,non_veg,none,,maintenance,38,advanced,low,54.51,1935.5,23,4241.14,20.67,60.82,3,average,Turkey Rice Bowl,Hybrid Endurance Strength,beginner,55.25,Front Squat|Pull-Ups|Farmer Carry|Stationary Bike Intervals|Hanging Knee Raises,Lean turkey with rice and roasted vegetables.,"Focus on form, 3 sessions/week, and progressive consistency."
35.65,515.26,non_veg,gluten_intolerance,,fat_loss,53,beginner,high,67.21,2731.92,13,8467.37,18.29,65.89,9,average,Chicken Quinoa Plate,Sprint Interval Circuit,advanced,66.52,Treadmill Sprint|Walking Recovery|Jump Squats|Push-Up to T Rotation|Plank Knee Drive,Lean chicken with quinoa and mixed vegetables.,"Periodize training, recover well, and target performance blocks."
16.13,892.88,veg,lactose_intolerance,,fat_loss,28,advanced,moderate,81.25,2583.07,4,16118.91,22.26,70.74,11,good,Lentil Greens Salad,Athlete HIIT Blast,advanced,81.02,Sprint Intervals|Box Jumps|Burpee Broad Jumps|Medicine Ball Slams|Skater Hops,High-fiber lentils with leafy greens and lemon dressing.,"Periodize training, recover well, and target performance blocks."
25.47,428.58,veg,none,,muscle,74,advanced,moderate,51.29,1808.7,18,15784.58,27.93,54.19,9,average,Tofu Power Bowl,Push Pull Legs Intense,intermediate,48.99,Barbell Back Squat|Bench Press|Bent-Over Row|Overhead Press|Conventional Deadlift,"Balanced tofu bowl with quinoa, greens, and seeds.",Use progressive overload and mix strength with conditioning.
40.26,665.0,veg,soy_allergy,,fat_loss,79,beginner,low,109.57,1409.65,5,14781.1,26.14,78.26,5,average,Lentil Greens Salad,HIIT Starter Circuit,beginner,109.2,High Knees|Bodyweight Squats|Burpees|Plank Shoulder Taps|Alternating Reverse Lunges,High-fiber lentils with leafy greens and lemon dressing.,"Focus on form, 3 sessions/week, and progressive consistency."
46.92,719.62,non_veg,none,,maintenance,42,intermediate,high,54.67,2176.52,8,10341.9,29.09,75.33,10,good,Turkey Rice Bowl,Strength and Cardio Mix,advanced,53.24,Dumbbell Squat to Press|Assault Bike|Seated Cable Row|Step-Ups|Russian Twists,Lean turkey with rice and roasted vegetables.,"Periodize training, recover well, and target performance blocks."
53.02,420.7,non_veg,none,,maintenance,27,beginner,moderate,59.03,2810.46,5,12765.09,18.41,82.81,6,average,Turkey Rice Bowl,Mobility and Core Flow,intermediate,59.18,Cat-Cow Stretch|World's Greatest Stretch|Side Plank|Bird Dog|Glute Bridge March,Lean turkey with rice and roasted vegetables.,Use progressive overload and mix strength with conditioning.
17.41,487.54,veg,none,,muscle,68,advanced,moderate,110.45,2573.96,23,7534.69,19.38,54.21,9,average,Tofu Power Bowl,Push Pull Legs Intense,intermediate,111.25,Barbell Back Squat|Bench Press|Bent-Over Row|Overhead Press|Conventional Deadlift,"Balanced tofu bowl with quinoa, greens, and seeds.",Use progressive overload and mix strength with conditioning.
51.7,782.82,non_veg,none,,muscle,82,intermediate,low,90.55,2257.18,9,15023.69,31.78,83.72,9,average,High-Protein Grilled Chicken,Volume Hypertrophy Session,beginner,90.92,Leg Press|Incline Dumbbell Press|Chest-Supported Row|Seated Leg Curl|Cable Lateral Raise,High-protein grilled chicken with vegetables.,"Focus on form, 3 sessions/week, and progressive consistency."
24.7,875.08,non_veg,nut_allergy|soy_allergy,,muscle,74,intermediate,low,71.85,1537.77,9,7979.99,17.33,84.82,12,good,Chicken Quinoa Plate,Upper Lower Strength Split,intermediate,71.33,Barbell Bench Press|Romanian Deadlift|Lat Pulldown|Walking Lunges|Dumbbell Shoulder Press,Lean chicken with quinoa and mixed vegetables.,Use progressive overload and mix strength with conditioning.
44.45,577.89,veg,none,,muscle,31,intermediate,moderate,115.25,1762.72,10,14867.1,27.2,70.94,5,average,High-Protein Chickpea Stir Fry,Upper Lower Strength Split,intermediate,113.63,Barbell Bench Press|Romanian Deadlift|Lat Pulldown|Walking Lunges|Dumbbell Shoulder Press,High-protein chickpea meal for muscle gain.,Use progressive overload and mix strength with conditioning.
46.26,323.51,veg,none,,fat_loss,67,beginner,moderate,55.51,2970.64,4,10645.45,23.42,70.89,8,average,Low-Cal Veg Soup,HIIT Starter Circuit,intermediate,55.85,High Knees|Bodyweight Squats|Burpees|Plank Shoulder Taps|Alternating Reverse Lunges,Low-calorie vegetable soup for fat-loss support.,Use progressive overload and mix strength with conditioning.
23.88,365.83,veg,none,,fat_loss,47,intermediate,moderate,110.35,2097.79,5,2822.97,29.83,90.97,12,good,Lentil Greens Salad,Metabolic Conditioning,intermediate,110.2,Kettlebell Swings|Thrusters|Rowing Intervals|Box Step-Ups|Battle Ropes,High-fiber lentils with leafy greens and lemon dressing.,Use progressive overload and mix strength with conditioning.
38.77,886.73,veg,none,,muscle,25,intermediate,moderate,99.39,1783.17,4,12600.24,19.2,79.26,10,average,Tofu Power Bowl,Express Bodyweight Burner,intermediate,99.38,Jumping Jacks|Push-Ups|Air Squats|Mountain Climbers|Plank Hold,"Balanced tofu bowl with quinoa, greens, and seeds.",Use progressive overload and mix strength with conditioning.
39.11,439.43,non_veg,egg_allergy,,fat_loss,47,intermediate,low,56.21,2434.51,5,15591.59,19.9,91.66,12,average,Grilled Fish Salad,Metabolic Conditioning,intermediate,55.54,Kettlebell Swings|Thrusters|Rowing Intervals|Box Step-Ups|Battle Ropes,Omega-rich fish with fresh vegetables and olive oil.,Use progressive overload and mix strength with conditioning.
34.65,509.62,non_veg,none,,maintenance,47,intermediate,moderate,65.06,2071.96,11,13723.9,20.18,65.16,3,average,Turkey Rice Bowl,Strength and Cardio Mix,intermediate,64.37,Dumbbell Squat to Press|Assault Bike|Seated Cable Row|Step-Ups|Russian Twists,Lean turkey with rice and roasted vegetables.,Use progressive overload and mix strength with conditioning.
17.49,869.52,non_veg,egg_allergy,,fat_loss,86,beginner,low,103.55,2196.65,23,16896.4,19.52,68.14,8,average,Grilled Fish Salad,HIIT Starter Circuit,intermediate,102.81,High Knees|Bodyweight Squats|Burpees|Plank Shoulder Taps|Alternating Reverse Lunges,Omega-rich fish with fresh vegetables and olive oil.,Use progressive overload and mix strength with conditioning.
19.73,676.28,non_veg,soy_allergy,,muscle,57,advanced,low,91.12,2798.88,18,7785.34,32.39,73.57,0,poor,Chicken Quinoa Plate,Push Pull Legs Intense,beginner,94.03,Barbell Back Squat|Bench Press|Bent-Over Row|Overhead Press|Conventional Deadlift,Lean chicken with quinoa and mixed vegetables.,"Focus on form, 3 sessions/week, and progressive consistency."
12.74,778.95,non_veg,shellfish_allergy,,maintenance,80,advanced,high,63.48,1842.34,2,5396.89,22.0,77.39,6,average,Lean Chicken Veg Plate,Hybrid Endurance Strength,intermediate,63.38,Front Squat|Pull-Ups|Farmer Carry|Stationary Bike Intervals|Hanging Knee Raises,Shellfish-free lean chicken and vegetable plate.,Use progressive overload and mix strength with conditioning.
14.41,800.28,veg,shellfish_allergy,,maintenance,26,intermediate,moderate,82.85,2179.89,6,14531.57,18.47,60.06,0,average,Veggie Brown Rice Plate,Strength and Cardio Mix,beginner,81.62,Dumbbell Squat to Press|Assault Bike|Seated Cable Row|Step-Ups|Russian Twists,Brown rice with mixed vegetables and legumes.,"Focus on form, 3 sessions/week, and progressive consistency."
27.5,338.94,veg,none,,fat_loss,82,advanced,moderate,93.2,3191.4,19,13694.45,19.73,62.64,1,average,Low-Cal Veg Soup,Athlete HIIT Blast,beginner,94.67,Sprint Intervals|Box Jumps|Burpee Broad Jumps|Medicine Ball Slams|Skater Hops,Low-calorie vegetable soup for fat-loss support.,"Focus on form, 3 sessions/week, and progressive consistency."
20.46,512.9,veg,none,,muscle,58,intermediate,low,69.52,2679.48,7,8981.85,32.4,50.94,12,good,Tofu Power Bowl,Upper Lower Strength Split,intermediate,69.4,Barbell Bench Press|Romanian Deadlift|Lat Pulldown|Walking Lunges|Dumbbell Shoulder Press,"Balanced tofu bowl with quinoa, greens, and seeds.",Use progressive overload and mix strength with conditioning.
44.12,881.38,veg,none,,muscle,41,beginner,moderate,102.49,3049.73,20,10383.67,24.12,69.16,1,average,High-Protein Chickpea Stir Fry,Full Body Strength Basics,beginner,104.27,Goblet Squat|Incline Push-Up|Dumbbell Row|Hip Bridge|Dead Bug,High-protein chickpea meal for muscle gain.,"Focus on form, 3 sessions/week, and progressive consistency."
27.59,404.42,veg,none,,muscle,31,intermediate,low,84.39,1984.85,3,6477.43,26.1,54.22,3,average,Tofu Power Bowl,Upper Lower Strength Split,beginner,84.1,Barbell Bench Press|Romanian Deadlift|Lat Pulldown|Walking Lunges|Dumbbell Shoulder Press,"Balanced tofu bowl with quinoa, greens, and seeds.","Focus on form, 3 sessions/week, and progressive consistency."
31.68,673.69,veg,none,,muscle,23,intermediate,moderate,75.67,1538.34,20,9506.46,30.5,52.39,8,average,Tofu Power Bowl,Express Bodyweight Burner,intermediate,73.38,Jumping Jacks|Push-Ups|Air Squats|Mountain Climbers|Plank Hold,"Balanced tofu bowl with quinoa, greens, and seeds.",Use progressive overload and mix strength with conditioning.
51.75,646.43,non_veg,egg_allergy,,fat_loss,28,advanced,moderate,59.69,2940.94,23,10964.51,32.78,53.13,9,average,Grilled Fish Salad,Athlete HIIT Blast,intermediate,60.46,Sprint Intervals|Box Jumps|Burpee Broad Jumps|Medicine Ball Slams|Skater Hops,Omega-rich fish with fresh vegetables and olive oil.,Use progressive overload and mix strength with conditioning.
48.39,303.94,non_veg,none,,maintenance,60,beginner,low,50.29,1489.13,16,12139.8,28.35,52.16,9,good,Turkey Rice Bowl,Mobility and Core Flow,intermediate,49.55,Cat-Cow Stretch|World's Greatest Stretch|Side Plank|Bird Dog|Glute Bridge March,Lean turkey with rice and roasted vegetables.,Use progressive overload and mix strength with conditioning.
30.14,258.46,non_veg,egg_allergy|soy_allergy,,fat_loss,34,intermediate,low,97.04,1505.37,4,6378.65,18.23,89.66,10,average,Turkey Lettuce Wrap,Metabolic Conditioning,beginner,97.61,Kettlebell Swings|Thrusters|Rowing Intervals|Box Step-Ups|Battle Ropes,Low-calorie turkey wraps with crunchy lettuce.,"Focus on form, 3 sessions/week, and progressive consistency."
13.2,857.47,veg,none,,maintenance,55,advanced,low,87.78,2760.99,2,12064.43,26.26,90.96,5,average,Veggie Brown Rice Plate,Hybrid Endurance Strength,beginner,88.43,Front Squat|Pull-Ups|Farmer Carry|Stationary Bike Intervals|Hanging Knee Raises,Brown rice with mixed vegetables and legumes.,"Focus on form, 3 sessions/week, and progressive consistency."
40.37,387.99,veg,none,,fat_loss,61,beginner,moderate,117.86,1837.3,24,10921.26,31.74,88.41,6,average,Lentil Greens Salad,HIIT Starter Circuit,beginner,115.99,High Knees|Bodyweight Squats|Burpees|Plank Shoulder Taps|Alternating Reverse Lunges,High-fiber lentils with leafy greens and lemon dressing.,"Focus on form, 3 sessions/week, and progressive consistency."
16.79,262.39,non_veg,lactose_intolerance,,fat_loss,58,beginner,low,89.02,2373.77,11,6002.77,30.06,70.49,3,good,Turkey Lettuce Wrap,HIIT Starter Circuit,beginner,90.93,High Knees|Bodyweight Squats|Burpees|Plank Shoulder Taps|Alternating Reverse Lunges,Low-calorie turkey wraps with crunchy lettuce.,"Focus on form, 3 sessions/week, and progressive consistency."
18.41,471.74,veg,none,,maintenance,48,beginner,low,85.07,2718.38,21,16753.92,24.72,48.13,7,poor,Veggie Brown Rice Plate,Mobility and Core Flow,beginner,86.12,Cat-Cow Stretch|World's Greatest Stretch|Side Plank|Bird Dog|Glute Bridge March,Brown rice with mixed vegetables and legumes.,"Focus on form, 3 sessions/week, and progressive consistency."
20.68,746.85,non_veg,none,,muscle,90,beginner,moderate,95.68,2364.41,16,8008.91,19.72,72.45,0,good,Chicken Quinoa Plate,Volume Hypertrophy Session,intermediate,95.74,Leg Press|Incline Dumbbell Press|Chest-Supported Row|Seated Leg Curl|Cable Lateral Raise,Lean chicken with quinoa and mixed vegetables.,Use progressive overload and mix strength with conditioning.
34.22,293.62,veg,gluten_intolerance,,maintenance,72,advanced,moderate,77.89,1634.26,6,12468.91,23.59,64.33,4,good,Quinoa Vegetable Plate,Hybrid Endurance Strength,intermediate,77.12,Front Squat|Pull-Ups|Farmer Carry|Stationary Bike Intervals|Hanging Knee Raises,Gluten-aware quinoa plate with seasonal vegetables.,Use progressive overload and mix strength with conditioning.
31.19,659.82,non_veg,none,,fat_loss,27,advanced,moderate,72.67,2823.65,22,10420.71,30.76,91.07,6,average,Grilled Fish Salad,Athlete HIIT Blast,beginner,73.19,Sprint Intervals|Box Jumps|Burpee Broad Jumps|Medicine Ball Slams|Skater Hops,Omega-rich fish with fresh vegetables and olive oil.,"Focus on form, 3 sessions/week, and progressive consistency."
24.48,467.69,veg,shellfish_allergy|soy_allergy,,fat_loss,49,intermediate,low,50.03,1389.2,16,9943.08,21.81,80.99,12,poor,Lentil Greens Salad,Metabolic Conditioning,beginner,48.51,Kettlebell Swings|Thrusters|Rowing Intervals|Box Step-Ups|Battle Ropes,High-fiber lentils with leafy greens and lemon dressing.,"Focus on form, 3 sessions/week, and progressive consistency."
31.47,365.41,veg,none,,fat_loss,62,advanced,moderate,75.46,1821.06,15,14489.12,29.23,75.24,0,good,Lentil Greens Salad,Athlete HIIT Blast,beginner,74.48,Sprint Intervals|Box Jumps|Burpee Broad Jumps|Medicine Ball Slams|Skater Hops,High-fiber lentils with leafy greens and lemon dressing.,"Focus on form, 3 sessions/week, and progressive consistency."
28.45,734.19,non_veg,gluten_intolerance,,fat_loss,89,beginner,moderate,65.28,3134.41,17,3587.72,18.56,80.11,0,average,Chicken Quinoa Plate,HIIT Starter Circuit,beginner,67.97,High Knees|Bodyweight Squats|Burpees|Plank Shoulder Taps|Alternating Reverse Lunges,Lean chicken with quinoa and mixed vegetables.,"Focus on form, 3 sessions/week, and progressive consistency."
46.58,619.43,non_veg,lactose_intolerance|shellfish_allergy,,fat_loss,23,beginner,low,102.84,1873.34,8,10104.28,33.78,68.11,8,average,Lean Chicken Veg Plate,Express Bodyweight Burner,beginner,102.65,Jumping Jacks|Push-Ups|Air Squats|Mountain Climbers|Plank Hold,Shellfish-free lean chicken and vegetable plate.,"Focus on form, 3 sessions/week, and progressive consistency."
18.15,657.13,veg,nut_allergy|soy_allergy,,muscle,42,intermediate,low,81.69,1527.66,14,10909.5,30.93,92.28,8,poor,Tofu Power Bowl,Upper Lower Strength Split,beginner,81.16,Barbell Bench Press|Romanian Deadlift|Lat Pulldown|Walking Lunges|Dumbbell Shoulder Press,"Balanced tofu bowl with quinoa, greens, and seeds.","Focus on form, 3 sessions/week, and progressive consistency."
34.65,355.06,non_veg,none,,maintenance,67,beginner,high,91.81,3177.56,21,8537.33,24.44,80.81,6,average,Turkey Rice Bowl,Mobility and Core Flow,intermediate,92.68,Cat-Cow Stretch|World's Greatest Stretch|Side Plank|Bird Dog|Glute Bridge March,Lean turkey with rice and roasted vegetables.,Use progressive overload and mix strength with conditioning.
53.45,363.23,veg,shellfish_allergy,,maintenance,60,advanced,low,116.75,1728.15,12,14947.11,18.58,66.68,6,average,Veggie Brown Rice Plate,Hybrid Endurance Strength,beginner,116.53,Front Squat|Pull-Ups|Farmer Carry|Stationary Bike Intervals|Hanging Knee Raises,Brown rice with mixed vegetables and legumes.,"Focus on form, 3 sessions/week, and progressive consistency."
14.59,609.26,veg,shellfish_allergy,,fat_loss,61,beginner,high,73.61,1724.95,3,2622.94,20.45,67.85,3,average,Lentil Greens Salad,Sprint Interval Circuit,intermediate,73.39,Treadmill Sprint|Walking Recovery|Jump Squats|Push-Up to T Rotation|Plank Knee Drive,High-fiber lentils with leafy greens and lemon dressing.,Use progressive overload and mix strength with conditioning.
20.56,408.21,non_veg,none,,muscle,43,beginner,low,64.43,2006.45,9,16973.4,35.75,93.77,3,average,Chicken Quinoa Plate,Full Body Strength Basics,beginner,64.5,Goblet Squat|Incline Push-Up|Dumbbell Row|Hip Bridge|Dead Bug,Lean chicken with quinoa and mixed vegetables.,"Focus on form, 3 sessions/week, and progressive consistency."
24.83,352.83,non_veg,egg_allergy,,muscle,51,beginner,moderate,99.85,1862.48,2,4767.54,30.45,59.42,9,average,Chicken Quinoa Plate,Full Body Strength Basics,intermediate,99.36,Goblet Squat|Incline Push-Up|Dumbbell Row|Hip Bridge|Dead Bug,Lean chicken with quinoa and mixed vegetables.,Use progressive overload and mix strength with conditioning.
43.94,576.8,veg,none,,muscle,31,beginner,moderate,89.83,2424.54,22,5350.39,35.43,71.38,6,average,High-Protein Chickpea Stir Fry,Full Body Strength Basics,beginner,90.76,Goblet Squat|Incline Push-Up|Dumbbell Row|Hip Bridge|Dead Bug,High-protein chickpea meal for muscle gain.,"Focus on form, 3 sessions/week, and progressive consistency."
50.15,854.3,non_veg,egg_allergy,,maintenance,58,intermediate,moderate,95.08,1781.89,14,7198.13,20.42,88.29,11,average,Turkey Rice Bowl,Strength and Cardio Mix,intermediate,94.08,Dumbbell Squat to Press|Assault Bike|Seated Cable Row|Step-Ups|Russian Twists,Lean turkey with rice and roasted vegetables.,Use progressive overload and mix strength with conditioning.
36.74,865.45,non_veg,none,,fat_loss,32,beginner,low,70.58,2266.41,8,12118.07,18.75,84.94,8,poor,Grilled Fish Salad,HIIT Starter Circuit,beginner,71.34,High Knees|Bodyweight Squats|Burpees|Plank Shoulder Taps|Alternating Reverse Lunges,Omega-rich fish with fresh vegetables and olive oil.,"Focus on form, 3 sessions/week, and progressive consistency."
48.68,806.53,non_veg,none,,muscle,48,intermediate,low,82.07,2960.71,19,3715.54,32.87,93.48,12,poor,High-Protein Grilled Chicken,Upper Lower Strength Split,beginner,86.42,Barbell Bench Press|Romanian Deadlift|Lat Pulldown|Walking Lunges|Dumbbell Shoulder Press,High-protein grilled chicken with vegetables.,"Focus on form, 3 sessions/week, and progressive consistency."
13.04,794.48,non_veg,shellfish_allergy,,fat_loss,30,beginner,moderate,84.18,2310.33,8,7510.42,33.37,69.5,9,average,Lean Chicken Veg Plate,HIIT Starter Circuit,intermediate,83.97,High Knees|Bodyweight Squats|Burpees|Plank Shoulder Taps|Alternating Reverse Lunges,Shellfish-free lean chicken and vegetable plate.,Use progressive overload and mix strength with conditioning.
17.07,666.12,veg,none,,maintenance,54,intermediate,low,93.99,1331.74,15,11215.41,28.65,89.69,9,average,Veggie Brown Rice Plate,Strength and Cardio Mix,beginner,91.94,Dumbbell Squat to Press|Assault Bike|Seated Cable Row|Step-Ups|Russian Twists,Brown rice with mixed vegetables and legumes.,"Focus on form, 3 sessions/week, and progressive consistency."
12.55,616.29,veg,none,,maintenance,64,intermediate,high,94.44,1749.33,12,4616.15,24.37,68.84,8,average,Veggie Brown Rice Plate,Strength and Cardio Mix,advanced,93.36,Dumbbell Squat to Press|Assault Bike|Seated Cable Row|Step-Ups|Russian Twists,Brown rice with mixed vegetables and legumes.,"Periodize training, recover well, and target performance blocks."
17.81,849.83,veg,lactose_intolerance,,fat_loss,81,intermediate,moderate,76.58,2843.18,8,5176.39,22.29,91.5,2,good,Lentil Greens Salad,Metabolic Conditioning,intermediate,77.22,Kettlebell Swings|Thrusters|Rowing Intervals|Box Step-Ups|Battle Ropes,High-fiber lentils with leafy greens and lemon dressing.,Use progressive overload and mix strength with conditioning.
15.8,814.67,non_veg,gluten_intolerance,,fat_loss,69,intermediate,moderate,106.94,2829.57,22,11294.34,32.31,84.85,3,good,Chicken Quinoa Plate,Metabolic Conditioning,beginner,107.42,Kettlebell Swings|Thrusters|Rowing Intervals|Box Step-Ups|Battle Ropes,Lean chicken with quinoa and mixed vegetables.,"Focus on form, 3 sessions/week, and progressive consistency."
47.11,492.02,veg,none,,muscle,25,beginner,moderate,48.04,1652.17,10,5598.08,23.87,74.42,12,average,High-Protein Chickpea Stir Fry,Express Bodyweight Burner,advanced,47.65,Jumping Jacks|Push-Ups|Air Squats|Mountain Climbers|Plank Hold,High-protein chickpea meal for muscle gain.,"Periodize training, recover well, and target performance blocks."
17.62,643.15,non_veg,soy_allergy,,fat_loss,52,advanced,high,99.98,2129.27,20,13347.59,25.99,65.03,5,good,Grilled Fish Salad,Sprint Interval Circuit,advanced,97.17,Treadmill Sprint|Walking Recovery|Jump Squats|Push-Up to T Rotation|Plank Knee Drive,Omega-rich fish with fresh vegetables and olive oil.,"Periodize training, recover well, and target performance blocks."
16.56,633.33,non_veg,none,,muscle,78,advanced,high,66.06,2791.4,21,5158.9,33.31,56.64,10,average,Chicken Quinoa Plate,Volume Hypertrophy Session,intermediate,67.04,Leg Press|Incline Dumbbell Press|Chest-Supported Row|Seated Leg Curl|Cable Lateral Raise,Lean chicken with quinoa and mixed vegetables.,Use progressive overload and mix strength with conditioning.
13.52,658.7,veg,egg_allergy|nut_allergy,,muscle,39,beginner,moderate,53.72,2539.3,11,6363.78,31.63,75.21,1,average,Chickpea Spinach Stir Fry,Full Body Strength Basics,beginner,54.24,Goblet Squat|Incline Push-Up|Dumbbell Row|Hip Bridge|Dead Bug,Plant-protein chickpeas with sauteed spinach.,"Focus on form, 3 sessions/week, and progressive consistency."
52.85,462.17,veg,egg_allergy|nut_allergy,,maintenance,54,beginner,moderate,88.81,2081.38,2,7700.72,20.26,61.39,2,good,Chickpea Spinach Stir Fry,Mobility and Core Flow,intermediate,88.07,Cat-Cow Stretch|World's Greatest Stretch|Side Plank|Bird Dog|Glute Bridge March,Plant-protein chickpeas with sauteed spinach.,Use progressive overload and mix strength with conditioning.
15.73,807.34,veg,none,,fat_loss,39,beginner,moderate,81.32,2200.31,3,15908.55,27.98,51.79,9,average,Lentil Greens Salad,HIIT Starter Circuit,intermediate,80.71,High Knees|Bodyweight Squats|Burpees|Plank Shoulder Taps|Alternating Reverse Lunges,High-fiber lentils with leafy greens and lemon dressing.,Use progressive overload and mix strength with conditioning.
48.59,538.65,veg,gluten_intolerance|soy_allergy,,maintenance,54,beginner,low,94.23,1678.65,6,16249.63,20.03,70.39,10,average,Quinoa Vegetable Plate,Mobility and Core Flow,intermediate,93.29,Cat-Cow Stretch|World's Greatest Stretch|Side Plank|Bird Dog|Glute Bridge March,Gluten-aware quinoa plate with seasonal vegetables.,Use progressive overload and mix strength with conditioning.
14.45,544.0,veg,none,,muscle,83,intermediate,moderate,66.64,2368.92,13,3082.61,34.11,52.84,7,average,Tofu Power Bowl,Volume Hypertrophy Session,intermediate,66.94,Leg Press|Incline Dumbbell Press|Chest-Supported Row|Seated Leg Curl|Cable Lateral Raise,"Balanced tofu bowl with quinoa, greens, and seeds.",Use progressive overload and mix strength with conditioning.
48.85,814.36,non_veg,egg_allergy,,maintenance,28,beginner,moderate,63.15,2926.11,10,7638.25,19.33,72.13,2,poor,Turkey Rice Bowl,Mobility and Core Flow,beginner,63.11,Cat-Cow Stretch|World's Greatest Stretch|Side Plank|Bird Dog|Glute Bridge March,Lean turkey with rice and roasted vegetables.,"Focus on form, 3 sessions/week, and progressive consistency."
16.37,843.12,non_veg,none,,maintenance,70,beginner,low,68.72,2489.75,12,14709.66,26.57,70.33,8,average,Turkey Rice Bowl,Mobility and Core Flow,beginner,68.91,Cat-Cow Stretch|World's Greatest Stretch|Side Plank|Bird Dog|Glute Bridge March,Lean turkey with rice and roasted vegetables.,"Focus on form, 3 sessions/week, and progressive consistency."
21.24,799.25,non_veg,nut_allergy,,muscle,85,beginner,low,87.69,2996.22,4,8951.07,23.67,53.79,0,poor,Chicken Quinoa Plate,Volume Hypertrophy Session,beginner,88.68,Leg Press|Incline Dumbbell Press|Chest-Supported Row|Seated Leg Curl|Cable Lateral Raise,Lean chicken with quinoa and mixed vegetables.,"Focus on form, 3 sessions/week, and progressive consistency."
45.83,425.75,veg,none,,fat_loss,32,beginner,low,59.15,1322.0,2,16638.18,22.99,58.16,7,average,Lentil Greens Salad,HIIT Starter Circuit,intermediate,58.56,High Knees|Bodyweight Squats|Burpees|Plank Shoulder Taps|Alternating Reverse Lunges,High-fiber lentils with leafy greens and lemon dressing.,Use progressive overload and mix strength with conditioning.
27.98,733.39,veg,lactose_intolerance,,muscle,30,beginner,moderate,59.28,1499.27,15,10818.87,27.55,83.92,7,average,Dairy-Free Protein Bowl,Full Body Strength Basics,beginner,57.3,Goblet Squat|Incline Push-Up|Dumbbell Row|Hip Bridge|Dead Bug,Lactose-safe protein meal without milk products.,"Focus on form, 3 sessions/week, and progressive consistency."
36.79,719.95,veg,none,,muscle,62,beginner,low,54.72,2697.27,4,7111.43,22.84,51.83,7,poor,Tofu Power Bowl,Full Body Strength Basics,beginner,54.98,Goblet Squat|Incline Push-Up|Dumbbell Row|Hip Bridge|Dead Bug,"Balanced tofu bowl with quinoa, greens, and seeds.","Focus on form, 3 sessions/week, and progressive consistency."
45.85,275.55,non_veg,egg_allergy|nut_allergy,,muscle,52,beginner,high,93.0,3070.84,9,9540.53,25.25,69.33,12,poor,High-Protein Grilled Chicken,Full Body Strength Basics,advanced,94.02,Goblet Squat|Incline Push-Up|Dumbbell Row|Hip Bridge|Dead Bug,High-protein grilled chicken with vegetables.,"Periodize training, recover well, and target performance blocks."
41.29,315.13,veg,none,,maintenance,37,intermediate,high,105.05,1470.75,3,2702.58,23.7,54.0,8,average,Veggie Brown Rice Plate,Strength and Cardio Mix,advanced,104.74,Dumbbell Squat to Press|Assault Bike|Seated Cable Row|Step-Ups|Russian Twists,Brown rice with mixed vegetables and legumes.,"Periodize training, recover well, and target performance blocks."
49.62,262.61,veg,none,,muscle,54,beginner,low,97.55,2924.98,19,10285.99,28.97,52.29,0,average,High-Protein Chickpea Stir Fry,Full Body Strength Basics,beginner,100.54,Goblet Squat|Incline Push-Up|Dumbbell Row|Hip Bridge|Dead Bug,High-protein chickpea meal for muscle gain.,"Focus on form, 3 sessions/week, and progressive consistency."
14.02,627.41,veg,none,,maintenance,54,intermediate,moderate,112.6,2092.47,20,6675.61,35.24,66.42,8,good,Veggie Brown Rice Plate,Strength and Cardio Mix,intermediate,112.62,Dumbbell Squat to Press|Assault Bike|Seated Cable Row|Step-Ups|Russian Twists,Brown rice with mixed vegetables and legumes.,Use progressive overload and mix strength with conditioning.
39.56,268.19,non_veg,none,,maintenance,67,intermediate,low,84.52,3100.9,18,12649.5,25.81,65.46,10,average,Turkey Rice Bowl,Strength and Cardio Mix,intermediate,86.99,Dumbbell Squat to Press|Assault Bike|Seated Cable Row|Step-Ups|Russian Twists,Lean turkey with rice and roasted vegetables.,Use progressive overload and mix strength with conditioning.
12.07,581.01,veg,none,,fat_loss,52,beginner,low,103.56,1448.05,17,7171.92,18.63,49.79,11,average,Lentil Greens Salad,HIIT Starter Circuit,intermediate,103.18,High Knees|Bodyweight Squats|Burpees|Plank Shoulder Taps|Alternating Reverse Lunges,High-fiber lentils with leafy greens and lemon dressing.,Use progressive overload and mix strength with conditioning.
34.58,784.96,non_veg,none,,maintenance,63,beginner,moderate,100.43,2839.07,19,12252.63,17.97,88.48,9,average,Turkey Rice Bowl,Mobility and Core Flow,intermediate,101.6,Cat-Cow Stretch|World's Greatest Stretch|Side Plank|Bird Dog|Glute Bridge March,Lean turkey with rice and roasted vegetables.,Use progressive overload and mix strength with conditioning.
17.94,523.84,veg,egg_allergy|nut_allergy,,fat_loss,44,beginner,high,74.68,2460.42,17,11041.65,20.1,83.93,12,good,Chickpea Spinach Stir Fry,Sprint Interval Circuit,advanced,73.77,Treadmill Sprint|Walking Recovery|Jump Squats|Push-Up to T Rotation|Plank Knee Drive,Plant-protein chickpeas with sauteed spinach.,"Periodize training, recover well, and target performance blocks."
33.42,751.3,veg,none,,maintenance,86,beginner,moderate,65.16,2583.03,21,9064.35,28.87,60.67,8,average,Veggie Brown Rice Plate,Mobility and Core Flow,intermediate,65.58,Cat-Cow Stretch|World's Greatest Stretch|Side Plank|Bird Dog|Glute Bridge March,Brown rice with mixed vegetables and legumes.,Use progressive overload and mix strength with conditioning.
23.82,355.09,veg,gluten_intolerance,,muscle,30,intermediate,moderate,60.49,3142.83,14,3581.33,35.21,48.3,7,average,Quinoa Vegetable Plate,Upper Lower Strength Split,beginner,62.08,Barbell Bench Press|Romanian Deadlift|Lat Pulldown|Walking Lunges|Dumbbell Shoulder Press,Gluten-aware quinoa plate with seasonal vegetables.,"Focus on form, 3 sessions/week, and progressive consistency."
45.24,553.57,veg,gluten_intolerance,,maintenance,57,beginner,moderate,51.68,1381.58,8,11123.47,20.6,55.02,8,average,Quinoa Vegetable Plate,Mobility and Core Flow,intermediate,50.33,Cat-Cow Stretch|World's Greatest Stretch|Side Plank|Bird Dog|Glute Bridge March,Gluten-aware quinoa plate with seasonal vegetables.,Use progressive overload and mix strength with conditioning.
18.73,457.85,non_veg,gluten_intolerance|lactose_intolerance,,muscle,64,intermediate,moderate,101.69,2582.16,23,11708.58,25.41,50.28,8,good,Dairy-Free Protein Bowl,Upper Lower Strength Split,advanced,102.07,Barbell Bench Press|Romanian Deadlift|Lat Pulldown|Walking Lunges|Dumbbell Shoulder Press,Lactose-safe protein meal without milk products.,"Periodize training, recover well, and target performance blocks."
34.43,713.01,non_veg,none,,fat_loss,60,advanced,high,66.6,3096.29,2,7950.33,31.74,56.68,10,average,Grilled Fish Salad,Sprint Interval Circuit,advanced,66.61,Treadmill Sprint|Walking Recovery|Jump Squats|Push-Up to T Rotation|Plank Knee Drive,Omega-rich fish with fresh vegetables and olive oil.,"Periodize training, recover well, and target performance blocks."
30.04,265.27,non_veg,none,,maintenance,59,beginner,moderate,48.04,1836.31,2,10393.34,31.99,92.83,12,poor,Turkey Rice Bowl,Mobility and Core Flow,beginner,47.46,Cat-Cow Stretch|World's Greatest Stretch|Side Plank|Bird Dog|Glute Bridge March,Lean turkey with rice and roasted vegetables.,"Focus on form, 3 sessions/week, and progressive consistency."
13.27,507.06,non_veg,none,,maintenance,73,intermediate,low,90.36,1505.72,5,14981.77,28.06,75.47,0,good,Turkey Rice Bowl,Strength and Cardio Mix,beginner,90.11,Dumbbell Squat to Press|Assault Bike|Seated Cable Row|Step-Ups|Russian Twists,Lean turkey with rice and roasted vegetables.,"Focus on form, 3 sessions/week, and progressive consistency."
33.28,831.07,non_veg,none,,maintenance,45,beginner,low,79.64,1878.07,4,15881.12,17.09,50.01,11,poor,Turkey Rice Bowl,Mobility and Core Flow,beginner,79.55,Cat-Cow Stretch|World's Greatest Stretch|Side Plank|Bird Dog|Glute Bridge March,Lean turkey with rice and roasted vegetables.,"Focus on form, 3 sessions/week, and progressive consistency."
32.97,815.34,non_veg,nut_allergy,,maintenance,83,beginner,low,86.51,3091.87,21,11183.99,17.79,92.12,8,poor,Turkey Rice Bowl,Mobility and Core Flow,beginner,90.67,Cat-Cow Stretch|World's Greatest Stretch|Side Plank|Bird Dog|Glute Bridge March,Lean turkey with rice and roasted vegetables.,"Focus on form, 3 sessions/week, and progressive consistency."
26.9,381.55,veg,egg_allergy,,maintenance,78,advanced,low,53.54,2931.78,17,9871.67,35.91,87.83,0,average,Chickpea Spinach Stir Fry,Hybrid Endurance Strength,beginner,55.7,Front Squat|Pull-Ups|Farmer Carry|Stationary Bike Intervals|Hanging Knee Raises,Plant-protein chickpeas with sauteed spinach.,"Focus on form, 3 sessions/week, and progressive consistency."
13.65,453.62,non_veg,none,,fat_loss,56,intermediate,moderate,110.5,1648.86,6,8166.35,30.91,61.47,9,average,Grilled Fish Salad,Metabolic Conditioning,intermediate,109.78,Kettlebell Swings|Thrusters|Rowing Intervals|Box Step-Ups|Battle Ropes,Omega-rich fish with fresh vegetables and olive oil.,Use progressive overload and mix strength with conditioning.
16.65,846.45,non_veg,gluten_intolerance,,maintenance,51,beginner,moderate,68.41,2147.04,9,12131.13,21.47,80.55,0,good,Chicken Quinoa Plate,Mobility and Core Flow,beginner,67.5,Cat-Cow Stretch|World's Greatest Stretch|Side Plank|Bird Dog|Glute Bridge March,Lean chicken with quinoa and mixed vegetables.,"Focus on form, 3 sessions/week, and progressive consistency."
19.04,692.15,veg,none,,muscle,39,beginner,low,79.21,1339.14,5,7821.82,33.49,70.3,4,poor,Tofu Power Bowl,Full Body Strength Basics,beginner,79.19,Goblet Squat|Incline Push-Up|Dumbbell Row|Hip Bridge|Dead Bug,"Balanced tofu bowl with quinoa, greens, and seeds.","Focus on form, 3 sessions/week, and progressive consistency."
29.77,604.44,non_veg,none,,maintenance,89,beginner,moderate,83.38,1546.85,20,11606.78,20.13,69.24,12,average,Turkey Rice Bowl,Mobility and Core Flow,advanced,80.8,Cat-Cow Stretch|World's Greatest Stretch|Side Plank|Bird Dog|Glute Bridge March,Lean turkey with rice and roasted vegetables.,"Periodize training, recover well, and target performance blocks."
23.5,272.95,non_veg,soy_allergy,,fat_loss,45,advanced,low,52.45,2220.41,18,10977.94,27.73,70.34,12,poor,Turkey Lettuce Wrap,Athlete HIIT Blast,beginner,54.19,Sprint Intervals|Box Jumps|Burpee Broad Jumps|Medicine Ball Slams|Skater Hops,Low-calorie turkey wraps with crunchy lettuce.,"Focus on form, 3 sessions/week, and progressive consistency."
41.95,880.13,non_veg,none,,muscle,58,beginner,moderate,93.31,1775.56,6,5265.37,19.31,87.92,7,average,Chicken Quinoa Plate,Full Body Strength Basics,intermediate,92.26,Goblet Squat|Incline Push-Up|Dumbbell Row|Hip Bridge|Dead Bug,Lean chicken with quinoa and mixed vegetables.,Use progressive overload and mix strength with conditioning.
44.51,356.43,non_veg,egg_allergy|nut_allergy,,fat_loss,29,beginner,moderate,114.04,2885.52,4,10687.75,29.59,74.16,3,poor,Grilled Fish Salad,HIIT Starter Circuit,beginner,113.91,High Knees|Bodyweight Squats|Burpees|Plank Shoulder Taps|Alternating Reverse Lunges,Omega-rich fish with fresh vegetables and olive oil.,"Focus on form, 3 sessions/week, and progressive consistency."
12.79,366.97,veg,gluten_intolerance,,muscle,30,intermediate,moderate,89.84,1883.65,10,12420.56,35.66,57.0,2,average,Quinoa Vegetable Plate,Upper Lower Strength Split,beginner,89.5,Barbell Bench Press|Romanian Deadlift|Lat Pulldown|Walking Lunges|Dumbbell Shoulder Press,Gluten-aware quinoa plate with seasonal vegetables.,"Focus on form, 3 sessions/week, and progressive consistency."
35.12,255.27,veg,egg_allergy,,fat_loss,40,beginner,moderate,99.7,1445.72,7,4158.88,34.69,50.7,9,good,Low-Cal Veg Soup,HIIT Starter Circuit,intermediate,99.58,High Knees|Bodyweight Squats|Burpees|Plank Shoulder Taps|Alternating Reverse Lunges,Low-calorie vegetable soup for fat-loss support.,Use progressive overload and mix strength with conditioning.
14.7,426.46,veg,egg_allergy|lactose_intolerance,,muscle,45,intermediate,low,95.2,3089.58,11,15023.16,32.76,92.46,8,average,Dairy-Free Protein Bowl,Upper Lower Strength Split,beginner,96.61,Barbell Bench Press|Romanian Deadlift|Lat Pulldown|Walking Lunges|Dumbbell Shoulder Press,Lactose-safe protein meal without milk products.,"Focus on form, 3 sessions/week, and progressive consistency."
49.71,726.07,non_veg,nut_allergy,,maintenance,88,intermediate,moderate,105.99,1816.06,15,15009.31,32.63,83.91,4,poor,Turkey Rice Bowl,Strength and Cardio Mix,beginner,104.11,Dumbbell Squat to Press|Assault Bike|Seated Cable Row|Step-Ups|Russian Twists,Lean turkey with rice and roasted vegetables.,"Focus on form, 3 sessions/week, and progressive consistency."
37.22,707.9,non_veg,none,,fat_loss,34,beginner,moderate,87.19,2010.91,4,15194.02,28.58,87.39,9,average,Grilled Fish Salad,HIIT Starter Circuit,intermediate,86.73,High Knees|Bodyweight Squats|Burpees|Plank Shoulder Taps|Alternating Reverse Lunges,Omega-rich fish with fresh vegetables and olive oil.,Use progressive overload and mix strength with conditioning.
36.47,646.59,non_veg,egg_allergy|nut_allergy,,muscle,78,intermediate,moderate,80.54,2014.31,14,10689.33,19.24,54.42,6,average,Chicken Quinoa Plate,Volume Hypertrophy Session,intermediate,79.6,Leg Press|Incline Dumbbell Press|Chest-Supported Row|Seated Leg Curl|Cable Lateral Raise,Lean chicken with quinoa and mixed vegetables.,Use progressive overload and mix strength with conditioning.
26.92,706.41,veg,none,,maintenance,69,beginner,low,90.06,2932.9,2,7163.75,21.48,58.47,2,good,Veggie Brown Rice Plate,Mobility and Core Flow,intermediate,90.53,Cat-Cow Stretch|World's Greatest Stretch|Side Plank|Bird Dog|Glute Bridge March,Brown rice with mixed vegetables and legumes.,Use progressive overload and mix strength with conditioning.
54.57,614.69,veg,egg_allergy,,fat_loss,28,intermediate,low,76.08,1826.22,2,12171.89,20.42,84.61,10,average,Chickpea Spinach Stir Fry,Metabolic Conditioning,intermediate,75.93,Kettlebell Swings|Thrusters|Rowing Intervals|Box Step-Ups|Battle Ropes,Plant-protein chickpeas with sauteed spinach.,Use progressive overload and mix strength with conditioning.
46.45,816.74,veg,none,,muscle,34,advanced,moderate,68.3,1635.99,2,2561.55,19.16,48.66,4,good,High-Protein Chickpea Stir Fry,Push Pull Legs Intense,intermediate,68.66,Barbell Back Squat|Bench Press|Bent-Over Row|Overhead Press|Conventional Deadlift,High-protein chickpea meal for muscle gain.,Use progressive overload and mix strength with conditioning.
32.18,891.38,non_veg,gluten_intolerance,,muscle,38,beginner,moderate,78.41,2098.09,21,6232.02,30.9,68.24,2,average,Chicken Quinoa Plate,Full Body Strength Basics,beginner,78.51,Goblet Squat|Incline Push-Up|Dumbbell Row|Hip Bridge|Dead Bug,Lean chicken with quinoa and mixed vegetables.,"Focus on form, 3 sessions/week, and progressive consistency."
48.97,638.85,veg,lactose_intolerance,,fat_loss,88,beginner,moderate,77.67,2337.83,11,4608.71,17.21,57.56,5,average,Lentil Greens Salad,HIIT Starter Circuit,intermediate,78.0,High Knees|Bodyweight Squats|Burpees|Plank Shoulder Taps|Alternating Reverse Lunges,High-fiber lentils with leafy greens and lemon dressing.,Use progressive overload and mix strength with conditioning.
16.93,701.14,veg,none,,maintenance,39,advanced,moderate,102.99,2634.44,18,16542.07,31.05,68.64,6,average,Veggie Brown Rice Plate,Hybrid Endurance Strength,beginner,102.63,Front Squat|Pull-Ups|Farmer Carry|Stationary Bike Intervals|Hanging Knee Raises,Brown rice with mixed vegetables and legumes.,"Focus on form, 3 sessions/week, and progressive consistency."
50.6,831.97,non_veg,gluten_intolerance,,maintenance,64,intermediate,moderate,92.1,1906.67,18,3414.35,34.61,68.07,7,average,Chicken Quinoa Plate,Strength and Cardio Mix,beginner,91.85,Dumbbell Squat to Press|Assault Bike|Seated Cable Row|Step-Ups|Russian Twists,Lean chicken with quinoa and mixed vegetables.,"Focus on form, 3 sessions/week, and progressive consistency."
12.59,360.02,non_veg,none,,muscle,65,intermediate,low,64.58,2845.47,12,4930.65,21.01,77.4,2,good,Chicken Quinoa Plate,Upper Lower Strength Split,beginner,66.14,Barbell Bench Press|Romanian Deadlift|Lat Pulldown|Walking Lunges|Dumbbell Shoulder Press,Lean chicken with quinoa and mixed vegetables.,"Focus on form, 3 sessions/week, and progressive consistency."
52.78,712.07,veg,none,,fat_loss,38,beginner,moderate,86.83,2398.6,15,12197.87,26.17,89.02,1,average,Lentil Greens Salad,HIIT Starter Circuit,beginner,85.87,High Knees|Bodyweight Squats|Burpees|Plank Shoulder Taps|Alternating Reverse Lunges,High-fiber lentils with leafy greens and lemon dressing.,"Focus on form, 3 sessions/week, and progressive consistency."
52.09,429.09,veg,none,,muscle,63,advanced,moderate,105.49,2611.43,15,16736.67,19.49,84.53,6,poor,High-Protein Chickpea Stir Fry,Push Pull Legs Intense,beginner,104.38,Barbell Back Squat|Bench Press|Bent-Over Row|Overhead Press|Conventional Deadlift,High-protein chickpea meal for muscle gain.,"Focus on form, 3 sessions/week, and progressive consistency."
54.09,566.51,non_veg,none,,fat_loss,87,beginner,moderate,103.33,2122.56,3,2553.91,23.53,83.76,10,poor,Grilled Fish Salad,HIIT Starter Circuit,intermediate,103.2,High Knees|Bodyweight Squats|Burpees|Plank Shoulder Taps|Alternating Reverse Lunges,Omega-rich fish with fresh vegetables and olive oil.,Use progressive overload and mix strength with conditioning.
43.18,698.85,veg,lactose_intolerance,,fat_loss,46,beginner,moderate,74.21,1560.76,7,7530.64,27.45,68.68,10,poor,Lentil Greens Salad,HIIT Starter Circuit,intermediate,72.92,High Knees|Bodyweight Squats|Burpees|Plank Shoulder Taps|Alternating Reverse Lunges,High-fiber lentils with leafy greens and lemon dressing.,Use progressive overload and mix strength with conditioning.
25.87,810.16,non_veg,nut_allergy,,muscle,59,intermediate,low,85.43,2317.96,21,10309.93,21.28,57.83,1,poor,Chicken Quinoa Plate,Upper Lower Strength Split,beginner,87.18,Barbell Bench Press|Romanian Deadlift|Lat Pulldown|Walking Lunges|Dumbbell Shoulder Press,Lean chicken with quinoa and mixed vegetables.,"Focus on form, 3 sessions/week, and progressive consistency."
42.8,560.89,veg,none,,muscle,86,advanced,low,69.02,1752.22,21,6087.75,30.04,82.62,2,poor,High-Protein Chickpea Stir Fry,Volume Hypertrophy Session,beginner,69.33,Leg Press|Incline Dumbbell Press|Chest-Supported Row|Seated Leg Curl|Cable Lateral Raise,High-protein chickpea meal for muscle gain.,"Focus on form, 3 sessions/week, and progressive consistency."
43.04,469.76,non_veg,none,,muscle,66,intermediate,low,68.46,1849.1,16,6275.56,28.24,71.23,9,average,High-Protein Grilled Chicken,Upper Lower Strength Split,beginner,68.85,Barbell Bench Press|Romanian Deadlift|Lat Pulldown|Walking Lunges|Dumbbell Shoulder Press,High-protein grilled chicken with vegetables.,"Focus on form, 3 sessions/week, and progressive consistency."
33.87,443.82,veg,none,,fat_loss,74,beginner,low,95.39,2466.52,17,16321.34,23.45,54.19,12,good,Lentil Greens Salad,HIIT Starter Circuit,advanced,96.23,High Knees|Bodyweight Squats|Burpees|Plank Shoulder Taps|Alternating Reverse Lunges,High-fiber lentils with leafy greens and lemon dressing.,"Periodize training, recover well, and target performance blocks."
34.19,322.59,non_veg,none,,muscle,45,intermediate,high,68.2,1448.18,21,3125.71,26.41,58.81,8,average,Chicken Quinoa Plate,Upper Lower Strength Split,advanced,65.3,Barbell Bench Press|Romanian Deadlift|Lat Pulldown|Walking Lunges|Dumbbell Shoulder Press,Lean chicken with quinoa and mixed vegetables.,"Periodize training, recover well, and target performance blocks."
42.66,329.2,veg,none,,maintenance,48,beginner,high,72.62,2672.65,14,6828.77,21.98,88.54,3,average,Veggie Brown Rice Plate,Mobility and Core Flow,intermediate,72.85,Cat-Cow Stretch|World's Greatest Stretch|Side Plank|Bird Dog|Glute Bridge March,Brown rice with mixed vegetables and legumes.,Use progressive overload and mix strength with conditioning.
40.93,374.19,non_veg,shellfish_allergy,,muscle,89,beginner,moderate,81.67,3030.57,13,6960.49,23.98,50.83,8,average,Lean Chicken Veg Plate,Volume Hypertrophy Session,intermediate,83.11,Leg Press|Incline Dumbbell Press|Chest-Supported Row|Seated Leg Curl|Cable Lateral Raise,Shellfish-free lean chicken and vegetable plate.,Use progressive overload and mix strength with conditioning.
17.94,866.33,veg,nut_allergy,,fat_loss,35,intermediate,low,111.27,2794.1,15,5753.2,34.32,85.45,10,poor,Moong Sprout Salad,Metabolic Conditioning,beginner,113.38,Kettlebell Swings|Thrusters|Rowing Intervals|Box Step-Ups|Battle Ropes,Nut-free sprouts salad with herbs and lime.,"Focus on form, 3 sessions/week, and progressive consistency."
16.0,495.04,non_veg,none,,fat_loss,42,beginner,low,115.59,1644.98,14,12004.65,31.21,85.29,8,poor,Grilled Fish Salad,HIIT Starter Circuit,beginner,114.58,High Knees|Bodyweight Squats|Burpees|Plank Shoulder Taps|Alternating Reverse Lunges,Omega-rich fish with fresh vegetables and olive oil.,"Focus on form, 3 sessions/week, and progressive consistency."
30.06,886.01,veg,none,,maintenance,89,advanced,moderate,81.15,2816.78,9,7150.63,30.85,50.12,0,poor,Veggie Brown Rice Plate,Hybrid Endurance Strength,beginner,82.14,Front Squat|Pull-Ups|Farmer Carry|Stationary Bike Intervals|Hanging Knee Raises,Brown rice with mixed vegetables and legumes.,"Focus on form, 3 sessions/week, and progressive consistency."
12.88,371.0,veg,none,,fat_loss,38,advanced,low,77.86,2587.14,9,2519.87,27.99,74.07,8,poor,Lentil Greens Salad,Athlete HIIT Blast,beginner,79.44,Sprint Intervals|Box Jumps|Burpee Broad Jumps|Medicine Ball Slams|Skater Hops,High-fiber lentils with leafy greens and lemon dressing.,"Focus on form, 3 sessions/week, and progressive consistency."
20.83,666.59,veg,lactose_intolerance|soy_allergy,,fat_loss,88,beginner,moderate,85.93,1713.27,3,5156.29,27.56,73.71,7,average,Lentil Greens Salad,HIIT Starter Circuit,intermediate,86.07,High Knees|Bodyweight Squats|Burpees|Plank Shoulder Taps|Alternating Reverse Lunges,High-fiber lentils with leafy greens and lemon dressing.,Use progressive overload and mix strength with conditioning.
33.42,773.99,veg,none,,muscle,81,intermediate,moderate,53.45,1323.2,24,4045.42,25.33,91.87,4,poor,Tofu Power Bowl,Volume Hypertrophy Session,beginner,51.19,Leg Press|Incline Dumbbell Press|Chest-Supported Row|Seated Leg Curl|Cable Lateral Raise,"Balanced tofu bowl with quinoa, greens, and seeds.","Focus on form, 3 sessions/week, and progressive consistency."
52.97,362.72,non_veg,none,,fat_loss,63,beginner,moderate,80.77,2414.83,13,7266.84,21.36,55.01,11,good,Grilled Fish Salad,HIIT Starter Circuit,advanced,80.68,High Knees|Bodyweight Squats|Burpees|Plank Shoulder Taps|Alternating Reverse Lunges,Omega-rich fish with fresh vegetables and olive oil.,"Periodize training, recover well, and target performance blocks."
50.89,520.8,veg,none,,fat_loss,77,advanced,low,84.38,2445.22,4,8509.09,31.44,76.64,4,good,Lentil Greens Salad,Athlete HIIT Blast,beginner,85.15,Sprint Intervals|Box Jumps|Burpee Broad Jumps|Medicine Ball Slams|Skater Hops,High-fiber lentils with leafy greens and lemon dressing.,"Focus on form, 3 sessions/week, and progressive consistency."
18.56,854.1,veg,none,,fat_loss,39,advanced,moderate,53.59,1323.98,4,11156.39,34.92,58.37,0,average,Lentil Greens Salad,Athlete HIIT Blast,beginner,52.67,Sprint Intervals|Box Jumps|Burpee Broad Jumps|Medicine Ball Slams|Skater Hops,High-fiber lentils with leafy greens and lemon dressing.,"Focus on form, 3 sessions/week, and progressive consistency."
38.56,613.67,non_veg,egg_allergy|gluten_intolerance,,muscle,89,beginner,low,105.42,2737.75,3,6827.08,17.8,93.94,9,good,Chicken Quinoa Plate,Volume Hypertrophy Session,beginner,104.92,Leg Press|Incline Dumbbell Press|Chest-Supported Row|Seated Leg Curl|Cable Lateral Raise,Lean chicken with quinoa and mixed vegetables.,"Focus on form, 3 sessions/week, and progressive consistency."
44.97,368.16,non_veg,none,,muscle,28,beginner,low,101.3,2008.56,3,4583.41,25.91,60.59,7,poor,High-Protein Grilled Chicken,Full Body Strength Basics,beginner,101.51,Goblet Squat|Incline Push-Up|Dumbbell Row|Hip Bridge|Dead Bug,High-protein grilled chicken with vegetables.,"Focus on form, 3 sessions/week, and progressive consistency."
50.55,418.57,veg,none,,muscle,78,beginner,moderate,49.6,1348.45,14,13194.32,18.57,79.96,6,average,High-Protein Chickpea Stir Fry,Volume Hypertrophy Session,intermediate,46.42,Leg Press|Incline Dumbbell Press|Chest-Supported Row|Seated Leg Curl|Cable Lateral Raise,High-protein chickpea meal for muscle gain.,Use progressive overload and mix strength with conditioning.
41.0,590.37,non_veg,nut_allergy,,maintenance,55,beginner,moderate,65.77,2559.49,12,11009.96,25.4,78.81,11,good,Turkey Rice Bowl,Mobility and Core Flow,advanced,65.61,Cat-Cow Stretch|World's Greatest Stretch|Side Plank|Bird Dog|Glute Bridge March,Lean turkey with rice and roasted vegetables.,"Periodize training, recover well, and target performance blocks."
33.22,533.15,veg,gluten_intolerance|lactose_intolerance,,fat_loss,78,intermediate,moderate,69.23,1485.64,21,8806.46,32.98,91.78,7,poor,Quinoa Vegetable Plate,Metabolic Conditioning,beginner,67.28,Kettlebell Swings|Thrusters|Rowing Intervals|Box Step-Ups|Battle Ropes,Gluten-aware quinoa plate with seasonal vegetables.,"Focus on form, 3 sessions/week, and progressive consistency."
16.9,653.36,non_veg,nut_allergy,,maintenance,44,intermediate,moderate,108.3,2393.29,16,7785.34,19.41,75.96,10,poor,Turkey Rice Bowl,Strength and Cardio Mix,intermediate,108.42,Dumbbell Squat to Press|Assault Bike|Seated Cable Row|Step-Ups|Russian Twists,Lean turkey with rice and roasted vegetables.,Use progressive overload and mix strength with conditioning.
52.64,587.9,non_veg,none,,muscle,31,intermediate,high,111.79,2406.39,4,15623.43,35.93,78.16,4,average,High-Protein Grilled Chicken,Upper Lower Strength Split,beginner,111.21,Barbell Bench Press|Romanian Deadlift|Lat Pulldown|Walking Lunges|Dumbbell Shoulder Press,High-protein grilled chicken with vegetables.,"Focus on form, 3 sessions/week, and progressive consistency."
16.61,608.57,veg,shellfish_allergy|soy_allergy,,muscle,41,beginner,low,91.02,1632.11,4,16473.97,19.24,88.74,9,good,Tofu Power Bowl,Full Body Strength Basics,intermediate,90.64,Goblet Squat|Incline Push-Up|Dumbbell Row|Hip Bridge|Dead Bug,"Balanced tofu bowl with quinoa, greens, and seeds.",Use progressive overload and mix strength with conditioning.
40.83,779.86,non_veg,nut_allergy,,muscle,66,beginner,low,63.53,1563.3,13,13832.99,29.33,76.82,6,good,Chicken Quinoa Plate,Full Body Strength Basics,beginner,62.27,Goblet Squat|Incline Push-Up|Dumbbell Row|Hip Bridge|Dead Bug,Lean chicken with quinoa and mixed vegetables.,"Focus on form, 3 sessions/week, and progressive consistency."
35.44,387.03,veg,lactose_intolerance|nut_allergy,,fat_loss,84,beginner,low,77.29,2403.43,15,16622.48,17.4,50.78,7,average,Moong Sprout Salad,HIIT Starter Circuit,beginner,77.49,High Knees|Bodyweight Squats|Burpees|Plank Shoulder Taps|Alternating Reverse Lunges,Nut-free sprouts salad with herbs and lime.,"Focus on form, 3 sessions/week, and progressive consistency."
38.5,349.49,veg,none,,maintenance,86,intermediate,moderate,82.48,2454.14,24,4098.28,29.99,53.1,0,average,Veggie Brown Rice Plate,Strength and Cardio Mix,beginner,83.97,Dumbbell Squat to Press|Assault Bike|Seated Cable Row|Step-Ups|Russian Twists,Brown rice with mixed vegetables and legumes.,"Focus on form, 3 sessions/week, and progressive consistency."
40.0,357.49,non_veg,none,,maintenance,80,beginner,moderate,96.47,2133.49,8,13263.17,18.48,55.57,9,average,Turkey Rice Bowl,Mobility and Core Flow,intermediate,96.5,Cat-Cow Stretch|World's Greatest Stretch|Side Plank|Bird Dog|Glute Bridge March,Lean turkey with rice and roasted vegetables.,Use progressive overload and mix strength with conditioning.
12.25,584.44,veg,lactose_intolerance,,muscle,73,beginner,high,109.75,2966.38,5,10851.33,35.71,55.06,2,good,Dairy-Free Protein Bowl,Full Body Strength Basics,intermediate,109.06,Goblet Squat|Incline Push-Up|Dumbbell Row|Hip Bridge|Dead Bug,Lactose-safe protein meal without milk products.,Use progressive overload and mix strength with conditioning.
54.2,762.47,veg,none,,fat_loss,86,advanced,high,95.65,2146.95,15,13246.84,32.66,79.76,1,poor,Lentil Greens Salad,Sprint Interval Circuit,beginner,93.38,Treadmill Sprint|Walking Recovery|Jump Squats|Push-Up to T Rotation|Plank Knee Drive,High-fiber lentils with leafy greens and lemon dressing.,"Focus on form, 3 sessions/week, and progressive consistency."
54.8,860.74,veg,none,,muscle,89,advanced,moderate,96.54,1400.8,9,12272.53,32.96,60.91,12,average,High-Protein Chickpea Stir Fry,Volume Hypertrophy Session,intermediate,95.46,Leg Press|Incline Dumbbell Press|Chest-Supported Row|Seated Leg Curl|Cable Lateral Raise,High-protein chickpea meal for muscle gain.,Use progressive overload and mix strength with conditioning.
41.14,327.52,non_veg,lactose_intolerance|nut_allergy,,muscle,81,advanced,high,105.94,2983.59,18,2675.23,24.48,80.43,5,average,Dairy-Free Protein Bowl,Volume Hypertrophy Session,intermediate,106.98,Leg Press|Incline Dumbbell Press|Chest-Supported Row|Seated Leg Curl|Cable Lateral Raise,Lactose-safe protein meal without milk products.,Use progressive overload and mix strength with conditioning.
52.81,473.71,non_veg,none,,maintenance,50,advanced,high,107.9,1308.29,3,6630.81,22.69,69.11,7,average,Turkey Rice Bowl,Hybrid Endurance Strength,advanced,107.54,Front Squat|Pull-Ups|Farmer Carry|Stationary Bike Intervals|Hanging Knee Raises,Lean turkey with rice and roasted vegetables.,"Periodize training, recover well, and target performance blocks."
30.96,706.97,veg,none,,fat_loss,39,intermediate,moderate,51.46,2465.31,16,14461.35,24.68,62.65,3,poor,Lentil Greens Salad,Metabolic Conditioning,beginner,51.28,Kettlebell Swings|Thrusters|Rowing Intervals|Box Step-Ups|Battle Ropes,High-fiber lentils with leafy greens and lemon dressing.,"Focus on form, 3 sessions/week, and progressive consistency."
33.75,261.34,veg,none,,fat_loss,53,advanced,low,49.79,3127.81,2,16976.96,26.73,58.86,4,poor,Low-Cal Veg Soup,Athlete HIIT Blast,beginner,50.04,Sprint Intervals|Box Jumps|Burpee Broad Jumps|Medicine Ball Slams|Skater Hops,Low-calorie vegetable soup for fat-loss support.,"Focus on form, 3 sessions/week, and progressive consistency."
42.32,343.51,non_veg,none,,muscle,26,beginner,moderate,109.1,1629.15,22,9923.37,35.41,55.85,1,good,High-Protein Grilled Chicken,Full Body Strength Basics,beginner,106.74,Goblet Squat|Incline Push-Up|Dumbbell Row|Hip Bridge|Dead Bug,High-protein grilled chicken with vegetables.,"Focus on form, 3 sessions/week, and progressive consistency."
43.53,825.88,veg,none,,fat_loss,82,beginner,low,48.82,2352.04,11,6512.19,35.74,75.44,10,poor,Lentil Greens Salad,HIIT Starter Circuit,beginner,49.94,High Knees|Bodyweight Squats|Burpees|Plank Shoulder Taps|Alternating Reverse Lunges,High-fiber lentils with leafy greens and lemon dressing.,"Focus on form, 3 sessions/week, and progressive consistency."
53.74,680.62,veg,none,,fat_loss,28,intermediate,high,82.88,1762.33,16,5226.34,35.03,85.73,9,good,Lentil Greens Salad,Sprint Interval Circuit,intermediate,81.57,Treadmill Sprint|Walking Recovery|Jump Squats|Push-Up to T Rotation|Plank Knee Drive,High-fiber lentils with leafy greens and lemon dressing.,Use progressive overload and mix strength with conditioning.
49.86,557.44,non_veg,nut_allergy,,fat_loss,32,advanced,high,107.66,2025.78,5,9229.01,34.35,78.19,3,average,Grilled Fish Salad,Sprint Interval Circuit,beginner,106.93,Treadmill Sprint|Walking Recovery|Jump Squats|Push-Up to T Rotation|Plank Knee Drive,Omega-rich fish with fresh vegetables and olive oil.,"Focus on form, 3 sessions/week, and progressive consistency."
17.3,696.83,non_veg,none,,muscle,66,beginner,moderate,64.41,3086.87,5,11358.41,35.14,69.18,4,good,Chicken Quinoa Plate,Full Body Strength Basics,beginner,64.39,Goblet Squat|Incline Push-Up|Dumbbell Row|Hip Bridge|Dead Bug,Lean chicken with quinoa and mixed vegetables.,"Focus on form, 3 sessions/week, and progressive consistency."
31.91,268.85,veg,none,,maintenance,77,intermediate,moderate,48.6,1355.37,3,11785.29,26.05,77.39,12,average,Veggie Brown Rice Plate,Strength and Cardio Mix,intermediate,47.98,Dumbbell Squat to Press|Assault Bike|Seated Cable Row|Step-Ups|Russian Twists,Brown rice with mixed vegetables and legumes.,Use progressive overload and mix strength with conditioning.
28.55,648.01,veg,lactose_intolerance,,fat_loss,66,intermediate,low,71.15,2773.12,21,10499.36,18.55,51.89,9,poor,Lentil Greens Salad,Metabolic Conditioning,beginner,73.01,Kettlebell Swings|Thrusters|Rowing Intervals|Box Step-Ups|Battle Ropes,High-fiber lentils with leafy greens and lemon dressing.,"Focus on form, 3 sessions/week, and progressive consistency."
13.74,616.53,non_veg,none,,muscle,34,intermediate,moderate,113.49,2746.23,7,13902.74,34.35,67.96,9,average,Chicken Quinoa Plate,Upper Lower Strength Split,intermediate,113.73,Barbell Bench Press|Romanian Deadlift|Lat Pulldown|Walking Lunges|Dumbbell Shoulder Press,Lean chicken with quinoa and mixed vegetables.,Use progressive overload and mix strength with conditioning.
47.24,416.53,veg,none,,fat_loss,38,advanced,moderate,68.52,1749.02,13,2945.58,34.34,58.19,3,average,Lentil Greens Salad,Athlete HIIT Blast,beginner,68.49,Sprint Intervals|Box Jumps|Burpee Broad Jumps|Medicine Ball Slams|Skater Hops,High-fiber lentils with leafy greens and lemon dressing.,"Focus on form, 3 sessions/week, and progressive consistency."
19.5,493.47,non_veg,gluten_intolerance,,maintenance,76,advanced,high,89.35,1685.15,10,9840.8,31.41,85.29,10,average,Chicken Quinoa Plate,Hybrid Endurance Strength,intermediate,87.98,Front Squat|Pull-Ups|Farmer Carry|Stationary Bike Intervals|Hanging Knee Raises,Lean chicken with quinoa and mixed vegetables.,Use progressive overload and mix strength with conditioning.
21.33,493.33,veg,none,,maintenance,24,beginner,moderate,111.34,1406.11,15,16636.85,31.82,50.01,3,average,Veggie Brown Rice Plate,Express Bodyweight Burner,beginner,108.66,Jumping Jacks|Push-Ups|Air Squats|Mountain Climbers|Plank Hold,Brown rice with mixed vegetables and legumes.,"Focus on form, 3 sessions/week, and progressive consistency."
25.45,611.18,non_veg,none,,fat_loss,63,beginner,moderate,67.92,2092.4,10,6162.43,25.84,81.67,10,average,Grilled Fish Salad,HIIT Starter Circuit,intermediate,67.63,High Knees|Bodyweight Squats|Burpees|Plank Shoulder Taps|Alternating Reverse Lunges,Omega-rich fish with fresh vegetables and olive oil.,Use progressive overload and mix strength with conditioning.
36.04,486.41,non_veg,none,,maintenance,38,advanced,high,115.12,1378.92,8,9407.26,23.71,82.29,0,average,Turkey Rice Bowl,Hybrid Endurance Strength,intermediate,113.88,Front Squat|Pull-Ups|Farmer Carry|Stationary Bike Intervals|Hanging Knee Raises,Lean turkey with rice and roasted vegetables.,Use progressive overload and mix strength with conditioning.
33.44,289.91,veg,none,,maintenance,62,advanced,moderate,88.09,2598.84,3,12372.13,20.15,61.83,11,poor,Veggie Brown Rice Plate,Hybrid Endurance Strength,intermediate,88.37,Front Squat|Pull-Ups|Farmer Carry|Stationary Bike Intervals|Hanging Knee Raises,Brown rice with mixed vegetables and legumes.,Use progressive overload and mix strength with conditioning.
40.06,740.62,non_veg,none,,maintenance,61,beginner,low,50.15,1679.84,14,10799.05,29.12,83.22,5,poor,Turkey Rice Bowl,Mobility and Core Flow,beginner,49.16,Cat-Cow Stretch|World's Greatest Stretch|Side Plank|Bird Dog|Glute Bridge March,Lean turkey with rice and roasted vegetables.,"Focus on form, 3 sessions/week, and progressive consistency."
36.01,293.67,non_veg,egg_allergy,,maintenance,41,intermediate,moderate,56.36,1688.11,5,5142.51,30.71,62.83,4,average,Turkey Rice Bowl,Strength and Cardio Mix,beginner,55.36,Dumbbell Squat to Press|Assault Bike|Seated Cable Row|Step-Ups|Russian Twists,Lean turkey with rice and roasted vegetables.,"Focus on form, 3 sessions/week, and progressive consistency."
31.17,631.11,veg,none,,fat_loss,49,beginner,low,103.1,1372.41,24,8165.94,20.06,86.12,4,poor,Lentil Greens Salad,HIIT Starter Circuit,beginner,101.83,High Knees|Bodyweight Squats|Burpees|Plank Shoulder Taps|Alternating Reverse Lunges,High-fiber lentils with leafy greens and lemon dressing.,"Focus on form, 3 sessions/week, and progressive consistency."
20.52,328.67,veg,gluten_intolerance|lactose_intolerance,,maintenance,68,advanced,low,78.68,2407.12,24,14827.95,34.61,76.58,9,average,Quinoa Vegetable Plate,Hybrid Endurance Strength,beginner,79.48,Front Squat|Pull-Ups|Farmer Carry|Stationary Bike Intervals|Hanging Knee Raises,Gluten-aware quinoa plate with seasonal vegetables.,"Focus on form, 3 sessions/week, and progressive consistency."
31.19,806.74,non_veg,none,,maintenance,51,beginner,low,111.75,2349.18,24,4555.63,17.07,55.66,10,good,Turkey Rice Bowl,Mobility and Core Flow,intermediate,113.93,Cat-Cow Stretch|World's Greatest Stretch|Side Plank|Bird Dog|Glute Bridge March,Lean turkey with rice and roasted vegetables.,Use progressive overload and mix strength with conditioning.
33.55,746.05,non_veg,nut_allergy,,muscle,81,beginner,moderate,105.94,2604.16,23,7526.57,25.62,78.87,1,average,Chicken Quinoa Plate,Volume Hypertrophy Session,beginner,106.68,Leg Press|Incline Dumbbell Press|Chest-Supported Row|Seated Leg Curl|Cable Lateral Raise,Lean chicken with quinoa and mixed vegetables.,"Focus on form, 3 sessions/week, and progressive consistency."
13.83,823.3,veg,none,,muscle,33,advanced,low,71.45,2196.05,6,5215.93,19.12,52.78,7,average,Tofu Power Bowl,Push Pull Legs Intense,intermediate,71.5,Barbell Back Squat|Bench Press|Bent-Over Row|Overhead Press|Conventional Deadlift,"Balanced tofu bowl with quinoa, greens, and seeds.",Use progressive overload and mix strength with conditioning.
12.83,389.96,veg,gluten_intolerance|nut_allergy,,muscle,72,beginner,moderate,63.88,2281.82,21,12319.79,25.72,68.21,3,good,Quinoa Vegetable Plate,Full Body Strength Basics,intermediate,63.06,Goblet Squat|Incline Push-Up|Dumbbell Row|Hip Bridge|Dead Bug,Gluten-aware quinoa plate with seasonal vegetables.,Use progressive overload and mix strength with conditioning.
16.81,428.17,veg,none,,maintenance,78,intermediate,low,84.11,2589.59,19,11595.38,17.84,62.98,5,average,Veggie Brown Rice Plate,Strength and Cardio Mix,beginner,85.1,Dumbbell Squat to Press|Assault Bike|Seated Cable Row|Step-Ups|Russian Twists,Brown rice with mixed vegetables and legumes.,"Focus on form, 3 sessions/week, and progressive consistency."
26.61,503.4,non_veg,shellfish_allergy,,muscle,53,intermediate,low,65.01,1971.03,18,12116.2,23.68,66.37,9,average,Lean Chicken Veg Plate,Upper Lower Strength Split,intermediate,65.01,Barbell Bench Press|Romanian Deadlift|Lat Pulldown|Walking Lunges|Dumbbell Shoulder Press,Shellfish-free lean chicken and vegetable plate.,Use progressive overload and mix strength with conditioning.
52.75,497.66,veg,none,,fat_loss,34,intermediate,high,102.81,1340.64,17,5248.87,18.23,77.23,0,good,Lentil Greens Salad,Sprint Interval Circuit,intermediate,99.89,Treadmill Sprint|Walking Recovery|Jump Squats|Push-Up to T Rotation|Plank Knee Drive,High-fiber lentils with leafy greens and lemon dressing.,Use progressive overload and mix strength with conditioning.
51.17,653.22,veg,none,,maintenance,85,intermediate,moderate,78.72,2395.42,4,14213.44,23.82,59.61,12,average,Veggie Brown Rice Plate,Strength and Cardio Mix,advanced,78.4,Dumbbell Squat to Press|Assault Bike|Seated Cable Row|Step-Ups|Russian Twists,Brown rice with mixed vegetables and legumes.,"Periodize training, recover well, and target performance blocks."
20.46,516.29,veg,none,,muscle,83,advanced,moderate,60.64,1468.76,20,2695.57,19.49,70.64,11,poor,Tofu Power Bowl,Volume Hypertrophy Session,intermediate,59.93,Leg Press|Incline Dumbbell Press|Chest-Supported Row|Seated Leg Curl|Cable Lateral Raise,"Balanced tofu bowl with quinoa, greens, and seeds.",Use progressive overload and mix strength with conditioning.
22.17,506.02,non_veg,shellfish_allergy,,fat_loss,74,intermediate,moderate,60.8,2798.79,5,13161.07,27.91,71.1,5,average,Lean Chicken Veg Plate,Metabolic Conditioning,intermediate,61.13,Kettlebell Swings|Thrusters|Rowing Intervals|Box Step-Ups|Battle Ropes,Shellfish-free lean chicken and vegetable plate.,Use progressive overload and mix strength with conditioning.
13.86,338.57,veg,none,,muscle,72,intermediate,high,52.45,3014.73,3,16867.28,27.04,79.54,12,average,Tofu Power Bowl,Upper Lower Strength Split,advanced,53.24,Barbell Bench Press|Romanian Deadlift|Lat Pulldown|Walking Lunges|Dumbbell Shoulder Press,"Balanced tofu bowl with quinoa, greens, and seeds.","Periodize training, recover well, and target performance blocks."
35.09,529.17,veg,lactose_intolerance|nut_allergy,,fat_loss,69,intermediate,low,87.74,2289.6,19,3991.31,33.7,64.32,2,average,Moong Sprout Salad,Metabolic Conditioning,beginner,90.04,Kettlebell Swings|Thrusters|Rowing Intervals|Box Step-Ups|Battle Ropes,Nut-free sprouts salad with herbs and lime.,"Focus on form, 3 sessions/week, and progressive consistency."
17.7,737.18,non_veg,none,,fat_loss,55,beginner,moderate,108.49,2471.97,13,7676.79,25.1,77.22,11,good,Grilled Fish Salad,HIIT Starter Circuit,advanced,108.7,High Knees|Bodyweight Squats|Burpees|Plank Shoulder Taps|Alternating Reverse Lunges,Omega-rich fish with fresh vegetables and olive oil.,"Periodize training, recover well, and target performance blocks."
15.26,794.47,non_veg,none,,fat_loss,37,beginner,low,50.6,2669.02,18,8993.79,23.38,69.86,10,average,Grilled Fish Salad,HIIT Starter Circuit,intermediate,51.98,High Knees|Bodyweight Squats|Burpees|Plank Shoulder Taps|Alternating Reverse Lunges,Omega-rich fish with fresh vegetables and olive oil.,Use progressive overload and mix strength with conditioning.
29.84,478.17,veg,none,,maintenance,23,advanced,high,91.16,1868.98,16,9494.46,28.7,67.6,8,good,Veggie Brown Rice Plate,Express Bodyweight Burner,advanced,88.95,Jumping Jacks|Push-Ups|Air Squats|Mountain Climbers|Plank Hold,Brown rice with mixed vegetables and legumes.,"Periodize training, recover well, and target performance blocks."
34.93,534.42,veg,none,,maintenance,56,advanced,low,57.6,2758.43,21,9544.3,27.67,61.21,12,average,Veggie Brown Rice Plate,Hybrid Endurance Strength,intermediate,60.46,Front Squat|Pull-Ups|Farmer Carry|Stationary Bike Intervals|Hanging Knee Raises,Brown rice with mixed vegetables and legumes.,Use progressive overload and mix strength with conditioning.
13.11,481.58,non_veg,none,,maintenance,88,intermediate,low,93.98,1714.48,10,2896.79,19.41,51.33,11,average,Turkey Rice Bowl,Strength and Cardio Mix,intermediate,94.73,Dumbbell Squat to Press|Assault Bike|Seated Cable Row|Step-Ups|Russian Twists,Lean turkey with rice and roasted vegetables.,Use progressive overload and mix strength with conditioning.
20.27,294.24,veg,gluten_intolerance,,muscle,84,beginner,high,112.46,2272.71,14,10035.51,24.28,64.68,8,poor,Quinoa Vegetable Plate,Volume Hypertrophy Session,intermediate,112.51,Leg Press|Incline Dumbbell Press|Chest-Supported Row|Seated Leg Curl|Cable Lateral Raise,Gluten-aware quinoa plate with seasonal vegetables.,Use progressive overload and mix strength with conditioning.
17.95,261.32,veg,nut_allergy,,maintenance,72,advanced,low,49.98,2504.65,17,13583.24,24.57,74.8,11,good,Veggie Brown Rice Plate,Hybrid Endurance Strength,intermediate,50.76,Front Squat|Pull-Ups|Farmer Carry|Stationary Bike Intervals|Hanging Knee Raises,Brown rice with mixed vegetables and legumes.,Use progressive overload and mix strength with conditioning.
16.69,869.03,non_veg,none,,muscle,53,beginner,moderate,56.91,2478.56,22,15038.99,22.99,67.63,9,good,Chicken Quinoa Plate,Full Body Strength Basics,advanced,55.44,Goblet Squat|Incline Push-Up|Dumbbell Row|Hip Bridge|Dead Bug,Lean chicken with quinoa and mixed vegetables.,"Periodize training, recover well, and target performance blocks."
25.24,647.37,veg,none,,maintenance,70,beginner,low,112.22,2358.01,2,15095.0,27.03,92.87,1,average,Veggie Brown Rice Plate,Mobility and Core Flow,beginner,111.92,Cat-Cow Stretch|World's Greatest Stretch|Side Plank|Bird Dog|Glute Bridge March,Brown rice with mixed vegetables and legumes.,"Focus on form, 3 sessions/week, and progressive consistency."
49.43,360.25,non_veg,shellfish_allergy,,muscle,24,advanced,moderate,75.92,2987.22,7,6430.34,17.15,80.26,5,average,High-Protein Grilled Chicken,Express Bodyweight Burner,beginner,77.8,Jumping Jacks|Push-Ups|Air Squats|Mountain Climbers|Plank Hold,High-protein grilled chicken with vegetables.,"Focus on form, 3 sessions/week, and progressive consistency."
31.0,834.2,non_veg,nut_allergy,,muscle,90,beginner,high,107.32,1906.03,14,13721.16,26.16,86.5,0,good,Chicken Quinoa Plate,Volume Hypertrophy Session,intermediate,105.92,Leg Press|Incline Dumbbell Press|Chest-Supported Row|Seated Leg Curl|Cable Lateral Raise,Lean chicken with quinoa and mixed vegetables.,Use progressive overload and mix strength with conditioning.
23.4,514.12,veg,egg_allergy|lactose_intolerance,,fat_loss,51,intermediate,low,116.07,3051.35,20,8995.95,18.46,57.23,6,good,Chickpea Spinach Stir Fry,Metabolic Conditioning,intermediate,119.27,Kettlebell Swings|Thrusters|Rowing Intervals|Box Step-Ups|Battle Ropes,Plant-protein chickpeas with sauteed spinach.,Use progressive overload and mix strength with conditioning.
12.81,833.59,veg,none,,fat_loss,58,beginner,high,48.75,1750.43,2,2526.04,23.57,74.35,12,poor,Lentil Greens Salad,Sprint Interval Circuit,advanced,48.21,Treadmill Sprint|Walking Recovery|Jump Squats|Push-Up to T Rotation|Plank Knee Drive,High-fiber lentils with leafy greens and lemon dressing.,"Periodize training, recover well, and target performance blocks."
30.16,695.8,veg,none,,maintenance,86,intermediate,low,63.3,1739.0,11,12568.98,20.56,72.87,0,poor,Veggie Brown Rice Plate,Strength and Cardio Mix,beginner,62.99,Dumbbell Squat to Press|Assault Bike|Seated Cable Row|Step-Ups|Russian Twists,Brown rice with mixed vegetables and legumes.,"Focus on form, 3 sessions/week, and progressive consistency."
43.92,314.3,non_veg,gluten_intolerance,,fat_loss,32,beginner,low,59.43,1605.31,17,11848.95,20.71,57.34,1,average,Turkey Lettuce Wrap,HIIT Starter Circuit,beginner,58.34,High Knees|Bodyweight Squats|Burpees|Plank Shoulder Taps|Alternating Reverse Lunges,Low-calorie turkey wraps with crunchy lettuce.,"Focus on form, 3 sessions/week, and progressive consistency."
26.05,471.5,non_veg,none,,fat_loss,33,intermediate,low,61.12,2355.41,11,7568.68,26.5,86.5,3,good,Grilled Fish Salad,Metabolic Conditioning,beginner,61.63,Kettlebell Swings|Thrusters|Rowing Intervals|Box Step-Ups|Battle Ropes,Omega-rich fish with fresh vegetables and olive oil.,"Focus on form, 3 sessions/week, and progressive consistency."
46.3,287.14,non_veg,none,,maintenance,36,advanced,low,103.77,2109.78,22,6211.84,31.74,67.53,3,average,Turkey Rice Bowl,Hybrid Endurance Strength,beginner,104.89,Front Squat|Pull-Ups|Farmer Carry|Stationary Bike Intervals|Hanging Knee Raises,Lean turkey with rice and roasted vegetables.,"Focus on form, 3 sessions/week, and progressive consistency."
24.11,784.51,non_veg,none,,maintenance,75,intermediate,moderate,49.06,2143.88,3,8202.75,22.22,75.23,5,good,Turkey Rice Bowl,Strength and Cardio Mix,intermediate,49.36,Dumbbell Squat to Press|Assault Bike|Seated Cable Row|Step-Ups|Russian Twists,Lean turkey with rice and roasted vegetables.,Use progressive overload and mix strength with conditioning.
15.19,696.25,veg,lactose_intolerance|soy_allergy,,muscle,57,intermediate,moderate,72.03,3065.65,11,16090.69,30.58,63.49,11,good,Dairy-Free Protein Bowl,Upper Lower Strength Split,advanced,72.51,Barbell Bench Press|Romanian Deadlift|Lat Pulldown|Walking Lunges|Dumbbell Shoulder Press,Lactose-safe protein meal without milk products.,"Periodize training, recover well, and target performance blocks."
31.32,283.09,veg,shellfish_allergy|soy_allergy,,maintenance,22,intermediate,low,52.77,1780.47,20,16183.12,33.64,86.21,1,good,Veggie Brown Rice Plate,Express Bodyweight Burner,beginner,51.76,Jumping Jacks|Push-Ups|Air Squats|Mountain Climbers|Plank Hold,Brown rice with mixed vegetables and legumes.,"Focus on form, 3 sessions/week, and progressive consistency."
12.01,712.91,veg,none,,maintenance,28,beginner,high,62.77,3198.1,4,14931.7,27.89,66.94,4,good,Veggie Brown Rice Plate,Mobility and Core Flow,intermediate,62.89,Cat-Cow Stretch|World's Greatest Stretch|Side Plank|Bird Dog|Glute Bridge March,Brown rice with mixed vegetables and legumes.,Use progressive overload and mix strength with conditioning.
19.25,412.52,veg,none,,muscle,56,intermediate,moderate,83.7,2343.66,6,11237.76,19.14,70.92,9,good,Tofu Power Bowl,Upper Lower Strength Split,advanced,83.81,Barbell Bench Press|Romanian Deadlift|Lat Pulldown|Walking Lunges|Dumbbell Shoulder Press,"Balanced tofu bowl with quinoa, greens, and seeds.","Periodize training, recover well, and target performance blocks."
22.94,322.57,non_veg,none,,muscle,89,advanced,high,98.09,1445.83,14,15853.25,22.91,60.23,7,average,Chicken Quinoa Plate,Volume Hypertrophy Session,advanced,94.63,Leg Press|Incline Dumbbell Press|Chest-Supported Row|Seated Leg Curl|Cable Lateral Raise,Lean chicken with quinoa and mixed vegetables.,"Periodize training, recover well, and target performance blocks."
16.96,575.18,non_veg,egg_allergy,,muscle,20,intermediate,moderate,114.31,1448.75,22,12863.16,21.72,55.44,1,average,Chicken Quinoa Plate,Express Bodyweight Burner,intermediate,111.03,Jumping Jacks|Push-Ups|Air Squats|Mountain Climbers|Plank Hold,Lean chicken with quinoa and mixed vegetables.,Use progressive overload and mix strength with conditioning.
49.48,621.05,non_veg,lactose_intolerance|soy_allergy,,maintenance,72,beginner,moderate,52.86,3038.7,17,6233.46,30.01,49.37,3,average,Turkey Rice Bowl,Mobility and Core Flow,beginner,54.8,Cat-Cow Stretch|World's Greatest Stretch|Side Plank|Bird Dog|Glute Bridge March,Lean turkey with rice and roasted vegetables.,"Focus on form, 3 sessions/week, and progressive consistency."
40.98,683.93,veg,none,,fat_loss,54,beginner,low,77.14,1516.51,12,15635.41,28.32,87.16,12,poor,Lentil Greens Salad,HIIT Starter Circuit,beginner,76.38,High Knees|Bodyweight Squats|Burpees|Plank Shoulder Taps|Alternating Reverse Lunges,High-fiber lentils with leafy greens and lemon dressing.,"Focus on form, 3 sessions/week, and progressive consistency."
28.04,665.9,veg,soy_allergy,,muscle,72,advanced,high,87.72,1418.02,5,5757.54,32.53,72.7,11,average,Tofu Power Bowl,Push Pull Legs Intense,intermediate,87.21,Barbell Back Squat|Bench Press|Bent-Over Row|Overhead Press|Conventional Deadlift,"Balanced tofu bowl with quinoa, greens, and seeds.",Use progressive overload and mix strength with conditioning.
14.77,814.17,veg,none,,fat_loss,72,intermediate,moderate,48.3,1467.31,10,10383.12,21.63,81.82,4,good,Lentil Greens Salad,Metabolic Conditioning,intermediate,47.38,Kettlebell Swings|Thrusters|Rowing Intervals|Box Step-Ups|Battle Ropes,High-fiber lentils with leafy greens and lemon dressing.,Use progressive overload and mix strength with conditioning.
37.9,596.0,veg,none,,fat_loss,31,advanced,low,51.34,1313.18,11,12145.99,27.11,60.61,6,poor,Lentil Greens Salad,Athlete HIIT Blast,beginner,50.33,Sprint Intervals|Box Jumps|Burpee Broad Jumps|Medicine Ball Slams|Skater Hops,High-fiber lentils with leafy greens and lemon dressing.,"Focus on form, 3 sessions/week, and progressive consistency."
49.39,442.05,non_veg,lactose_intolerance,,fat_loss,77,intermediate,low,72.72,1978.07,8,3869.96,33.57,74.11,5,poor,Grilled Fish Salad,Metabolic Conditioning,beginner,72.36,Kettlebell Swings|Thrusters|Rowing Intervals|Box Step-Ups|Battle Ropes,Omega-rich fish with fresh vegetables and olive oil.,"Focus on form, 3 sessions/week, and progressive consistency."
54.55,888.44,non_veg,none,,muscle,81,beginner,low,93.23,3004.65,19,9013.58,22.87,79.56,1,average,High-Protein Grilled Chicken,Volume Hypertrophy Session,beginner,96.16,Leg Press|Incline Dumbbell Press|Chest-Supported Row|Seated Leg Curl|Cable Lateral Raise,High-protein grilled chicken with vegetables.,"Focus on form, 3 sessions/week, and progressive consistency."
37.93,432.99,veg,none,,maintenance,54,advanced,moderate,49.04,2331.34,15,2572.04,29.03,63.48,12,good,Veggie Brown Rice Plate,Hybrid Endurance Strength,advanced,50.34,Front Squat|Pull-Ups|Farmer Carry|Stationary Bike Intervals|Hanging Knee Raises,Brown rice with mixed vegetables and legumes.,"Periodize training, recover well, and target performance blocks."
31.79,672.02,non_veg,lactose_intolerance|nut_allergy,,fat_loss,66,intermediate,moderate,73.91,2086.6,24,6370.18,19.74,73.84,9,good,Grilled Fish Salad,Metabolic Conditioning,advanced,73.67,Kettlebell Swings|Thrusters|Rowing Intervals|Box Step-Ups|Battle Ropes,Omega-rich fish with fresh vegetables and olive oil.,"Periodize training, recover well, and target performance blocks."
53.86,327.32,veg,none,,maintenance,90,intermediate,moderate,61.23,2248.4,13,3946.65,20.51,75.71,1,average,Veggie Brown Rice Plate,Strength and Cardio Mix,beginner,61.16,Dumbbell Squat to Press|Assault Bike|Seated Cable Row|Step-Ups|Russian Twists,Brown rice with mixed vegetables and legumes.,"Focus on form, 3 sessions/week, and progressive consistency."
46.3,879.48,non_veg,none,,muscle,71,intermediate,low,85.82,3030.05,12,3232.97,34.95,85.2,7,average,High-Protein Grilled Chicken,Upper Lower Strength Split,beginner,88.74,Barbell Bench Press|Romanian Deadlift|Lat Pulldown|Walking Lunges|Dumbbell Shoulder Press,High-protein grilled chicken with vegetables.,"Focus on form, 3 sessions/week, and progressive consistency."
32.03,558.73,veg,none,,maintenance,50,beginner,low,58.59,2618.52,14,7385.62,21.87,49.02,9,poor,Veggie Brown Rice Plate,Mobility and Core Flow,intermediate,59.06,Cat-Cow Stretch|World's Greatest Stretch|Side Plank|Bird Dog|Glute Bridge March,Brown rice with mixed vegetables and legumes.,Use progressive overload and mix strength with conditioning.
24.15,859.34,veg,nut_allergy,,maintenance,55,intermediate,moderate,82.38,2618.94,6,9162.41,25.6,68.05,6,average,Veggie Brown Rice Plate,Strength and Cardio Mix,intermediate,82.32,Dumbbell Squat to Press|Assault Bike|Seated Cable Row|Step-Ups|Russian Twists,Brown rice with mixed vegetables and legumes.,Use progressive overload and mix strength with conditioning.
48.48,308.25,veg,none,,fat_loss,72,beginner,moderate,85.0,2095.96,23,13701.48,18.55,80.82,7,average,Low-Cal Veg Soup,HIIT Starter Circuit,intermediate,82.79,High Knees|Bodyweight Squats|Burpees|Plank Shoulder Taps|Alternating Reverse Lunges,Low-calorie vegetable soup for fat-loss support.,Use progressive overload and mix strength with conditioning.
36.07,292.11,non_veg,none,,fat_loss,62,beginner,moderate,77.41,1853.62,3,9275.49,30.86,77.63,10,average,Turkey Lettuce Wrap,HIIT Starter Circuit,intermediate,77.74,High Knees|Bodyweight Squats|Burpees|Plank Shoulder Taps|Alternating Reverse Lunges,Low-calorie turkey wraps with crunchy lettuce.,Use progressive overload and mix strength with conditioning.
39.83,251.54,non_veg,none,,fat_loss,84,intermediate,low,109.35,2264.53,22,13846.5,26.5,87.08,4,poor,Turkey Lettuce Wrap,Metabolic Conditioning,beginner,110.67,Kettlebell Swings|Thrusters|Rowing Intervals|Box Step-Ups|Battle Ropes,Low-calorie turkey wraps with crunchy lettuce.,"Focus on form, 3 sessions/week, and progressive consistency."
38.73,867.47,non_veg,none,,fat_loss,55,advanced,moderate,49.21,2583.1,13,3699.33,27.56,62.91,0,average,Grilled Fish Salad,Athlete HIIT Blast,beginner,49.55,Sprint Intervals|Box Jumps|Burpee Broad Jumps|Medicine Ball Slams|Skater Hops,Omega-rich fish with fresh vegetables and olive oil.,"Focus on form, 3 sessions/week, and progressive consistency."
20.5,303.41,non_veg,none,,maintenance,56,intermediate,high,70.88,3162.61,12,14076.38,30.74,91.28,5,good,Turkey Rice Bowl,Strength and Cardio Mix,intermediate,70.21,Dumbbell Squat to Press|Assault Bike|Seated Cable Row|Step-Ups|Russian Twists,Lean turkey with rice and roasted vegetables.,Use progressive overload and mix strength with conditioning.
27.47,514.05,veg,none,,fat_loss,21,intermediate,moderate,91.05,1821.26,5,5856.48,19.67,68.59,10,average,Lentil Greens Salad,Express Bodyweight Burner,intermediate,90.6,Jumping Jacks|Push-Ups|Air Squats|Mountain Climbers|Plank Hold,High-fiber lentils with leafy greens and lemon dressing.,Use progressive overload and mix strength with conditioning.
21.21,422.87,veg,lactose_intolerance,,muscle,41,beginner,moderate,50.5,2308.74,9,3163.69,34.89,55.78,2,average,Dairy-Free Protein Bowl,Full Body Strength Basics,beginner,50.95,Goblet Squat|Incline Push-Up|Dumbbell Row|Hip Bridge|Dead Bug,Lactose-safe protein meal without milk products.,"Focus on form, 3 sessions/week, and progressive consistency."
22.34,453.87,veg,none,,muscle,57,advanced,low,68.69,1602.79,15,10638.17,20.8,73.35,2,average,Tofu Power Bowl,Push Pull Legs Intense,beginner,67.5,Barbell Back Squat|Bench Press|Bent-Over Row|Overhead Press|Conventional Deadlift,"Balanced tofu bowl with quinoa, greens, and seeds.","Focus on form, 3 sessions/week, and progressive consistency."
48.32,596.58,non_veg,egg_allergy|soy_allergy,,fat_loss,62,beginner,moderate,91.61,1682.1,23,8517.4,35.34,49.86,6,average,Grilled Fish Salad,HIIT Starter Circuit,beginner,89.9,High Knees|Bodyweight Squats|Burpees|Plank Shoulder Taps|Alternating Reverse Lunges,Omega-rich fish with fresh vegetables and olive oil.,"Focus on form, 3 sessions/week, and progressive consistency."
28.31,254.89,veg,none,,muscle,65,intermediate,moderate,114.58,2335.4,11,5932.68,24.81,57.79,6,average,Tofu Power Bowl,Upper Lower Strength Split,intermediate,114.48,Barbell Bench Press|Romanian Deadlift|Lat Pulldown|Walking Lunges|Dumbbell Shoulder Press,"Balanced tofu bowl with quinoa, greens, and seeds.",Use progressive overload and mix strength with conditioning.
12.42,542.88,non_veg,none,,fat_loss,30,intermediate,low,114.06,3105.83,23,15393.53,28.65,76.01,4,good,Grilled Fish Salad,Metabolic Conditioning,beginner,116.14,Kettlebell Swings|Thrusters|Rowing Intervals|Box Step-Ups|Battle Ropes,Omega-rich fish with fresh vegetables and olive oil.,"Focus on form, 3 sessions/week, and progressive consistency."
13.32,704.54,non_veg,none,,fat_loss,29,intermediate,high,83.01,2785.65,10,5179.84,35.39,75.2,7,poor,Grilled Fish Salad,Sprint Interval Circuit,beginner,83.07,Treadmill Sprint|Walking Recovery|Jump Squats|Push-Up to T Rotation|Plank Knee Drive,Omega-rich fish with fresh vegetables and olive oil.,"Focus on form, 3 sessions/week, and progressive consistency."
37.77,273.73,non_veg,none,,fat_loss,79,intermediate,low,88.23,3173.49,16,9706.42,19.18,55.36,12,good,Turkey Lettuce Wrap,Metabolic Conditioning,advanced,91.32,Kettlebell Swings|Thrusters|Rowing Intervals|Box Step-Ups|Battle Ropes,Low-calorie turkey wraps with crunchy lettuce.,"Periodize training, recover well, and target performance blocks."
32.39,731.24,non_veg,none,,fat_loss,37,advanced,low,75.98,1685.49,9,6377.54,21.55,59.52,10,average,Grilled Fish Salad,Athlete HIIT Blast,intermediate,75.85,Sprint Intervals|Box Jumps|Burpee Broad Jumps|Medicine Ball Slams|Skater Hops,Omega-rich fish with fresh vegetables and olive oil.,Use progressive overload and mix strength with conditioning.
29.68,866.38,non_veg,egg_allergy,,maintenance,86,intermediate,low,100.09,1431.83,24,11090.82,27.32,90.51,3,good,Turkey Rice Bowl,Strength and Cardio Mix,beginner,98.86,Dumbbell Squat to Press|Assault Bike|Seated Cable Row|Step-Ups|Russian Twists,Lean turkey with rice and roasted vegetables.,"Focus on form, 3 sessions/week, and progressive consistency."
43.28,313.32,non_veg,gluten_intolerance|soy_allergy,,maintenance,78,intermediate,moderate,65.25,3164.43,7,16817.16,26.61,63.14,8,average,Chicken Quinoa Plate,Strength and Cardio Mix,intermediate,65.06,Dumbbell Squat to Press|Assault Bike|Seated Cable Row|Step-Ups|Russian Twists,Lean chicken with quinoa and mixed vegetables.,Use progressive overload and mix strength with conditioning.
33.82,839.38,non_veg,nut_allergy,,fat_loss,43,intermediate,low,71.49,1480.46,20,3954.71,31.69,49.25,1,average,Grilled Fish Salad,Metabolic Conditioning,beginner,71.53,Kettlebell Swings|Thrusters|Rowing Intervals|Box Step-Ups|Battle Ropes,Omega-rich fish with fresh vegetables and olive oil.,"Focus on form, 3 sessions/week, and progressive consistency."
46.43,736.09,non_veg,none,,fat_loss,31,advanced,low,106.34,3001.04,5,7342.81,25.53,81.09,0,poor,Grilled Fish Salad,Athlete HIIT Blast,beginner,107.41,Sprint Intervals|Box Jumps|Burpee Broad Jumps|Medicine Ball Slams|Skater Hops,Omega-rich fish with fresh vegetables and olive oil.,"Focus on form, 3 sessions/week, and progressive consistency."
32.59,880.2,non_veg,none,,fat_loss,31,intermediate,moderate,59.8,1660.86,16,14563.82,24.95,76.33,4,average,Grilled Fish Salad,Metabolic Conditioning,beginner,56.85,Kettlebell Swings|Thrusters|Rowing Intervals|Box Step-Ups|Battle Ropes,Omega-rich fish with fresh vegetables and olive oil.,"Focus on form, 3 sessions/week, and progressive consistency."
18.53,781.16,veg,none,,fat_loss,87,beginner,moderate,88.99,2888.41,2,6375.27,31.1,90.17,12,average,Lentil Greens Salad,HIIT Starter Circuit,intermediate,89.62,High Knees|Bodyweight Squats|Burpees|Plank Shoulder Taps|Alternating Reverse Lunges,High-fiber lentils with leafy greens and lemon dressing.,Use progressive overload and mix strength with conditioning.
45.65,767.17,veg,shellfish_allergy,,fat_loss,42,intermediate,high,81.36,2149.63,18,14059.86,24.92,76.84,1,poor,Lentil Greens Salad,Sprint Interval Circuit,beginner,79.44,Treadmill Sprint|Walking Recovery|Jump Squats|Push-Up to T Rotation|Plank Knee Drive,High-fiber lentils with leafy greens and lemon dressing.,"Focus on form, 3 sessions/week, and progressive consistency."
40.4,431.93,veg,none,,fat_loss,66,beginner,low,79.03,2267.67,4,15269.67,26.29,60.67,10,good,Lentil Greens Salad,HIIT Starter Circuit,intermediate,79.1,High Knees|Bodyweight Squats|Burpees|Plank Shoulder Taps|Alternating Reverse Lunges,High-fiber lentils with leafy greens and lemon dressing.,Use progressive overload and mix strength with conditioning.
18.77,430.35,non_veg,none,,fat_loss,56,beginner,high,66.97,1834.13,23,3570.24,31.29,55.53,2,good,Grilled Fish Salad,Sprint Interval Circuit,intermediate,65.2,Treadmill Sprint|Walking Recovery|Jump Squats|Push-Up to T Rotation|Plank Knee Drive,Omega-rich fish with fresh vegetables and olive oil.,Use progressive overload and mix strength with conditioning.
20.92,524.05,non_veg,none,,muscle,85,beginner,high,107.13,2024.35,8,8427.36,20.62,86.05,10,poor,Chicken Quinoa Plate,Volume Hypertrophy Session,intermediate,106.14,Leg Press|Incline Dumbbell Press|Chest-Supported Row|Seated Leg Curl|Cable Lateral Raise,Lean chicken with quinoa and mixed vegetables.,Use progressive overload and mix strength with conditioning.
25.49,376.12,non_veg,gluten_intolerance,,muscle,73,beginner,high,94.08,2180.21,24,5466.06,29.14,50.36,11,poor,Chicken Quinoa Plate,Full Body Strength Basics,intermediate,92.27,Goblet Squat|Incline Push-Up|Dumbbell Row|Hip Bridge|Dead Bug,Lean chicken with quinoa and mixed vegetables.,Use progressive overload and mix strength with conditioning.
43.86,670.98,non_veg,egg_allergy,,fat_loss,63,intermediate,moderate,59.79,3063.54,21,12886.28,28.45,92.5,5,average,Grilled Fish Salad,Metabolic Conditioning,beginner,61.47,Kettlebell Swings|Thrusters|Rowing Intervals|Box Step-Ups|Battle Ropes,Omega-rich fish with fresh vegetables and olive oil.,"Focus on form, 3 sessions/week, and progressive consistency."
50.13,560.78,veg,none,,fat_loss,45,beginner,low,96.94,2849.03,9,4195.54,17.51,86.55,11,poor,Lentil Greens Salad,HIIT Starter Circuit,beginner,98.76,High Knees|Bodyweight Squats|Burpees|Plank Shoulder Taps|Alternating Reverse Lunges,High-fiber lentils with leafy greens and lemon dressing.,"Focus on form, 3 sessions/week, and progressive consistency."
28.38,288.67,veg,soy_allergy,,maintenance,24,intermediate,moderate,102.8,2468.13,20,5589.73,26.31,55.36,9,average,Veggie Brown Rice Plate,Express Bodyweight Burner,intermediate,102.59,Jumping Jacks|Push-Ups|Air Squats|Mountain Climbers|Plank Hold,Brown rice with mixed vegetables and legumes.,Use progressive overload and mix strength with conditioning.
43.32,629.25,veg,none,,fat_loss,83,intermediate,moderate,107.34,1445.77,11,4501.14,27.01,56.11,1,good,Lentil Greens Salad,Metabolic Conditioning,intermediate,106.55,Kettlebell Swings|Thrusters|Rowing Intervals|Box Step-Ups|Battle Ropes,High-fiber lentils with leafy greens and lemon dressing.,Use progressive overload and mix strength with conditioning.
37.09,558.35,veg,none,,muscle,68,intermediate,low,78.28,2713.2,16,8184.68,23.79,52.23,9,average,Tofu Power Bowl,Upper Lower Strength Split,intermediate,79.99,Barbell Bench Press|Romanian Deadlift|Lat Pulldown|Walking Lunges|Dumbbell Shoulder Press,"Balanced tofu bowl with quinoa, greens, and seeds.",Use progressive overload and mix strength with conditioning.
30.14,783.51,veg,egg_allergy|shellfish_allergy,,maintenance,72,beginner,moderate,62.42,2319.01,13,8344.85,24.82,73.07,7,average,Chickpea Spinach Stir Fry,Mobility and Core Flow,intermediate,61.93,Cat-Cow Stretch|World's Greatest Stretch|Side Plank|Bird Dog|Glute Bridge March,Plant-protein chickpeas with sauteed spinach.,Use progressive overload and mix strength with conditioning.
44.37,272.79,non_veg,none,,fat_loss,22,intermediate,moderate,101.37,1808.5,15,9243.13,25.65,54.0,3,average,Turkey Lettuce Wrap,Express Bodyweight Burner,intermediate,100.65,Jumping Jacks|Push-Ups|Air Squats|Mountain Climbers|Plank Hold,Low-calorie turkey wraps with crunchy lettuce.,Use progressive overload and mix strength with conditioning.
49.81,399.31,non_veg,gluten_intolerance,,fat_loss,29,intermediate,moderate,102.06,3179.94,17,8095.44,23.91,48.26,10,average,Chicken Quinoa Plate,Metabolic Conditioning,advanced,103.77,Kettlebell Swings|Thrusters|Rowing Intervals|Box Step-Ups|Battle Ropes,Lean chicken with quinoa and mixed vegetables.,"Periodize training, recover well, and target performance blocks."
35.28,359.78,veg,shellfish_allergy,,fat_loss,34,beginner,low,51.51,2884.01,15,8670.17,24.4,72.45,6,poor,Lentil Greens Salad,HIIT Starter Circuit,beginner,53.74,High Knees|Bodyweight Squats|Burpees|Plank Shoulder Taps|Alternating Reverse Lunges,High-fiber lentils with leafy greens and lemon dressing.,"Focus on form, 3 sessions/week, and progressive consistency."
50.53,394.05,non_veg,none,,muscle,29,beginner,low,104.2,2610.16,20,3184.4,28.21,61.26,1,poor,High-Protein Grilled Chicken,Full Body Strength Basics,beginner,107.7,Goblet Squat|Incline Push-Up|Dumbbell Row|Hip Bridge|Dead Bug,High-protein grilled chicken with vegetables.,"Focus on form, 3 sessions/week, and progressive consistency."
26.42,854.78,non_veg,none,,maintenance,42,beginner,high,60.47,2961.3,3,9167.8,26.46,71.6,3,average,Turkey Rice Bowl,Mobility and Core Flow,intermediate,60.72,Cat-Cow Stretch|World's Greatest Stretch|Side Plank|Bird Dog|Glute Bridge March,Lean turkey with rice and roasted vegetables.,Use progressive overload and mix strength with conditioning.
16.8,551.19,non_veg,none,,maintenance,82,beginner,moderate,61.59,1570.17,19,11511.27,22.5,81.51,2,good,Turkey Rice Bowl,Mobility and Core Flow,intermediate,58.41,Cat-Cow Stretch|World's Greatest Stretch|Side Plank|Bird Dog|Glute Bridge March,Lean turkey with rice and roasted vegetables.,Use progressive overload and mix strength with conditioning.
20.96,715.94,non_veg,none,,maintenance,89,intermediate,low,49.26,2907.57,6,13544.47,17.82,55.97,11,average,Turkey Rice Bowl,Strength and Cardio Mix,intermediate,50.4,Dumbbell Squat to Press|Assault Bike|Seated Cable Row|Step-Ups|Russian Twists,Lean turkey with rice and roasted vegetables.,Use progressive overload and mix strength with conditioning.
52.94,808.32,non_veg,shellfish_allergy,,muscle,30,intermediate,low,62.42,2242.24,15,7658.81,33.39,82.53,6,average,High-Protein Grilled Chicken,Upper Lower Strength Split,beginner,63.25,Barbell Bench Press|Romanian Deadlift|Lat Pulldown|Walking Lunges|Dumbbell Shoulder Press,High-protein grilled chicken with vegetables.,"Focus on form, 3 sessions/week, and progressive consistency."
20.43,829.94,non_veg,gluten_intolerance|lactose_intolerance,,muscle,69,intermediate,moderate,90.35,1938.87,5,5707.54,32.04,65.64,10,average,Dairy-Free Protein Bowl,Upper Lower Strength Split,intermediate,90.22,Barbell Bench Press|Romanian Deadlift|Lat Pulldown|Walking Lunges|Dumbbell Shoulder Press,Lactose-safe protein meal without milk products.,Use progressive overload and mix strength with conditioning.
40.21,705.65,veg,none,,maintenance,48,beginner,low,93.35,2257.38,17,10581.25,26.34,71.96,5,poor,Veggie Brown Rice Plate,Mobility and Core Flow,beginner,94.33,Cat-Cow Stretch|World's Greatest Stretch|Side Plank|Bird Dog|Glute Bridge March,Brown rice with mixed vegetables and legumes.,"Focus on form, 3 sessions/week, and progressive consistency."
32.52,886.7,veg,shellfish_allergy,,maintenance,31,beginner,low,107.27,2926.51,9,7272.46,19.26,76.45,1,good,Veggie Brown Rice Plate,Mobility and Core Flow,beginner,108.83,Cat-Cow Stretch|World's Greatest Stretch|Side Plank|Bird Dog|Glute Bridge March,Brown rice with mixed vegetables and legumes.,"Focus on form, 3 sessions/week, and progressive consistency."
17.98,659.92,non_veg,lactose_intolerance,,maintenance,82,advanced,moderate,89.52,3031.79,24,6270.93,17.95,59.54,6,good,Turkey Rice Bowl,Hybrid Endurance Strength,intermediate,92.0,Front Squat|Pull-Ups|Farmer Carry|Stationary Bike Intervals|Hanging Knee Raises,Lean turkey with rice and roasted vegetables.,Use progressive overload and mix strength with conditioning.
52.2,838.59,veg,lactose_intolerance|soy_allergy,,muscle,82,beginner,high,88.59,1500.57,17,13217.49,29.59,62.66,2,poor,High-Protein Chickpea Stir Fry,Volume Hypertrophy Session,beginner,85.17,Leg Press|Incline Dumbbell Press|Chest-Supported Row|Seated Leg Curl|Cable Lateral Raise,High-protein chickpea meal for muscle gain.,"Focus on form, 3 sessions/week, and progressive consistency."
52.16,807.8,non_veg,none,,maintenance,56,beginner,moderate,94.65,2028.34,8,9482.3,32.16,51.46,4,good,Turkey Rice Bowl,Mobility and Core Flow,intermediate,93.45,Cat-Cow Stretch|World's Greatest Stretch|Side Plank|Bird Dog|Glute Bridge March,Lean turkey with rice and roasted vegetables.,Use progressive overload and mix strength with conditioning.
42.5,694.97,veg,nut_allergy,,fat_loss,54,intermediate,high,85.68,2415.92,22,15481.22,20.2,65.14,12,average,Moong Sprout Salad,Sprint Interval Circuit,advanced,83.2,Treadmill Sprint|Walking Recovery|Jump Squats|Push-Up to T Rotation|Plank Knee Drive,Nut-free sprouts salad with herbs and lime.,"Periodize training, recover well, and target performance blocks."
43.98,413.06,veg,nut_allergy,,muscle,65,advanced,moderate,95.29,2990.66,12,7381.57,17.86,76.92,12,good,High-Protein Chickpea Stir Fry,Push Pull Legs Intense,advanced,97.74,Barbell Back Squat|Bench Press|Bent-Over Row|Overhead Press|Conventional Deadlift,High-protein chickpea meal for muscle gain.,"Periodize training, recover well, and target performance blocks."
23.25,640.8,veg,egg_allergy|gluten_intolerance,,muscle,38,intermediate,low,92.7,1931.28,14,3145.21,24.75,61.64,6,average,Quinoa Vegetable Plate,Upper Lower Strength Split,beginner,93.78,Barbell Bench Press|Romanian Deadlift|Lat Pulldown|Walking Lunges|Dumbbell Shoulder Press,Gluten-aware quinoa plate with seasonal vegetables.,"Focus on form, 3 sessions/week, and progressive consistency."
39.58,538.28,veg,soy_allergy,,fat_loss,51,beginner,low,90.04,1482.49,17,8547.0,33.84,57.71,3,poor,Lentil Greens Salad,HIIT Starter Circuit,beginner,89.96,High Knees|Bodyweight Squats|Burpees|Plank Shoulder Taps|Alternating Reverse Lunges,High-fiber lentils with leafy greens and lemon dressing.,"Focus on form, 3 sessions/week, and progressive consistency."
18.45,326.99,veg,none,,fat_loss,89,beginner,moderate,107.19,1876.89,16,12360.07,19.24,73.98,8,poor,Low-Cal Veg Soup,HIIT Starter Circuit,intermediate,105.67,High Knees|Bodyweight Squats|Burpees|Plank Shoulder Taps|Alternating Reverse Lunges,Low-calorie vegetable soup for fat-loss support.,Use progressive overload and mix strength with conditioning.
44.7,602.05,non_veg,egg_allergy,,maintenance,26,intermediate,low,64.39,2370.52,4,14139.98,19.5,92.72,9,good,Turkey Rice Bowl,Strength and Cardio Mix,intermediate,64.57,Dumbbell Squat to Press|Assault Bike|Seated Cable Row|Step-Ups|Russian Twists,Lean turkey with rice and roasted vegetables.,Use progressive overload and mix strength with conditioning.
48.17,541.19,veg,nut_allergy,,fat_loss,39,intermediate,moderate,85.05,1589.99,23,16687.66,27.04,79.06,8,average,Moong Sprout Salad,Metabolic Conditioning,intermediate,81.15,Kettlebell Swings|Thrusters|Rowing Intervals|Box Step-Ups|Battle Ropes,Nut-free sprouts salad with herbs and lime.,Use progressive overload and mix strength with conditioning.
49.17,615.55,non_veg,egg_allergy,,maintenance,85,intermediate,low,89.98,2349.86,14,8078.99,28.53,61.33,3,poor,Turkey Rice Bowl,Strength and Cardio Mix,beginner,90.91,Dumbbell Squat to Press|Assault Bike|Seated Cable Row|Step-Ups|Russian Twists,Lean turkey with rice and roasted vegetables.,"Focus on form, 3 sessions/week, and progressive consistency."
18.14,324.12,veg,none,,muscle,66,beginner,moderate,116.33,2518.8,9,11507.23,21.75,82.69,10,poor,Tofu Power Bowl,Full Body Strength Basics,intermediate,115.97,Goblet Squat|Incline Push-Up|Dumbbell Row|Hip Bridge|Dead Bug,"Balanced tofu bowl with quinoa, greens, and seeds.",Use progressive overload and mix strength with conditioning.
34.5,614.84,veg,none,,muscle,78,intermediate,low,69.43,2377.01,17,10175.15,26.01,84.19,5,good,Tofu Power Bowl,Volume Hypertrophy Session,beginner,70.99,Leg Press|Incline Dumbbell Press|Chest-Supported Row|Seated Leg Curl|Cable Lateral Raise,"Balanced tofu bowl with quinoa, greens, and seeds.","Focus on form, 3 sessions/week, and progressive consistency."
29.04,842.78,non_veg,none,,maintenance,36,beginner,moderate,58.39,1763.85,15,13823.47,31.44,83.59,12,average,Turkey Rice Bowl,Mobility and Core Flow,intermediate,56.0,Cat-Cow Stretch|World's Greatest Stretch|Side Plank|Bird Dog|Glute Bridge March,Lean turkey with rice and roasted vegetables.,Use progressive overload and mix strength with conditioning.
46.29,452.93,veg,none,,fat_loss,46,beginner,moderate,77.99,1415.23,4,5124.61,32.87,60.35,1,poor,Lentil Greens Salad,HIIT Starter Circuit,beginner,77.55,High Knees|Bodyweight Squats|Burpees|Plank Shoulder Taps|Alternating Reverse Lunges,High-fiber lentils with leafy greens and lemon dressing.,"Focus on form, 3 sessions/week, and progressive consistency."
29.26,692.13,non_veg,nut_allergy|shellfish_allergy,,fat_loss,65,intermediate,high,114.7,1651.13,2,3994.47,34.99,71.5,3,poor,Lean Chicken Veg Plate,Sprint Interval Circuit,beginner,115.34,Treadmill Sprint|Walking Recovery|Jump Squats|Push-Up to T Rotation|Plank Knee Drive,Shellfish-free lean chicken and vegetable plate.,"Focus on form, 3 sessions/week, and progressive consistency."
26.96,377.1,non_veg,none,,muscle,86,beginner,low,90.07,2705.02,13,3722.8,18.78,76.27,6,average,Chicken Quinoa Plate,Volume Hypertrophy Session,beginner,92.49,Leg Press|Incline Dumbbell Press|Chest-Supported Row|Seated Leg Curl|Cable Lateral Raise,Lean chicken with quinoa and mixed vegetables.,"Focus on form, 3 sessions/week, and progressive consistency."
38.41,647.22,veg,egg_allergy|shellfish_allergy,,fat_loss,59,advanced,moderate,107.11,2381.6,2,15696.39,29.46,85.93,3,good,Chickpea Spinach Stir Fry,Athlete HIIT Blast,beginner,107.36,Sprint Intervals|Box Jumps|Burpee Broad Jumps|Medicine Ball Slams|Skater Hops,Plant-protein chickpeas with sauteed spinach.,"Focus on form, 3 sessions/week, and progressive consistency."
19.55,474.14,non_veg,none,,muscle,63,beginner,moderate,101.46,1463.1,20,15439.97,29.49,67.97,10,poor,Chicken Quinoa Plate,Full Body Strength Basics,intermediate,98.12,Goblet Squat|Incline Push-Up|Dumbbell Row|Hip Bridge|Dead Bug,Lean chicken with quinoa and mixed vegetables.,Use progressive overload and mix strength with conditioning.
41.17,834.89,non_veg,none,,fat_loss,72,beginner,moderate,67.58,1469.95,19,12781.16,19.38,87.57,5,poor,Grilled Fish Salad,HIIT Starter Circuit,beginner,64.85,High Knees|Bodyweight Squats|Burpees|Plank Shoulder Taps|Alternating Reverse Lunges,Omega-rich fish with fresh vegetables and olive oil.,"Focus on form, 3 sessions/week, and progressive consistency."
14.27,589.63,veg,nut_allergy|soy_allergy,,maintenance,65,beginner,low,49.26,1821.34,23,7041.88,24.85,51.61,11,good,Veggie Brown Rice Plate,Mobility and Core Flow,intermediate,49.71,Cat-Cow Stretch|World's Greatest Stretch|Side Plank|Bird Dog|Glute Bridge March,Brown rice with mixed vegetables and legumes.,Use progressive overload and mix strength with conditioning.
48.33,530.41,veg,none,,fat_loss,80,intermediate,low,77.13,2817.49,13,12878.22,17.27,53.34,8,poor,Lentil Greens Salad,Metabolic Conditioning,beginner,78.21,Kettlebell Swings|Thrusters|Rowing Intervals|Box Step-Ups|Battle Ropes,High-fiber lentils with leafy greens and lemon dressing.,"Focus on form, 3 sessions/week, and progressive consistency."
48.67,860.25,non_veg,none,,muscle,49,beginner,moderate,117.32,2976.74,10,16761.63,22.0,70.47,2,poor,High-Protein Grilled Chicken,Full Body Strength Basics,beginner,117.63,Goblet Squat|Incline Push-Up|Dumbbell Row|Hip Bridge|Dead Bug,High-protein grilled chicken with vegetables.,"Focus on form, 3 sessions/week, and progressive consistency."
23.42,751.29,non_veg,none,,fat_loss,40,advanced,moderate,99.55,2452.43,15,5123.47,20.31,82.1,10,average,Grilled Fish Salad,Athlete HIIT Blast,intermediate,100.19,Sprint Intervals|Box Jumps|Burpee Broad Jumps|Medicine Ball Slams|Skater Hops,Omega-rich fish with fresh vegetables and olive oil.,Use progressive overload and mix strength with conditioning.
22.9,640.37,non_veg,egg_allergy,,maintenance,66,beginner,moderate,115.9,1350.77,18,7779.15,20.0,63.54,8,good,Turkey Rice Bowl,Mobility and Core Flow,advanced,113.84,Cat-Cow Stretch|World's Greatest Stretch|Side Plank|Bird Dog|Glute Bridge March,Lean turkey with rice and roasted vegetables.,"Periodize training, recover well, and target performance blocks."
14.63,360.85,veg,egg_allergy,,maintenance,76,advanced,moderate,88.25,2734.23,23,8056.91,21.17,54.67,9,average,Chickpea Spinach Stir Fry,Hybrid Endurance Strength,intermediate,88.97,Front Squat|Pull-Ups|Farmer Carry|Stationary Bike Intervals|Hanging Knee Raises,Plant-protein chickpeas with sauteed spinach.,Use progressive overload and mix strength with conditioning.
38.83,323.89,non_veg,lactose_intolerance,,muscle,78,beginner,low,60.51,2177.82,17,13917.48,35.05,72.03,9,good,Dairy-Free Protein Bowl,Volume Hypertrophy Session,beginner,60.06,Leg Press|Incline Dumbbell Press|Chest-Supported Row|Seated Leg Curl|Cable Lateral Raise,Lactose-safe protein meal without milk products.,"Focus on form, 3 sessions/week, and progressive consistency."
14.51,715.36,veg,none,,fat_loss,86,beginner,low,107.97,1618.99,9,5200.09,29.5,66.9,9,poor,Lentil Greens Salad,HIIT Starter Circuit,beginner,107.89,High Knees|Bodyweight Squats|Burpees|Plank Shoulder Taps|Alternating Reverse Lunges,High-fiber lentils with leafy greens and lemon dressing.,"Focus on form, 3 sessions/week, and progressive consistency."
47.02,669.8,non_veg,none,,maintenance,21,beginner,low,55.74,2401.52,23,14716.12,17.92,71.52,9,average,Turkey Rice Bowl,Express Bodyweight Burner,intermediate,55.86,Jumping Jacks|Push-Ups|Air Squats|Mountain Climbers|Plank Hold,Lean turkey with rice and roasted vegetables.,Use progressive overload and mix strength with conditioning.
24.29,878.52,veg,nut_allergy,,muscle,64,beginner,moderate,99.05,2883.49,17,12706.84,28.55,68.93,2,good,Tofu Power Bowl,Full Body Strength Basics,intermediate,99.75,Goblet Squat|Incline Push-Up|Dumbbell Row|Hip Bridge|Dead Bug,"Balanced tofu bowl with quinoa, greens, and seeds.",Use progressive overload and mix strength with conditioning.
44.14,650.65,non_veg,none,,maintenance,53,intermediate,moderate,115.05,2540.91,13,10290.53,27.11,63.51,3,average,Turkey Rice Bowl,Strength and Cardio Mix,beginner,115.82,Dumbbell Squat to Press|Assault Bike|Seated Cable Row|Step-Ups|Russian Twists,Lean turkey with rice and roasted vegetables.,"Focus on form, 3 sessions/week, and progressive consistency."
13.85,345.28,veg,gluten_intolerance,,muscle,57,beginner,moderate,65.04,3072.01,20,11659.15,33.71,77.93,6,average,Quinoa Vegetable Plate,Full Body Strength Basics,beginner,66.64,Goblet Squat|Incline Push-Up|Dumbbell Row|Hip Bridge|Dead Bug,Gluten-aware quinoa plate with seasonal vegetables.,"Focus on form, 3 sessions/week, and progressive consistency."
47.34,311.19,non_veg,none,,fat_loss,82,beginner,high,76.83,3056.28,14,6793.47,34.71,58.28,2,average,Turkey Lettuce Wrap,Sprint Interval Circuit,beginner,76.63,Treadmill Sprint|Walking Recovery|Jump Squats|Push-Up to T Rotation|Plank Knee Drive,Low-calorie turkey wraps with crunchy lettuce.,"Focus on form, 3 sessions/week, and progressive consistency."
51.86,772.98,veg,none,,fat_loss,82,beginner,low,103.64,1496.3,16,3785.27,19.31,90.25,0,average,Lentil Greens Salad,HIIT Starter Circuit,beginner,104.14,High Knees|Bodyweight Squats|Burpees|Plank Shoulder Taps|Alternating Reverse Lunges,High-fiber lentils with leafy greens and lemon dressing.,"Focus on form, 3 sessions/week, and progressive consistency."
20.94,478.52,veg,none,,muscle,54,intermediate,moderate,76.76,3164.37,20,11051.4,25.83,83.35,0,average,Tofu Power Bowl,Upper Lower Strength Split,beginner,78.3,Barbell Bench Press|Romanian Deadlift|Lat Pulldown|Walking Lunges|Dumbbell Shoulder Press,"Balanced tofu bowl with quinoa, greens, and seeds.","Focus on form, 3 sessions/week, and progressive consistency."
21.25,722.29,non_veg,lactose_intolerance,,fat_loss,83,beginner,moderate,58.04,2517.69,15,14124.23,19.9,50.46,8,average,Grilled Fish Salad,HIIT Starter Circuit,intermediate,56.45,High Knees|Bodyweight Squats|Burpees|Plank Shoulder Taps|Alternating Reverse Lunges,Omega-rich fish with fresh vegetables and olive oil.,Use progressive overload and mix strength with conditioning.
36.94,565.34,veg,lactose_intolerance,,maintenance,40,beginner,moderate,110.39,2610.36,21,12193.81,27.22,67.53,1,average,Veggie Brown Rice Plate,Mobility and Core Flow,beginner,110.22,Cat-Cow Stretch|World's Greatest Stretch|Side Plank|Bird Dog|Glute Bridge March,Brown rice with mixed vegetables and legumes.,"Focus on form, 3 sessions/week, and progressive consistency."
51.3,458.85,non_veg,none,,maintenance,42,advanced,low,113.48,1550.24,11,3106.38,25.45,76.65,2,good,Turkey Rice Bowl,Hybrid Endurance Strength,beginner,113.61,Front Squat|Pull-Ups|Farmer Carry|Stationary Bike Intervals|Hanging Knee Raises,Lean turkey with rice and roasted vegetables.,"Focus on form, 3 sessions/week, and progressive consistency."
42.59,509.26,veg,nut_allergy,,muscle,27,beginner,low,99.22,2695.87,6,6021.78,20.11,81.76,9,good,High-Protein Chickpea Stir Fry,Full Body Strength Basics,intermediate,99.82,Goblet Squat|Incline Push-Up|Dumbbell Row|Hip Bridge|Dead Bug,High-protein chickpea meal for muscle gain.,Use progressive overload and mix strength with conditioning.
41.2,716.21,veg,lactose_intolerance,,maintenance,63,beginner,low,52.26,2497.19,15,5640.86,31.09,64.87,2,average,Veggie Brown Rice Plate,Mobility and Core Flow,beginner,53.91,Cat-Cow Stretch|World's Greatest Stretch|Side Plank|Bird Dog|Glute Bridge March,Brown rice with mixed vegetables and legumes.,"Focus on form, 3 sessions/week, and progressive consistency."
47.29,604.55,non_veg,none,,muscle,56,intermediate,high,58.63,1898.33,12,6757.27,32.86,55.93,9,poor,High-Protein Grilled Chicken,Upper Lower Strength Split,intermediate,57.29,Barbell Bench Press|Romanian Deadlift|Lat Pulldown|Walking Lunges|Dumbbell Shoulder Press,High-protein grilled chicken with vegetables.,Use progressive overload and mix strength with conditioning.
23.48,333.0,veg,none,,muscle,85,intermediate,low,70.58,2171.99,7,7782.04,26.07,63.64,10,good,Tofu Power Bowl,Volume Hypertrophy Session,intermediate,71.22,Leg Press|Incline Dumbbell Press|Chest-Supported Row|Seated Leg Curl|Cable Lateral Raise,"Balanced tofu bowl with quinoa, greens, and seeds.",Use progressive overload and mix strength with conditioning.
36.71,270.2,non_veg,none,,fat_loss,42,intermediate,high,116.42,3071.12,3,12159.37,32.8,83.24,3,average,Turkey Lettuce Wrap,Sprint Interval Circuit,beginner,115.78,Treadmill Sprint|Walking Recovery|Jump Squats|Push-Up to T Rotation|Plank Knee Drive,Low-calorie turkey wraps with crunchy lettuce.,"Focus on form, 3 sessions/week, and progressive consistency."
22.74,743.37,non_veg,egg_allergy|nut_allergy,,fat_loss,81,beginner,low,57.57,3067.85,17,13265.14,30.7,83.26,3,average,Grilled Fish Salad,HIIT Starter Circuit,beginner,60.43,High Knees|Bodyweight Squats|Burpees|Plank Shoulder Taps|Alternating Reverse Lunges,Omega-rich fish with fresh vegetables and olive oil.,"Focus on form, 3 sessions/week, and progressive consistency."
28.72,703.99,veg,none,,muscle,89,intermediate,moderate,59.02,1336.2,17,5351.65,32.12,92.05,10,average,Tofu Power Bowl,Volume Hypertrophy Session,beginner,57.12,Leg Press|Incline Dumbbell Press|Chest-Supported Row|Seated Leg Curl|Cable Lateral Raise,"Balanced tofu bowl with quinoa, greens, and seeds.","Focus on form, 3 sessions/week, and progressive consistency."
42.74,251.09,non_veg,none,,muscle,34,beginner,moderate,106.88,2098.81,5,16444.12,21.22,67.4,10,good,High-Protein Grilled Chicken,Full Body Strength Basics,advanced,106.87,Goblet Squat|Incline Push-Up|Dumbbell Row|Hip Bridge|Dead Bug,High-protein grilled chicken with vegetables.,"Periodize training, recover well, and target performance blocks."
28.53,521.96,non_veg,none,,fat_loss,78,beginner,high,62.95,2002.87,8,11833.99,26.52,54.84,7,good,Grilled Fish Salad,Sprint Interval Circuit,advanced,61.59,Treadmill Sprint|Walking Recovery|Jump Squats|Push-Up to T Rotation|Plank Knee Drive,Omega-rich fish with fresh vegetables and olive oil.,"Periodize training, recover well, and target performance blocks."
48.76,379.76,non_veg,nut_allergy,,fat_loss,31,advanced,moderate,64.64,2879.83,17,10811.8,31.16,65.81,2,average,Grilled Fish Salad,Athlete HIIT Blast,beginner,65.78,Sprint Intervals|Box Jumps|Burpee Broad Jumps|Medicine Ball Slams|Skater Hops,Omega-rich fish with fresh vegetables and olive oil.,"Focus on form, 3 sessions/week, and progressive consistency."
41.21,678.95,veg,none,,muscle,85,intermediate,low,51.63,2934.23,3,3535.7,33.42,75.77,9,average,Tofu Power Bowl,Volume Hypertrophy Session,beginner,52.46,Leg Press|Incline Dumbbell Press|Chest-Supported Row|Seated Leg Curl|Cable Lateral Raise,"Balanced tofu bowl with quinoa, greens, and seeds.","Focus on form, 3 sessions/week, and progressive consistency."
33.28,719.8,non_veg,none,,muscle,57,intermediate,high,82.22,1528.96,11,5775.4,21.47,68.34,5,poor,Chicken Quinoa Plate,Upper Lower Strength Split,intermediate,79.48,Barbell Bench Press|Romanian Deadlift|Lat Pulldown|Walking Lunges|Dumbbell Shoulder Press,Lean chicken with quinoa and mixed vegetables.,Use progressive overload and mix strength with conditioning.
45.51,358.47,veg,none,,muscle,72,beginner,high,99.65,3001.89,21,15192.05,21.99,79.02,11,average,High-Protein Chickpea Stir Fry,Full Body Strength Basics,advanced,99.44,Goblet Squat|Incline Push-Up|Dumbbell Row|Hip Bridge|Dead Bug,High-protein chickpea meal for muscle gain.,"Periodize training, recover well, and target performance blocks."
16.35,550.27,non_veg,nut_allergy,,fat_loss,85,beginner,moderate,117.63,2214.11,24,4806.08,25.77,92.22,11,average,Grilled Fish Salad,HIIT Starter Circuit,intermediate,118.01,High Knees|Bodyweight Squats|Burpees|Plank Shoulder Taps|Alternating Reverse Lunges,Omega-rich fish with fresh vegetables and olive oil.,Use progressive overload and mix strength with conditioning.
30.68,760.58,non_veg,shellfish_allergy,,muscle,61,advanced,low,93.34,2005.68,23,2586.92,31.06,70.92,3,good,Lean Chicken Veg Plate,Push Pull Legs Intense,beginner,95.74,Barbell Back Squat|Bench Press|Bent-Over Row|Overhead Press|Conventional Deadlift,Shellfish-free lean chicken and vegetable plate.,"Focus on form, 3 sessions/week, and progressive consistency."
41.19,690.69,non_veg,none,,muscle,39,advanced,moderate,52.15,3188.71,16,13039.91,26.04,81.33,6,average,Chicken Quinoa Plate,Push Pull Legs Intense,intermediate,53.72,Barbell Back Squat|Bench Press|Bent-Over Row|Overhead Press|Conventional Deadlift,Lean chicken with quinoa and mixed vegetables.,Use progressive overload and mix strength with conditioning.
24.96,371.76,veg,egg_allergy|gluten_intolerance,,muscle,60,advanced,low,98.69,2721.1,23,5405.25,28.92,90.29,7,good,Quinoa Vegetable Plate,Push Pull Legs Intense,beginner,101.58,Barbell Back Squat|Bench Press|Bent-Over Row|Overhead Press|Conventional Deadlift,Gluten-aware quinoa plate with seasonal vegetables.,"Focus on form, 3 sessions/week, and progressive consistency."
26.39,354.46,non_veg,gluten_intolerance|lactose_intolerance,,maintenance,61,beginner,high,80.14,1364.69,24,16040.12,32.57,52.21,11,average,Chicken Quinoa Plate,Mobility and Core Flow,advanced,74.96,Cat-Cow Stretch|World's Greatest Stretch|Side Plank|Bird Dog|Glute Bridge March,Lean chicken with quinoa and mixed vegetables.,"Periodize training, recover well, and target performance blocks."
21.42,347.63,non_veg,none,,muscle,56,intermediate,moderate,50.21,1810.77,19,4741.49,32.7,71.31,8,average,Chicken Quinoa Plate,Upper Lower Strength Split,intermediate,50.13,Barbell Bench Press|Romanian Deadlift|Lat Pulldown|Walking Lunges|Dumbbell Shoulder Press,Lean chicken with quinoa and mixed vegetables.,Use progressive overload and mix strength with conditioning.
16.65,382.56,veg,none,,maintenance,20,advanced,moderate,84.41,2433.88,11,12067.03,34.25,72.29,4,average,Veggie Brown Rice Plate,Express Bodyweight Burner,beginner,85.09,Jumping Jacks|Push-Ups|Air Squats|Mountain Climbers|Plank Hold,Brown rice with mixed vegetables and legumes.,"Focus on form, 3 sessions/week, and progressive consistency."
16.35,884.09,veg,none,,fat_loss,31,beginner,moderate,93.6,1662.18,17,11475.9,34.72,53.66,9,poor,Lentil Greens Salad,HIIT Starter Circuit,beginner,91.63,High Knees|Bodyweight Squats|Burpees|Plank Shoulder Taps|Alternating Reverse Lunges,High-fiber lentils with leafy greens and lemon dressing.,"Focus on form, 3 sessions/week, and progressive consistency."
19.06,365.45,veg,egg_allergy,,fat_loss,80,beginner,moderate,54.02,1496.65,19,15657.1,30.02,83.18,3,average,Chickpea Spinach Stir Fry,HIIT Starter Circuit,beginner,50.29,High Knees|Bodyweight Squats|Burpees|Plank Shoulder Taps|Alternating Reverse Lunges,Plant-protein chickpeas with sauteed spinach.,"Focus on form, 3 sessions/week, and progressive consistency."
35.65,566.48,non_veg,egg_allergy|shellfish_allergy,,maintenance,68,beginner,low,88.59,2942.8,20,15590.18,18.77,49.96,12,good,Lean Chicken Veg Plate,Mobility and Core Flow,advanced,89.55,Cat-Cow Stretch|World's Greatest Stretch|Side Plank|Bird Dog|Glute Bridge March,Shellfish-free lean chicken and vegetable plate.,"Periodize training, recover well, and target performance blocks."
17.3,421.64,non_veg,lactose_intolerance|soy_allergy,,fat_loss,60,advanced,moderate,53.69,2251.8,13,3551.58,22.48,52.69,1,average,Grilled Fish Salad,Athlete HIIT Blast,intermediate,54.58,Sprint Intervals|Box Jumps|Burpee Broad Jumps|Medicine Ball Slams|Skater Hops,Omega-rich fish with fresh vegetables and olive oil.,Use progressive overload and mix strength with conditioning.
32.19,317.88,veg,none,,maintenance,66,advanced,high,70.56,2602.14,17,11148.54,17.19,75.57,2,average,Veggie Brown Rice Plate,Hybrid Endurance Strength,intermediate,69.55,Front Squat|Pull-Ups|Farmer Carry|Stationary Bike Intervals|Hanging Knee Raises,Brown rice with mixed vegetables and legumes.,Use progressive overload and mix strength with conditioning.
28.47,585.32,veg,none,,fat_loss,66,beginner,moderate,109.53,1711.83,23,5503.09,19.36,90.36,0,average,Lentil Greens Salad,HIIT Starter Circuit,beginner,107.43,High Knees|Bodyweight Squats|Burpees|Plank Shoulder Taps|Alternating Reverse Lunges,High-fiber lentils with leafy greens and lemon dressing.,"Focus on form, 3 sessions/week, and progressive consistency."
13.68,538.69,non_veg,none,,maintenance,20,intermediate,low,84.15,1625.23,12,5654.51,18.41,90.08,11,average,Turkey Rice Bowl,Express Bodyweight Burner,beginner,84.4,Jumping Jacks|Push-Ups|Air Squats|Mountain Climbers|Plank Hold,Lean turkey with rice and roasted vegetables.,"Focus on form, 3 sessions/week, and progressive consistency."
13.32,298.55,non_veg,none,,muscle,23,beginner,high,117.05,2370.04,8,6686.04,34.22,80.4,8,poor,Chicken Quinoa Plate,Express Bodyweight Burner,beginner,116.66,Jumping Jacks|Push-Ups|Air Squats|Mountain Climbers|Plank Hold,Lean chicken with quinoa and mixed vegetables.,"Focus on form, 3 sessions/week, and progressive consistency."
41.58,670.62,non_veg,lactose_intolerance,,maintenance,80,beginner,moderate,87.31,2665.28,18,11591.49,33.14,52.27,2,average,Turkey Rice Bowl,Mobility and Core Flow,beginner,86.94,Cat-Cow Stretch|World's Greatest Stretch|Side Plank|Bird Dog|Glute Bridge March,Lean turkey with rice and roasted vegetables.,"Focus on form, 3 sessions/week, and progressive consistency."
46.33,258.93,non_veg,none,,fat_loss,23,intermediate,high,99.63,1505.38,20,16136.76,34.7,72.49,6,good,Turkey Lettuce Wrap,Express Bodyweight Burner,intermediate,94.2,Jumping Jacks|Push-Ups|Air Squats|Mountain Climbers|Plank Hold,Low-calorie turkey wraps with crunchy lettuce.,Use progressive overload and mix strength with conditioning.
52.03,383.88,veg,none,,maintenance,54,intermediate,high,55.34,1421.66,14,16242.05,27.21,84.25,2,average,Veggie Brown Rice Plate,Strength and Cardio Mix,beginner,51.94,Dumbbell Squat to Press|Assault Bike|Seated Cable Row|Step-Ups|Russian Twists,Brown rice with mixed vegetables and legumes.,"Focus on form, 3 sessions/week, and progressive consistency."
36.89,734.28,non_veg,soy_allergy,,maintenance,68,beginner,low,90.36,1565.87,11,5723.57,27.25,92.96,12,poor,Turkey Rice Bowl,Mobility and Core Flow,beginner,90.31,Cat-Cow Stretch|World's Greatest Stretch|Side Plank|Bird Dog|Glute Bridge March,Lean turkey with rice and roasted vegetables.,"Focus on form, 3 sessions/week, and progressive consistency."
20.36,667.54,veg,none,,muscle,30,beginner,moderate,64.72,3151.95,9,14089.92,17.62,85.34,9,good,Tofu Power Bowl,Full Body Strength Basics,intermediate,65.24,Goblet Squat|Incline Push-Up|Dumbbell Row|Hip Bridge|Dead Bug,"Balanced tofu bowl with quinoa, greens, and seeds.",Use progressive overload and mix strength with conditioning.
17.0,552.14,veg,egg_allergy|gluten_intolerance,,fat_loss,76,advanced,low,75.04,2673.34,18,10553.57,28.13,92.13,1,good,Quinoa Vegetable Plate,Athlete HIIT Blast,beginner,77.57,Sprint Intervals|Box Jumps|Burpee Broad Jumps|Medicine Ball Slams|Skater Hops,Gluten-aware quinoa plate with seasonal vegetables.,"Focus on form, 3 sessions/week, and progressive consistency."
17.92,690.26,non_veg,lactose_intolerance|soy_allergy,,fat_loss,28,advanced,low,61.83,1668.95,13,13352.3,34.79,88.94,9,poor,Grilled Fish Salad,Athlete HIIT Blast,beginner,61.17,Sprint Intervals|Box Jumps|Burpee Broad Jumps|Medicine Ball Slams|Skater Hops,Omega-rich fish with fresh vegetables and olive oil.,"Focus on form, 3 sessions/week, and progressive consistency."
50.68,787.88,non_veg,none,,maintenance,60,intermediate,low,94.87,1813.2,17,4361.38,22.59,49.53,9,good,Turkey Rice Bowl,Strength and Cardio Mix,intermediate,95.74,Dumbbell Squat to Press|Assault Bike|Seated Cable Row|Step-Ups|Russian Twists,Lean turkey with rice and roasted vegetables.,Use progressive overload and mix strength with conditioning.
53.96,889.13,non_veg,nut_allergy,,fat_loss,50,beginner,low,95.86,3187.15,3,14265.87,34.31,90.75,12,average,Grilled Fish Salad,HIIT Starter Circuit,beginner,96.16,High Knees|Bodyweight Squats|Burpees|Plank Shoulder Taps|Alternating Reverse Lunges,Omega-rich fish with fresh vegetables and olive oil.,"Focus on form, 3 sessions/week, and progressive consistency."
39.59,334.72,non_veg,nut_allergy,,fat_loss,86,beginner,high,117.6,2050.16,10,5752.58,29.53,69.53,3,average,Turkey Lettuce Wrap,Sprint Interval Circuit,intermediate,116.97,Treadmill Sprint|Walking Recovery|Jump Squats|Push-Up to T Rotation|Plank Knee Drive,Low-calorie turkey wraps with crunchy lettuce.,Use progressive overload and mix strength with conditioning.
43.33,837.65,non_veg,lactose_intolerance|shellfish_allergy,,maintenance,20,intermediate,low,72.85,2877.65,10,4913.06,20.99,59.61,3,average,Lean Chicken Veg Plate,Express Bodyweight Burner,beginner,75.51,Jumping Jacks|Push-Ups|Air Squats|Mountain Climbers|Plank Hold,Shellfish-free lean chicken and vegetable plate.,"Focus on form, 3 sessions/week, and progressive consistency."
24.13,741.78,non_veg,none,,fat_loss,88,intermediate,moderate,85.29,2115.77,6,10954.39,28.02,68.02,3,average,Grilled Fish Salad,Metabolic Conditioning,beginner,84.45,Kettlebell Swings|Thrusters|Rowing Intervals|Box Step-Ups|Battle Ropes,Omega-rich fish with fresh vegetables and olive oil.,"Focus on form, 3 sessions/week, and progressive consistency."
25.86,257.77,veg,egg_allergy|lactose_intolerance,,fat_loss,41,intermediate,low,65.44,2544.22,15,13516.93,17.61,78.17,7,average,Low-Cal Veg Soup,Metabolic Conditioning,beginner,67.07,Kettlebell Swings|Thrusters|Rowing Intervals|Box Step-Ups|Battle Ropes,Low-calorie vegetable soup for fat-loss support.,"Focus on form, 3 sessions/week, and progressive consistency."
16.77,548.82,non_veg,none,,muscle,24,beginner,low,56.07,2239.69,23,11217.48,23.47,60.33,12,good,Chicken Quinoa Plate,Express Bodyweight Burner,advanced,56.95,Jumping Jacks|Push-Ups|Air Squats|Mountain Climbers|Plank Hold,Lean chicken with quinoa and mixed vegetables.,"Periodize training, recover well, and target performance blocks."
46.85,800.8,non_veg,egg_allergy,,muscle,69,beginner,high,115.25,2023.09,3,10680.89,24.69,58.44,8,average,High-Protein Grilled Chicken,Full Body Strength Basics,advanced,115.06,Goblet Squat|Incline Push-Up|Dumbbell Row|Hip Bridge|Dead Bug,High-protein grilled chicken with vegetables.,"Periodize training, recover well, and target performance blocks."
48.94,876.85,veg,lactose_intolerance,,fat_loss,89,intermediate,moderate,50.97,1974.71,17,11662.71,29.44,88.1,8,good,Lentil Greens Salad,Metabolic Conditioning,intermediate,49.94,Kettlebell Swings|Thrusters|Rowing Intervals|Box Step-Ups|Battle Ropes,High-fiber lentils with leafy greens and lemon dressing.,Use progressive overload and mix strength with conditioning.
46.37,445.49,veg,none,,muscle,43,intermediate,moderate,48.75,2437.42,18,6485.79,27.33,82.3,2,good,High-Protein Chickpea Stir Fry,Upper Lower Strength Split,beginner,49.33,Barbell Bench Press|Romanian Deadlift|Lat Pulldown|Walking Lunges|Dumbbell Shoulder Press,High-protein chickpea meal for muscle gain.,"Focus on form, 3 sessions/week, and progressive consistency."
13.0,713.04,veg,soy_allergy,,fat_loss,56,beginner,moderate,105.66,3176.84,20,8769.25,17.37,56.88,3,average,Lentil Greens Salad,HIIT Starter Circuit,intermediate,108.06,High Knees|Bodyweight Squats|Burpees|Plank Shoulder Taps|Alternating Reverse Lunges,High-fiber lentils with leafy greens and lemon dressing.,Use progressive overload and mix strength with conditioning.
45.95,666.95,veg,shellfish_allergy,,fat_loss,89,beginner,low,108.17,3022.96,14,12656.59,19.49,90.05,5,good,Lentil Greens Salad,HIIT Starter Circuit,beginner,109.5,High Knees|Bodyweight Squats|Burpees|Plank Shoulder Taps|Alternating Reverse Lunges,High-fiber lentils with leafy greens and lemon dressing.,"Focus on form, 3 sessions/week, and progressive consistency."
52.85,862.05,non_veg,none,,fat_loss,75,beginner,high,68.27,2816.31,4,6460.5,33.75,85.1,11,poor,Grilled Fish Salad,Sprint Interval Circuit,intermediate,67.95,Treadmill Sprint|Walking Recovery|Jump Squats|Push-Up to T Rotation|Plank Knee Drive,Omega-rich fish with fresh vegetables and olive oil.,Use progressive overload and mix strength with conditioning.
19.55,430.35,veg,shellfish_allergy|soy_allergy,,maintenance,41,intermediate,moderate,50.25,2406.54,11,13922.17,25.99,64.12,12,average,Veggie Brown Rice Plate,Strength and Cardio Mix,advanced,50.0,Dumbbell Squat to Press|Assault Bike|Seated Cable Row|Step-Ups|Russian Twists,Brown rice with mixed vegetables and legumes.,"Periodize training, recover well, and target performance blocks."
42.23,823.61,veg,none,,muscle,73,intermediate,moderate,98.41,3052.16,14,11467.08,26.33,55.7,8,good,High-Protein Chickpea Stir Fry,Upper Lower Strength Split,advanced,99.59,Barbell Bench Press|Romanian Deadlift|Lat Pulldown|Walking Lunges|Dumbbell Shoulder Press,High-protein chickpea meal for muscle gain.,"Periodize training, recover well, and target performance blocks."
50.05,522.89,non_veg,none,,muscle,32,intermediate,moderate,61.34,2752.55,23,2901.89,21.5,88.07,10,good,High-Protein Grilled Chicken,Upper Lower Strength Split,intermediate,64.09,Barbell Bench Press|Romanian Deadlift|Lat Pulldown|Walking Lunges|Dumbbell Shoulder Press,High-protein grilled chicken with vegetables.,Use progressive overload and mix strength with conditioning.
39.93,653.89,veg,none,,muscle,38,beginner,low,61.68,2289.78,18,7831.6,26.36,83.79,3,average,Tofu Power Bowl,Full Body Strength Basics,beginner,63.0,Goblet Squat|Incline Push-Up|Dumbbell Row|Hip Bridge|Dead Bug,"Balanced tofu bowl with quinoa, greens, and seeds.","Focus on form, 3 sessions/week, and progressive consistency."
45.23,501.85,non_veg,none,,fat_loss,45,intermediate,moderate,86.2,1519.88,13,8969.52,24.21,64.13,7,poor,Grilled Fish Salad,Metabolic Conditioning,intermediate,84.57,Kettlebell Swings|Thrusters|Rowing Intervals|Box Step-Ups|Battle Ropes,Omega-rich fish with fresh vegetables and olive oil.,Use progressive overload and mix strength with conditioning.
18.62,759.05,veg,none,,maintenance,28,intermediate,moderate,97.95,1552.21,11,8790.48,25.83,68.49,6,average,Veggie Brown Rice Plate,Strength and Cardio Mix,intermediate,96.9,Dumbbell Squat to Press|Assault Bike|Seated Cable Row|Step-Ups|Russian Twists,Brown rice with mixed vegetables and legumes.,Use progressive overload and mix strength with conditioning.
32.08,535.79,veg,egg_allergy|nut_allergy,,maintenance,75,beginner,high,65.33,2420.97,21,10563.73,27.37,87.88,11,poor,Chickpea Spinach Stir Fry,Mobility and Core Flow,intermediate,64.49,Cat-Cow Stretch|World's Greatest Stretch|Side Plank|Bird Dog|Glute Bridge March,Plant-protein chickpeas with sauteed spinach.,Use progressive overload and mix strength with conditioning.
53.15,558.35,non_veg,none,,maintenance,48,intermediate,moderate,108.99,2724.01,16,9387.17,26.83,64.03,11,average,Turkey Rice Bowl,Strength and Cardio Mix,intermediate,109.98,Dumbbell Squat to Press|Assault Bike|Seated Cable Row|Step-Ups|Russian Twists,Lean turkey with rice and roasted vegetables.,Use progressive overload and mix strength with conditioning.
37.77,635.03,non_veg,none,,fat_loss,39,intermediate,low,81.01,3153.88,3,6394.33,26.22,86.6,8,average,Grilled Fish Salad,Metabolic Conditioning,beginner,81.46,Kettlebell Swings|Thrusters|Rowing Intervals|Box Step-Ups|Battle Ropes,Omega-rich fish with fresh vegetables and olive oil.,"Focus on form, 3 sessions/week, and progressive consistency."
17.1,833.96,veg,gluten_intolerance|shellfish_allergy,,fat_loss,78,beginner,moderate,67.61,1668.63,14,15912.56,30.99,93.07,8,poor,Quinoa Vegetable Plate,HIIT Starter Circuit,beginner,65.01,High Knees|Bodyweight Squats|Burpees|Plank Shoulder Taps|Alternating Reverse Lunges,Gluten-aware quinoa plate with seasonal vegetables.,"Focus on form, 3 sessions/week, and progressive consistency."
40.04,250.73,non_veg,egg_allergy,,maintenance,56,advanced,low,117.61,2853.28,4,11517.11,21.5,57.86,4,average,Turkey Rice Bowl,Hybrid Endurance Strength,beginner,117.98,Front Squat|Pull-Ups|Farmer Carry|Stationary Bike Intervals|Hanging Knee Raises,Lean turkey with rice and roasted vegetables.,"Focus on form, 3 sessions/week, and progressive consistency."
27.96,463.38,veg,none,,muscle,41,beginner,high,106.86,2772.93,10,14482.86,28.82,73.65,11,average,Tofu Power Bowl,Full Body Strength Basics,advanced,106.32,Goblet Squat|Incline Push-Up|Dumbbell Row|Hip Bridge|Dead Bug,"Balanced tofu bowl with quinoa, greens, and seeds.","Periodize training, recover well, and target performance blocks."
41.2,832.14,non_veg,shellfish_allergy,,maintenance,21,beginner,moderate,111.08,2294.67,22,9632.46,33.13,50.99,3,good,Lean Chicken Veg Plate,Express Bodyweight Burner,intermediate,111.14,Jumping Jacks|Push-Ups|Air Squats|Mountain Climbers|Plank Hold,Shellfish-free lean chicken and vegetable plate.,Use progressive overload and mix strength with conditioning.
34.8,262.8,non_veg,egg_allergy|shellfish_allergy,,muscle,39,beginner,high,79.48,2801.45,12,16856.6,21.43,49.28,0,average,Lean Chicken Veg Plate,Full Body Strength Basics,intermediate,78.77,Goblet Squat|Incline Push-Up|Dumbbell Row|Hip Bridge|Dead Bug,Shellfish-free lean chicken and vegetable plate.,Use progressive overload and mix strength with conditioning.
40.11,684.46,veg,none,,fat_loss,30,beginner,low,108.74,1604.77,5,8767.91,34.74,65.86,5,average,Lentil Greens Salad,HIIT Starter Circuit,beginner,109.09,High Knees|Bodyweight Squats|Burpees|Plank Shoulder Taps|Alternating Reverse Lunges,High-fiber lentils with leafy greens and lemon dressing.,"Focus on form, 3 sessions/week, and progressive consistency."
42.42,385.04,non_veg,none,,muscle,43,beginner,moderate,76.22,3175.13,14,6119.28,24.48,82.67,8,good,High-Protein Grilled Chicken,Full Body Strength Basics,intermediate,77.83,Goblet Squat|Incline Push-Up|Dumbbell Row|Hip Bridge|Dead Bug,High-protein grilled chicken with vegetables.,Use progressive overload and mix strength with conditioning.
45.2,525.81,non_veg,none,,fat_loss,79,intermediate,low,81.11,2710.39,7,8529.09,35.29,50.23,6,average,Grilled Fish Salad,Metabolic Conditioning,beginner,82.01,Kettlebell Swings|Thrusters|Rowing Intervals|Box Step-Ups|Battle Ropes,Omega-rich fish with fresh vegetables and olive oil.,"Focus on form, 3 sessions/week, and progressive consistency."
24.47,497.27,veg,none,,muscle,37,beginner,low,113.35,2987.33,12,8350.0,32.62,70.9,10,good,Tofu Power Bowl,Full Body Strength Basics,intermediate,115.12,Goblet Squat|Incline Push-Up|Dumbbell Row|Hip Bridge|Dead Bug,"Balanced tofu bowl with quinoa, greens, and seeds.",Use progressive overload and mix strength with conditioning.
26.55,634.75,veg,none,,fat_loss,87,advanced,moderate,56.96,3195.01,8,6882.24,28.44,71.14,11,good,Lentil Greens Salad,Athlete HIIT Blast,advanced,57.76,Sprint Intervals|Box Jumps|Burpee Broad Jumps|Medicine Ball Slams|Skater Hops,High-fiber lentils with leafy greens and lemon dressing.,"Periodize training, recover well, and target performance blocks."
46.53,740.84,non_veg,none,,maintenance,60,beginner,moderate,48.38,1645.74,15,9835.82,26.4,62.39,10,average,Turkey Rice Bowl,Mobility and Core Flow,intermediate,46.84,Cat-Cow Stretch|World's Greatest Stretch|Side Plank|Bird Dog|Glute Bridge March,Lean turkey with rice and roasted vegetables.,Use progressive overload and mix strength with conditioning.
24.78,362.57,non_veg,soy_allergy,,muscle,41,beginner,high,86.65,3105.4,11,2649.55,20.74,73.08,1,poor,Chicken Quinoa Plate,Full Body Strength Basics,beginner,87.47,Goblet Squat|Incline Push-Up|Dumbbell Row|Hip Bridge|Dead Bug,Lean chicken with quinoa and mixed vegetables.,"Focus on form, 3 sessions/week, and progressive consistency."
18.37,431.89,veg,shellfish_allergy,,maintenance,27,beginner,moderate,94.19,1701.0,13,12964.26,31.11,60.02,10,good,Veggie Brown Rice Plate,Mobility and Core Flow,intermediate,92.77,Cat-Cow Stretch|World's Greatest Stretch|Side Plank|Bird Dog|Glute Bridge March,Brown rice with mixed vegetables and legumes.,Use progressive overload and mix strength with conditioning.
29.27,584.81,veg,gluten_intolerance,,maintenance,73,intermediate,low,77.42,2349.76,8,16973.23,34.92,49.78,9,average,Quinoa Vegetable Plate,Strength and Cardio Mix,beginner,77.13,Dumbbell Squat to Press|Assault Bike|Seated Cable Row|Step-Ups|Russian Twists,Gluten-aware quinoa plate with seasonal vegetables.,"Focus on form, 3 sessions/week, and progressive consistency."
34.3,373.89,non_veg,gluten_intolerance|nut_allergy,,fat_loss,60,beginner,moderate,111.47,2782.25,12,11331.26,22.88,92.85,8,average,Chicken Quinoa Plate,HIIT Starter Circuit,intermediate,111.35,High Knees|Bodyweight Squats|Burpees|Plank Shoulder Taps|Alternating Reverse Lunges,Lean chicken with quinoa and mixed vegetables.,Use progressive overload and mix strength with conditioning.
17.72,332.6,non_veg,none,,maintenance,28,beginner,moderate,108.18,1334.82,18,14039.0,35.07,92.8,3,good,Turkey Rice Bowl,Mobility and Core Flow,beginner,105.8,Cat-Cow Stretch|World's Greatest Stretch|Side Plank|Bird Dog|Glute Bridge March,Lean turkey with rice and roasted vegetables.,"Focus on form, 3 sessions/week, and progressive consistency."
42.0,485.73,non_veg,none,,muscle,62,beginner,moderate,97.8,3149.24,8,4248.08,32.3,74.75,3,good,High-Protein Grilled Chicken,Full Body Strength Basics,beginner,99.13,Goblet Squat|Incline Push-Up|Dumbbell Row|Hip Bridge|Dead Bug,High-protein grilled chicken with vegetables.,"Focus on form, 3 sessions/week, and progressive consistency."
48.12,548.79,veg,none,,maintenance,36,intermediate,low,76.75,2225.94,6,6665.8,32.2,69.46,5,poor,Veggie Brown Rice Plate,Strength and Cardio Mix,beginner,76.64,Dumbbell Squat to Press|Assault Bike|Seated Cable Row|Step-Ups|Russian Twists,Brown rice with mixed vegetables and legumes.,"Focus on form, 3 sessions/week, and progressive consistency."
15.33,596.08,non_veg,nut_allergy,,maintenance,21,beginner,low,94.94,2560.22,7,8545.45,35.98,48.59,4,good,Turkey Rice Bowl,Express Bodyweight Burner,beginner,95.37,Jumping Jacks|Push-Ups|Air Squats|Mountain Climbers|Plank Hold,Lean turkey with rice and roasted vegetables.,"Focus on form, 3 sessions/week, and progressive consistency."
44.31,441.59,non_veg,none,,muscle,41,advanced,low,76.95,2524.73,18,2974.7,24.31,51.07,6,average,High-Protein Grilled Chicken,Push Pull Legs Intense,beginner,79.75,Barbell Back Squat|Bench Press|Bent-Over Row|Overhead Press|Conventional Deadlift,High-protein grilled chicken with vegetables.,"Focus on form, 3 sessions/week, and progressive consistency."
31.36,575.36,non_veg,none,,maintenance,41,beginner,moderate,71.17,1477.96,3,15607.67,29.41,86.26,1,average,Turkey Rice Bowl,Mobility and Core Flow,beginner,70.86,Cat-Cow Stretch|World's Greatest Stretch|Side Plank|Bird Dog|Glute Bridge March,Lean turkey with rice and roasted vegetables.,"Focus on form, 3 sessions/week, and progressive consistency."
53.97,597.5,veg,none,,maintenance,50,intermediate,low,68.81,1406.94,24,3394.43,27.36,61.45,8,average,Veggie Brown Rice Plate,Strength and Cardio Mix,intermediate,68.29,Dumbbell Squat to Press|Assault Bike|Seated Cable Row|Step-Ups|Russian Twists,Brown rice with mixed vegetables and legumes.,Use progressive overload and mix strength with conditioning.
20.04,700.54,veg,none,,muscle,80,beginner,moderate,87.79,2351.83,10,14288.81,22.95,81.34,7,average,Tofu Power Bowl,Volume Hypertrophy Session,intermediate,86.87,Leg Press|Incline Dumbbell Press|Chest-Supported Row|Seated Leg Curl|Cable Lateral Raise,"Balanced tofu bowl with quinoa, greens, and seeds.",Use progressive overload and mix strength with conditioning.
31.68,556.38,non_veg,none,,fat_loss,39,advanced,high,56.22,2208.86,20,9051.79,27.98,83.72,7,good,Grilled Fish Salad,Sprint Interval Circuit,intermediate,54.15,Treadmill Sprint|Walking Recovery|Jump Squats|Push-Up to T Rotation|Plank Knee Drive,Omega-rich fish with fresh vegetables and olive oil.,Use progressive overload and mix strength with conditioning.
52.98,808.79,veg,none,,muscle,59,intermediate,moderate,83.85,3195.9,7,12841.46,32.17,72.93,6,good,High-Protein Chickpea Stir Fry,Upper Lower Strength Split,intermediate,84.54,Barbell Bench Press|Romanian Deadlift|Lat Pulldown|Walking Lunges|Dumbbell Shoulder Press,High-protein chickpea meal for muscle gain.,Use progressive overload and mix strength with conditioning.
17.31,357.7,non_veg,none,,muscle,84,beginner,moderate,64.88,1976.07,10,11777.97,24.14,90.29,4,average,Chicken Quinoa Plate,Volume Hypertrophy Session,beginner,64.46,Leg Press|Incline Dumbbell Press|Chest-Supported Row|Seated Leg Curl|Cable Lateral Raise,Lean chicken with quinoa and mixed vegetables.,"Focus on form, 3 sessions/week, and progressive consistency."
36.29,702.63,non_veg,gluten_intolerance|shellfish_allergy,,fat_loss,32,intermediate,moderate,66.87,2840.23,24,8254.8,21.74,84.72,9,poor,Chicken Quinoa Plate,Metabolic Conditioning,intermediate,68.1,Kettlebell Swings|Thrusters|Rowing Intervals|Box Step-Ups|Battle Ropes,Lean chicken with quinoa and mixed vegetables.,Use progressive overload and mix strength with conditioning.
24.12,539.16,veg,none,,fat_loss,57,beginner,high,67.68,1388.96,5,13071.07,29.35,56.97,11,average,Lentil Greens Salad,Sprint Interval Circuit,advanced,66.39,Treadmill Sprint|Walking Recovery|Jump Squats|Push-Up to T Rotation|Plank Knee Drive,High-fiber lentils with leafy greens and lemon dressing.,"Periodize training, recover well, and target performance blocks."
30.68,327.4,veg,lactose_intolerance|soy_allergy,,muscle,46,intermediate,moderate,78.97,1634.95,21,16475.77,17.62,51.6,8,good,Dairy-Free Protein Bowl,Upper Lower Strength Split,advanced,75.03,Barbell Bench Press|Romanian Deadlift|Lat Pulldown|Walking Lunges|Dumbbell Shoulder Press,Lactose-safe protein meal without milk products.,"Periodize training, recover well, and target performance blocks."
22.88,509.21,veg,none,,muscle,37,intermediate,low,117.59,1670.18,8,9733.39,28.13,87.9,1,average,Tofu Power Bowl,Upper Lower Strength Split,beginner,117.35,Barbell Bench Press|Romanian Deadlift|Lat Pulldown|Walking Lunges|Dumbbell Shoulder Press,"Balanced tofu bowl with quinoa, greens, and seeds.","Focus on form, 3 sessions/week, and progressive consistency."
16.33,488.41,non_veg,none,,muscle,66,beginner,moderate,78.63,2110.36,11,8166.85,33.13,87.03,3,average,Chicken Quinoa Plate,Full Body Strength Basics,beginner,77.75,Goblet Squat|Incline Push-Up|Dumbbell Row|Hip Bridge|Dead Bug,Lean chicken with quinoa and mixed vegetables.,"Focus on form, 3 sessions/week, and progressive consistency."
53.65,299.57,veg,none,,muscle,77,intermediate,low,115.01,2982.98,8,16798.0,35.38,66.1,9,good,High-Protein Chickpea Stir Fry,Volume Hypertrophy Session,beginner,116.22,Leg Press|Incline Dumbbell Press|Chest-Supported Row|Seated Leg Curl|Cable Lateral Raise,High-protein chickpea meal for muscle gain.,"Focus on form, 3 sessions/week, and progressive consistency."
14.29,871.9,non_veg,none,,muscle,74,beginner,low,79.65,2253.41,21,13764.47,17.43,62.91,12,good,Chicken Quinoa Plate,Full Body Strength Basics,intermediate,79.68,Goblet Squat|Incline Push-Up|Dumbbell Row|Hip Bridge|Dead Bug,Lean chicken with quinoa and mixed vegetables.,Use progressive overload and mix strength with conditioning.
34.41,875.96,veg,nut_allergy,,muscle,83,beginner,low,77.93,1379.7,16,16396.79,31.16,59.12,1,average,Tofu Power Bowl,Volume Hypertrophy Session,beginner,76.11,Leg Press|Incline Dumbbell Press|Chest-Supported Row|Seated Leg Curl|Cable Lateral Raise,"Balanced tofu bowl with quinoa, greens, and seeds.","Focus on form, 3 sessions/week, and progressive consistency."
40.69,637.01,non_veg,soy_allergy,,muscle,73,beginner,high,56.29,2539.13,4,7006.47,24.67,74.2,10,poor,Chicken Quinoa Plate,Full Body Strength Basics,intermediate,56.2,Goblet Squat|Incline Push-Up|Dumbbell Row|Hip Bridge|Dead Bug,Lean chicken with quinoa and mixed vegetables.,Use progressive overload and mix strength with conditioning.
46.1,714.93,non_veg,none,,fat_loss,20,beginner,moderate,81.63,1597.39,22,6261.63,24.18,78.84,7,average,Grilled Fish Salad,Express Bodyweight Burner,intermediate,79.89,Jumping Jacks|Push-Ups|Air Squats|Mountain Climbers|Plank Hold,Omega-rich fish with fresh vegetables and olive oil.,Use progressive overload and mix strength with conditioning.
42.88,517.66,non_veg,none,,fat_loss,72,intermediate,moderate,88.87,1791.47,9,16573.52,23.16,72.16,7,poor,Grilled Fish Salad,Metabolic Conditioning,intermediate,87.3,Kettlebell Swings|Thrusters|Rowing Intervals|Box Step-Ups|Battle Ropes,Omega-rich fish with fresh vegetables and olive oil.,Use progressive overload and mix strength with conditioning.
16.54,515.79,veg,none,,muscle,81,intermediate,moderate,78.77,2203.45,24,3371.5,26.46,67.99,3,poor,Tofu Power Bowl,Volume Hypertrophy Session,beginner,79.18,Leg Press|Incline Dumbbell Press|Chest-Supported Row|Seated Leg Curl|Cable Lateral Raise,"Balanced tofu bowl with quinoa, greens, and seeds.","Focus on form, 3 sessions/week, and progressive consistency."
23.58,530.61,veg,none,,fat_loss,68,beginner,moderate,116.22,2836.82,19,5779.79,19.37,53.74,7,average,Lentil Greens Salad,HIIT Starter Circuit,intermediate,117.57,High Knees|Bodyweight Squats|Burpees|Plank Shoulder Taps|Alternating Reverse Lunges,High-fiber lentils with leafy greens and lemon dressing.,Use progressive overload and mix strength with conditioning.
54.03,495.96,veg,none,,maintenance,77,intermediate,moderate,82.9,1981.88,12,8475.04,24.59,58.41,2,poor,Veggie Brown Rice Plate,Strength and Cardio Mix,beginner,81.71,Dumbbell Squat to Press|Assault Bike|Seated Cable Row|Step-Ups|Russian Twists,Brown rice with mixed vegetables and legumes.,"Focus on form, 3 sessions/week, and progressive consistency."
19.76,361.2,veg,egg_allergy|gluten_intolerance,,muscle,89,intermediate,moderate,115.04,2804.81,10,5304.68,25.72,90.44,10,average,Quinoa Vegetable Plate,Volume Hypertrophy Session,intermediate,115.98,Leg Press|Incline Dumbbell Press|Chest-Supported Row|Seated Leg Curl|Cable Lateral Raise,Gluten-aware quinoa plate with seasonal vegetables.,Use progressive overload and mix strength with conditioning.
35.62,801.14,veg,lactose_intolerance|shellfish_allergy,,muscle,69,beginner,moderate,48.21,3191.0,20,15568.6,18.27,69.17,11,poor,Dairy-Free Protein Bowl,Full Body Strength Basics,intermediate,49.12,Goblet Squat|Incline Push-Up|Dumbbell Row|Hip Bridge|Dead Bug,Lactose-safe protein meal without milk products.,Use progressive overload and mix strength with conditioning.
14.1,743.85,veg,lactose_intolerance,,maintenance,35,beginner,high,63.1,2424.25,2,5980.03,32.61,65.68,6,average,Veggie Brown Rice Plate,Mobility and Core Flow,intermediate,63.9,Cat-Cow Stretch|World's Greatest Stretch|Side Plank|Bird Dog|Glute Bridge March,Brown rice with mixed vegetables and legumes.,Use progressive overload and mix strength with conditioning.
31.15,836.42,non_veg,none,,maintenance,46,intermediate,moderate,105.92,1617.28,3,4541.46,34.7,55.96,1,poor,Turkey Rice Bowl,Strength and Cardio Mix,beginner,104.92,Dumbbell Squat to Press|Assault Bike|Seated Cable Row|Step-Ups|Russian Twists,Lean turkey with rice and roasted vegetables.,"Focus on form, 3 sessions/week, and progressive consistency."
44.39,666.05,non_veg,soy_allergy,,maintenance,57,beginner,moderate,67.46,2069.07,10,14540.87,28.83,63.66,10,good,Turkey Rice Bowl,Mobility and Core Flow,advanced,67.28,Cat-Cow Stretch|World's Greatest Stretch|Side Plank|Bird Dog|Glute Bridge March,Lean turkey with rice and roasted vegetables.,"Periodize training, recover well, and target performance blocks."
36.21,834.86,non_veg,soy_allergy,,maintenance,22,beginner,moderate,69.22,2304.52,23,3046.01,29.7,64.24,1,average,Turkey Rice Bowl,Express Bodyweight Burner,beginner,70.48,Jumping Jacks|Push-Ups|Air Squats|Mountain Climbers|Plank Hold,Lean turkey with rice and roasted vegetables.,"Focus on form, 3 sessions/week, and progressive consistency."
49.15,714.84,non_veg,none,,muscle,67,beginner,moderate,112.24,1854.18,6,8078.18,31.64,93.88,5,poor,High-Protein Grilled Chicken,Full Body Strength Basics,beginner,112.64,Goblet Squat|Incline Push-Up|Dumbbell Row|Hip Bridge|Dead Bug,High-protein grilled chicken with vegetables.,"Focus on form, 3 sessions/week, and progressive consistency."
19.14,455.2,veg,gluten_intolerance,,muscle,62,intermediate,low,73.67,2121.5,13,14836.95,35.52,68.42,5,average,Quinoa Vegetable Plate,Upper Lower Strength Split,beginner,73.74,Barbell Bench Press|Romanian Deadlift|Lat Pulldown|Walking Lunges|Dumbbell Shoulder Press,Gluten-aware quinoa plate with seasonal vegetables.,"Focus on form, 3 sessions/week, and progressive consistency."
36.31,706.75,veg,none,,maintenance,33,beginner,moderate,75.91,2673.51,2,9425.71,33.34,69.09,7,average,Veggie Brown Rice Plate,Mobility and Core Flow,beginner,75.71,Cat-Cow Stretch|World's Greatest Stretch|Side Plank|Bird Dog|Glute Bridge March,Brown rice with mixed vegetables and legumes.,"Focus on form, 3 sessions/week, and progressive consistency."
42.18,815.49,non_veg,egg_allergy,,fat_loss,27,intermediate,moderate,77.87,2986.02,13,5573.27,26.02,53.73,10,average,Grilled Fish Salad,Metabolic Conditioning,intermediate,80.4,Kettlebell Swings|Thrusters|Rowing Intervals|Box Step-Ups|Battle Ropes,Omega-rich fish with fresh vegetables and olive oil.,Use progressive overload and mix strength with conditioning.
48.31,733.81,non_veg,egg_allergy|shellfish_allergy,,muscle,85,intermediate,high,63.05,2734.81,12,11610.19,34.48,82.7,4,average,High-Protein Grilled Chicken,Volume Hypertrophy Session,beginner,63.39,Leg Press|Incline Dumbbell Press|Chest-Supported Row|Seated Leg Curl|Cable Lateral Raise,High-protein grilled chicken with vegetables.,"Focus on form, 3 sessions/week, and progressive consistency."
16.85,376.12,non_veg,none,,maintenance,31,advanced,high,80.07,1979.67,19,7302.48,29.85,90.4,1,average,Turkey Rice Bowl,Hybrid Endurance Strength,beginner,77.0,Front Squat|Pull-Ups|Farmer Carry|Stationary Bike Intervals|Hanging Knee Raises,Lean turkey with rice and roasted vegetables.,"Focus on form, 3 sessions/week, and progressive consistency."
12.61,760.49,non_veg,none,,muscle,87,advanced,low,52.59,1896.45,13,7328.6,21.35,63.86,3,good,Chicken Quinoa Plate,Volume Hypertrophy Session,intermediate,53.11,Leg Press|Incline Dumbbell Press|Chest-Supported Row|Seated Leg Curl|Cable Lateral Raise,Lean chicken with quinoa and mixed vegetables.,Use progressive overload and mix strength with conditioning.
13.04,368.64,veg,gluten_intolerance,,fat_loss,76,intermediate,high,105.79,2565.43,19,12110.9,22.84,61.91,2,average,Quinoa Vegetable Plate,Sprint Interval Circuit,intermediate,104.68,Treadmill Sprint|Walking Recovery|Jump Squats|Push-Up to T Rotation|Plank Knee Drive,Gluten-aware quinoa plate with seasonal vegetables.,Use progressive overload and mix strength with conditioning.
51.68,838.24,veg,lactose_intolerance|soy_allergy,,maintenance,33,beginner,low,72.06,2482.12,3,5347.73,21.95,57.3,2,average,Veggie Brown Rice Plate,Mobility and Core Flow,beginner,72.1,Cat-Cow Stretch|World's Greatest Stretch|Side Plank|Bird Dog|Glute Bridge March,Brown rice with mixed vegetables and legumes.,"Focus on form, 3 sessions/week, and progressive consistency."
41.79,320.91,veg,shellfish_allergy,,muscle,49,beginner,low,78.17,1914.06,24,8659.56,23.81,65.73,5,poor,Tofu Power Bowl,Full Body Strength Basics,beginner,78.83,Goblet Squat|Incline Push-Up|Dumbbell Row|Hip Bridge|Dead Bug,"Balanced tofu bowl with quinoa, greens, and seeds.","Focus on form, 3 sessions/week, and progressive consistency."
33.14,293.24,veg,none,,fat_loss,61,intermediate,moderate,109.61,2188.73,4,11547.54,26.38,58.48,1,average,Low-Cal Veg Soup,Metabolic Conditioning,beginner,109.24,Kettlebell Swings|Thrusters|Rowing Intervals|Box Step-Ups|Battle Ropes,Low-calorie vegetable soup for fat-loss support.,"Focus on form, 3 sessions/week, and progressive consistency."
21.54,306.61,veg,lactose_intolerance,,muscle,28,beginner,low,68.62,2479.99,11,10601.85,22.97,69.77,11,average,Dairy-Free Protein Bowl,Full Body Strength Basics,intermediate,69.67,Goblet Squat|Incline Push-Up|Dumbbell Row|Hip Bridge|Dead Bug,Lactose-safe protein meal without milk products.,Use progressive overload and mix strength with conditioning.
49.23,852.39,veg,lactose_intolerance|soy_allergy,,fat_loss,40,beginner,moderate,101.69,1609.0,12,12331.52,19.03,85.76,7,average,Lentil Greens Salad,HIIT Starter Circuit,intermediate,100.63,High Knees|Bodyweight Squats|Burpees|Plank Shoulder Taps|Alternating Reverse Lunges,High-fiber lentils with leafy greens and lemon dressing.,Use progressive overload and mix strength with conditioning.
31.38,870.68,non_veg,none,,muscle,53,intermediate,low,105.15,1762.57,21,6656.86,19.4,52.8,7,average,Chicken Quinoa Plate,Upper Lower Strength Split,intermediate,105.57,Barbell Bench Press|Romanian Deadlift|Lat Pulldown|Walking Lunges|Dumbbell Shoulder Press,Lean chicken with quinoa and mixed vegetables.,Use progressive overload and mix strength with conditioning.
53.09,338.29,non_veg,lactose_intolerance|shellfish_allergy,,muscle,66,beginner,moderate,83.42,2355.52,14,13190.32,35.96,88.49,10,good,High-Protein Grilled Chicken,Full Body Strength Basics,intermediate,83.18,Goblet Squat|Incline Push-Up|Dumbbell Row|Hip Bridge|Dead Bug,High-protein grilled chicken with vegetables.,Use progressive overload and mix strength with conditioning.
32.48,391.98,veg,none,,muscle,27,intermediate,low,76.91,1732.88,9,12977.62,32.85,85.79,7,average,Tofu Power Bowl,Upper Lower Strength Split,beginner,75.58,Barbell Bench Press|Romanian Deadlift|Lat Pulldown|Walking Lunges|Dumbbell Shoulder Press,"Balanced tofu bowl with quinoa, greens, and seeds.","Focus on form, 3 sessions/week, and progressive consistency."
38.87,744.42,non_veg,gluten_intolerance|lactose_intolerance,,maintenance,24,advanced,high,53.36,2289.78,5,4813.95,32.54,80.59,1,average,Chicken Quinoa Plate,Express Bodyweight Burner,beginner,53.5,Jumping Jacks|Push-Ups|Air Squats|Mountain Climbers|Plank Hold,Lean chicken with quinoa and mixed vegetables.,"Focus on form, 3 sessions/week, and progressive consistency."
19.73,660.88,non_veg,egg_allergy|shellfish_allergy,,fat_loss,69,beginner,moderate,104.16,3030.97,4,7066.01,19.02,63.9,8,good,Lean Chicken Veg Plate,HIIT Starter Circuit,advanced,103.72,High Knees|Bodyweight Squats|Burpees|Plank Shoulder Taps|Alternating Reverse Lunges,Shellfish-free lean chicken and vegetable plate.,"Periodize training, recover well, and target performance blocks."
38.91,320.55,non_veg,soy_allergy,,muscle,25,beginner,moderate,74.21,1328.94,10,7830.86,24.11,88.38,5,average,Chicken Quinoa Plate,Express Bodyweight Burner,beginner,73.05,Jumping Jacks|Push-Ups|Air Squats|Mountain Climbers|Plank Hold,Lean chicken with quinoa and mixed vegetables.,"Focus on form, 3 sessions/week, and progressive consistency."
24.49,639.83,non_veg,none,,maintenance,73,intermediate,moderate,106.01,1767.34,12,6401.77,18.26,61.95,0,average,Turkey Rice Bowl,Strength and Cardio Mix,beginner,105.1,Dumbbell Squat to Press|Assault Bike|Seated Cable Row|Step-Ups|Russian Twists,Lean turkey with rice and roasted vegetables.,"Focus on form, 3 sessions/week, and progressive consistency."
40.66,875.21,veg,none,,fat_loss,71,intermediate,moderate,73.91,1994.28,6,16412.12,31.2,86.09,9,good,Lentil Greens Salad,Metabolic Conditioning,intermediate,72.86,Kettlebell Swings|Thrusters|Rowing Intervals|Box Step-Ups|Battle Ropes,High-fiber lentils with leafy greens and lemon dressing.,Use progressive overload and mix strength with conditioning.
40.39,898.19,veg,none,,maintenance,85,beginner,moderate,63.25,2752.06,2,13368.48,31.07,85.9,10,good,Veggie Brown Rice Plate,Mobility and Core Flow,intermediate,63.54,Cat-Cow Stretch|World's Greatest Stretch|Side Plank|Bird Dog|Glute Bridge March,Brown rice with mixed vegetables and legumes.,Use progressive overload and mix strength with conditioning.
28.86,769.09,veg,lactose_intolerance,,maintenance,79,intermediate,moderate,53.71,1830.48,4,3696.54,19.93,86.29,4,average,Veggie Brown Rice Plate,Strength and Cardio Mix,beginner,53.73,Dumbbell Squat to Press|Assault Bike|Seated Cable Row|Step-Ups|Russian Twists,Brown rice with mixed vegetables and legumes.,"Focus on form, 3 sessions/week, and progressive consistency."
29.18,492.71,veg,egg_allergy,,fat_loss,47,advanced,low,91.75,1884.63,20,7193.28,26.71,78.84,10,poor,Chickpea Spinach Stir Fry,Athlete HIIT Blast,beginner,92.26,Sprint Intervals|Box Jumps|Burpee Broad Jumps|Medicine Ball Slams|Skater Hops,Plant-protein chickpeas with sauteed spinach.,"Focus on form, 3 sessions/week, and progressive consistency."
16.46,374.88,non_veg,soy_allergy,,muscle,85,intermediate,moderate,55.81,2633.01,19,14563.36,35.73,57.02,12,poor,Chicken Quinoa Plate,Volume Hypertrophy Session,intermediate,55.66,Leg Press|Incline Dumbbell Press|Chest-Supported Row|Seated Leg Curl|Cable Lateral Raise,Lean chicken with quinoa and mixed vegetables.,Use progressive overload and mix strength with conditioning.
39.09,878.55,non_veg,none,,fat_loss,55,beginner,low,85.79,2311.27,3,12946.49,21.74,74.22,7,average,Grilled Fish Salad,HIIT Starter Circuit,beginner,85.42,High Knees|Bodyweight Squats|Burpees|Plank Shoulder Taps|Alternating Reverse Lunges,Omega-rich fish with fresh vegetables and olive oil.,"Focus on form, 3 sessions/week, and progressive consistency."
42.8,769.51,non_veg,nut_allergy|shellfish_allergy,,muscle,79,beginner,low,104.72,3139.91,23,4347.88,23.97,48.65,10,poor,High-Protein Grilled Chicken,Volume Hypertrophy Session,intermediate,109.07,Leg Press|Incline Dumbbell Press|Chest-Supported Row|Seated Leg Curl|Cable Lateral Raise,High-protein grilled chicken with vegetables.,Use progressive overload and mix strength with conditioning.
25.5,818.57,veg,none,,muscle,34,beginner,low,72.52,1361.64,7,15171.86,26.29,71.35,12,poor,Tofu Power Bowl,Full Body Strength Basics,beginner,72.25,Goblet Squat|Incline Push-Up|Dumbbell Row|Hip Bridge|Dead Bug,"Balanced tofu bowl with quinoa, greens, and seeds.","Focus on form, 3 sessions/week, and progressive consistency."
34.18,464.34,veg,none,,muscle,48,beginner,moderate,113.49,1667.24,23,12109.99,27.2,48.18,5,good,Tofu Power Bowl,Full Body Strength Basics,intermediate,111.18,Goblet Squat|Incline Push-Up|Dumbbell Row|Hip Bridge|Dead Bug,"Balanced tofu bowl with quinoa, greens, and seeds.",Use progressive overload and mix strength with conditioning.
45.77,253.7,non_veg,nut_allergy,,fat_loss,68,beginner,moderate,86.07,2680.2,16,3572.31,29.4,56.48,11,average,Turkey Lettuce Wrap,HIIT Starter Circuit,intermediate,87.59,High Knees|Bodyweight Squats|Burpees|Plank Shoulder Taps|Alternating Reverse Lunges,Low-calorie turkey wraps with crunchy lettuce.,Use progressive overload and mix strength with conditioning.
43.63,884.99,veg,none,,fat_loss,58,intermediate,low,92.36,2975.36,11,16639.61,35.6,52.92,3,average,Lentil Greens Salad,Metabolic Conditioning,beginner,92.72,Kettlebell Swings|Thrusters|Rowing Intervals|Box Step-Ups|Battle Ropes,High-fiber lentils with leafy greens and lemon dressing.,"Focus on form, 3 sessions/week, and progressive consistency."
42.0,440.26,veg,none,,fat_loss,58,intermediate,moderate,52.08,1568.1,24,15189.71,17.7,50.68,2,poor,Lentil Greens Salad,Metabolic Conditioning,beginner,48.3,Kettlebell Swings|Thrusters|Rowing Intervals|Box Step-Ups|Battle Ropes,High-fiber lentils with leafy greens and lemon dressing.,"Focus on form, 3 sessions/week, and progressive consistency."
30.14,378.13,non_veg,lactose_intolerance,,muscle,59,beginner,low,48.13,3118.97,12,8454.11,34.57,83.68,5,poor,Dairy-Free Protein Bowl,Full Body Strength Basics,beginner,50.07,Goblet Squat|Incline Push-Up|Dumbbell Row|Hip Bridge|Dead Bug,Lactose-safe protein meal without milk products.,"Focus on form, 3 sessions/week, and progressive consistency."
35.05,768.06,non_veg,egg_allergy|shellfish_allergy,,maintenance,45,advanced,moderate,57.66,3165.54,11,3303.34,31.9,68.56,1,average,Lean Chicken Veg Plate,Hybrid Endurance Strength,beginner,59.64,Front Squat|Pull-Ups|Farmer Carry|Stationary Bike Intervals|Hanging Knee Raises,Shellfish-free lean chicken and vegetable plate.,"Focus on form, 3 sessions/week, and progressive consistency."
51.67,685.46,non_veg,none,,fat_loss,23,beginner,moderate,53.01,2344.16,8,7753.43,18.83,85.1,3,poor,Grilled Fish Salad,Express Bodyweight Burner,beginner,52.56,Jumping Jacks|Push-Ups|Air Squats|Mountain Climbers|Plank Hold,Omega-rich fish with fresh vegetables and olive oil.,"Focus on form, 3 sessions/week, and progressive consistency."
13.47,412.42,non_veg,lactose_intolerance,,maintenance,47,advanced,moderate,54.73,1656.21,4,5226.25,25.31,68.68,10,average,Turkey Rice Bowl,Hybrid Endurance Strength,intermediate,54.75,Front Squat|Pull-Ups|Farmer Carry|Stationary Bike Intervals|Hanging Knee Raises,Lean turkey with rice and roasted vegetables.,Use progressive overload and mix strength with conditioning.
39.21,330.43,non_veg,none,,muscle,45,advanced,low,117.86,2478.65,5,4817.36,33.13,58.05,0,poor,Chicken Quinoa Plate,Push Pull Legs Intense,beginner,118.53,Barbell Back Squat|Bench Press|Bent-Over Row|Overhead Press|Conventional Deadlift,Lean chicken with quinoa and mixed vegetables.,"Focus on form, 3 sessions/week, and progressive consistency."
49.29,416.01,veg,none,,fat_loss,43,intermediate,low,50.43,1766.41,9,5255.14,26.79,77.88,2,good,Lentil Greens Salad,Metabolic Conditioning,beginner,50.45,Kettlebell Swings|Thrusters|Rowing Intervals|Box Step-Ups|Battle Ropes,High-fiber lentils with leafy greens and lemon dressing.,"Focus on form, 3 sessions/week, and progressive consistency."
19.94,757.19,non_veg,lactose_intolerance,,maintenance,27,advanced,high,100.55,2849.17,5,12469.03,30.45,54.62,4,good,Turkey Rice Bowl,Hybrid Endurance Strength,intermediate,100.67,Front Squat|Pull-Ups|Farmer Carry|Stationary Bike Intervals|Hanging Knee Raises,Lean turkey with rice and roasted vegetables.,Use progressive overload and mix strength with conditioning.
39.03,684.3,veg,nut_allergy|shellfish_allergy,,fat_loss,25,intermediate,low,117.48,2089.95,20,16706.16,27.57,64.8,4,average,Moong Sprout Salad,Express Bodyweight Burner,beginner,117.19,Jumping Jacks|Push-Ups|Air Squats|Mountain Climbers|Plank Hold,Nut-free sprouts salad with herbs and lime.,"Focus on form, 3 sessions/week, and progressive consistency."
52.18,600.58,non_veg,none,,fat_loss,81,intermediate,moderate,109.06,2887.55,21,16830.32,22.05,67.82,5,good,Grilled Fish Salad,Metabolic Conditioning,intermediate,108.09,Kettlebell Swings|Thrusters|Rowing Intervals|Box Step-Ups|Battle Ropes,Omega-rich fish with fresh vegetables and olive oil.,Use progressive overload and mix strength with conditioning.
34.66,856.73,non_veg,nut_allergy|shellfish_allergy,,maintenance,41,advanced,low,74.59,2610.96,2,11467.03,35.83,70.24,7,average,Lean Chicken Veg Plate,Hybrid Endurance Strength,beginner,74.8,Front Squat|Pull-Ups|Farmer Carry|Stationary Bike Intervals|Hanging Knee Raises,Shellfish-free lean chicken and vegetable plate.,"Focus on form, 3 sessions/week, and progressive consistency."
29.81,726.8,non_veg,shellfish_allergy,,maintenance,33,beginner,low,93.58,2793.9,3,6460.79,32.73,70.42,0,poor,Lean Chicken Veg Plate,Mobility and Core Flow,beginner,94.61,Cat-Cow Stretch|World's Greatest Stretch|Side Plank|Bird Dog|Glute Bridge March,Shellfish-free lean chicken and vegetable plate.,"Focus on form, 3 sessions/week, and progressive consistency."
27.72,736.19,veg,egg_allergy|gluten_intolerance,,fat_loss,90,beginner,high,78.73,1464.76,19,11571.25,20.67,84.11,10,average,Quinoa Vegetable Plate,Sprint Interval Circuit,advanced,73.7,Treadmill Sprint|Walking Recovery|Jump Squats|Push-Up to T Rotation|Plank Knee Drive,Gluten-aware quinoa plate with seasonal vegetables.,"Periodize training, recover well, and target performance blocks."
44.93,679.92,non_veg,lactose_intolerance,,fat_loss,71,beginner,moderate,86.26,1848.87,14,11109.85,17.45,84.0,8,good,Grilled Fish Salad,HIIT Starter Circuit,intermediate,85.41,High Knees|Bodyweight Squats|Burpees|Plank Shoulder Taps|Alternating Reverse Lunges,Omega-rich fish with fresh vegetables and olive oil.,Use progressive overload and mix strength with conditioning.
34.41,652.81,non_veg,none,,muscle,83,advanced,low,62.29,3116.6,2,8627.1,21.24,50.12,4,average,Chicken Quinoa Plate,Volume Hypertrophy Session,beginner,62.91,Leg Press|Incline Dumbbell Press|Chest-Supported Row|Seated Leg Curl|Cable Lateral Raise,Lean chicken with quinoa and mixed vegetables.,"Focus on form, 3 sessions/week, and progressive consistency."
13.07,700.13,non_veg,gluten_intolerance,,muscle,77,advanced,moderate,48.98,1432.25,8,13817.8,18.55,92.8,2,good,Chicken Quinoa Plate,Volume Hypertrophy Session,beginner,47.68,Leg Press|Incline Dumbbell Press|Chest-Supported Row|Seated Leg Curl|Cable Lateral Raise,Lean chicken with quinoa and mixed vegetables.,"Focus on form, 3 sessions/week, and progressive consistency."
45.85,343.31,veg,none,,fat_loss,24,beginner,moderate,56.01,1478.04,8,6170.38,19.85,74.71,6,good,Low-Cal Veg Soup,Express Bodyweight Burner,intermediate,55.3,Jumping Jacks|Push-Ups|Air Squats|Mountain Climbers|Plank Hold,Low-calorie vegetable soup for fat-loss support.,Use progressive overload and mix strength with conditioning.
12.43,695.29,veg,none,,fat_loss,27,intermediate,high,97.51,2400.19,19,2504.17,28.17,78.3,3,average,Lentil Greens Salad,Sprint Interval Circuit,intermediate,96.58,Treadmill Sprint|Walking Recovery|Jump Squats|Push-Up to T Rotation|Plank Knee Drive,High-fiber lentils with leafy greens and lemon dressing.,Use progressive overload and mix strength with conditioning.
27.29,428.16,non_veg,none,,muscle,30,advanced,low,95.18,2728.99,4,7305.54,21.3,85.63,8,good,Chicken Quinoa Plate,Push Pull Legs Intense,intermediate,95.47,Barbell Back Squat|Bench Press|Bent-Over Row|Overhead Press|Conventional Deadlift,Lean chicken with quinoa and mixed vegetables.,Use progressive overload and mix strength with conditioning.
17.62,558.9,veg,none,,maintenance,54,intermediate,low,56.54,1746.64,2,13009.95,27.58,61.58,7,poor,Veggie Brown Rice Plate,Strength and Cardio Mix,beginner,56.75,Dumbbell Squat to Press|Assault Bike|Seated Cable Row|Step-Ups|Russian Twists,Brown rice with mixed vegetables and legumes.,"Focus on form, 3 sessions/week, and progressive consistency."
22.37,706.11,veg,none,,maintenance,27,advanced,low,101.7,2672.28,3,7310.63,22.62,88.14,2,poor,Veggie Brown Rice Plate,Hybrid Endurance Strength,beginner,102.82,Front Squat|Pull-Ups|Farmer Carry|Stationary Bike Intervals|Hanging Knee Raises,Brown rice with mixed vegetables and legumes.,"Focus on form, 3 sessions/week, and progressive consistency."
37.48,691.26,veg,none,,fat_loss,45,intermediate,low,78.56,2642.72,17,10771.41,32.07,53.36,7,poor,Lentil Greens Salad,Metabolic Conditioning,beginner,80.31,Kettlebell Swings|Thrusters|Rowing Intervals|Box Step-Ups|Battle Ropes,High-fiber lentils with leafy greens and lemon dressing.,"Focus on form, 3 sessions/week, and progressive consistency."
45.31,464.09,veg,none,,maintenance,26,intermediate,low,68.49,1710.23,17,4350.96,27.34,85.8,4,good,Veggie Brown Rice Plate,Strength and Cardio Mix,beginner,68.69,Dumbbell Squat to Press|Assault Bike|Seated Cable Row|Step-Ups|Russian Twists,Brown rice with mixed vegetables and legumes.,"Focus on form, 3 sessions/week, and progressive consistency."
27.95,339.02,veg,lactose_intolerance,,muscle,30,beginner,low,70.72,2826.96,22,7787.55,25.15,49.73,2,good,Dairy-Free Protein Bowl,Full Body Strength Basics,beginner,73.94,Goblet Squat|Incline Push-Up|Dumbbell Row|Hip Bridge|Dead Bug,Lactose-safe protein meal without milk products.,"Focus on form, 3 sessions/week, and progressive consistency."
44.78,750.59,non_veg,none,,fat_loss,42,beginner,high,117.43,1950.71,7,10524.86,31.46,60.03,11,good,Grilled Fish Salad,Sprint Interval Circuit,advanced,116.88,Treadmill Sprint|Walking Recovery|Jump Squats|Push-Up to T Rotation|Plank Knee Drive,Omega-rich fish with fresh vegetables and olive oil.,"Periodize training, recover well, and target performance blocks."
39.09,536.92,veg,lactose_intolerance|soy_allergy,,muscle,75,beginner,low,105.09,1937.75,9,9225.37,18.93,71.21,12,good,Dairy-Free Protein Bowl,Volume Hypertrophy Session,intermediate,105.43,Leg Press|Incline Dumbbell Press|Chest-Supported Row|Seated Leg Curl|Cable Lateral Raise,Lactose-safe protein meal without milk products.,Use progressive overload and mix strength with conditioning.
43.14,435.67,veg,none,,fat_loss,62,advanced,moderate,58.4,2756.95,6,16775.02,20.87,61.24,3,poor,Lentil Greens Salad,Athlete HIIT Blast,beginner,57.96,Sprint Intervals|Box Jumps|Burpee Broad Jumps|Medicine Ball Slams|Skater Hops,High-fiber lentils with leafy greens and lemon dressing.,"Focus on form, 3 sessions/week, and progressive consistency."
18.94,892.34,non_veg,none,,maintenance,87,advanced,moderate,111.33,2613.87,4,8353.03,27.44,80.57,10,average,Turkey Rice Bowl,Hybrid Endurance Strength,intermediate,111.68,Front Squat|Pull-Ups|Farmer Carry|Stationary Bike Intervals|Hanging Knee Raises,Lean turkey with rice and roasted vegetables.,Use progressive overload and mix strength with conditioning.
45.34,821.51,veg,none,,muscle,49,advanced,high,66.22,2964.39,14,4446.17,18.75,50.72,11,average,High-Protein Chickpea Stir Fry,Push Pull Legs Intense,advanced,66.46,Barbell Back Squat|Bench Press|Bent-Over Row|Overhead Press|Conventional Deadlift,High-protein chickpea meal for muscle gain.,"Periodize training, recover well, and target performance blocks."
16.27,261.84,non_veg,none,,fat_loss,68,intermediate,moderate,84.98,3122.47,6,12778.88,34.79,60.87,10,good,Turkey Lettuce Wrap,Metabolic Conditioning,intermediate,85.41,Kettlebell Swings|Thrusters|Rowing Intervals|Box Step-Ups|Battle Ropes,Low-calorie turkey wraps with crunchy lettuce.,Use progressive overload and mix strength with conditioning.
17.91,482.54,veg,gluten_intolerance,,muscle,80,advanced,low,105.94,3078.49,11,3386.84,33.94,64.31,1,average,Quinoa Vegetable Plate,Volume Hypertrophy Session,beginner,108.74,Leg Press|Incline Dumbbell Press|Chest-Supported Row|Seated Leg Curl|Cable Lateral Raise,Gluten-aware quinoa plate with seasonal vegetables.,"Focus on form, 3 sessions/week, and progressive consistency."
38.23,790.79,non_veg,nut_allergy,,fat_loss,74,intermediate,low,101.84,1671.86,19,5533.1,19.63,50.03,7,average,Grilled Fish Salad,Metabolic Conditioning,intermediate,102.2,Kettlebell Swings|Thrusters|Rowing Intervals|Box Step-Ups|Battle Ropes,Omega-rich fish with fresh vegetables and olive oil.,Use progressive overload and mix strength with conditioning.
21.23,797.28,veg,gluten_intolerance|nut_allergy,,maintenance,89,beginner,low,53.84,3065.63,24,15173.29,22.58,67.07,8,average,Quinoa Vegetable Plate,Mobility and Core Flow,intermediate,55.91,Cat-Cow Stretch|World's Greatest Stretch|Side Plank|Bird Dog|Glute Bridge March,Gluten-aware quinoa plate with seasonal vegetables.,Use progressive overload and mix strength with conditioning.
50.28,603.28,non_veg,egg_allergy,,fat_loss,84,beginner,low,72.24,2589.06,20,12305.54,29.13,71.03,9,average,Grilled Fish Salad,HIIT Starter Circuit,beginner,73.62,High Knees|Bodyweight Squats|Burpees|Plank Shoulder Taps|Alternating Reverse Lunges,Omega-rich fish with fresh vegetables and olive oil.,"Focus on form, 3 sessions/week, and progressive consistency."
20.28,475.41,non_veg,none,,maintenance,65,beginner,moderate,113.14,2612.09,24,2944.94,27.06,73.64,8,good,Turkey Rice Bowl,Mobility and Core Flow,intermediate,115.53,Cat-Cow Stretch|World's Greatest Stretch|Side Plank|Bird Dog|Glute Bridge March,Lean turkey with rice and roasted vegetables.,Use progressive overload and mix strength with conditioning.
18.89,326.09,non_veg,none,,maintenance,56,intermediate,high,59.96,2035.52,6,11910.03,22.02,91.2,7,average,Turkey Rice Bowl,Strength and Cardio Mix,intermediate,59.28,Dumbbell Squat to Press|Assault Bike|Seated Cable Row|Step-Ups|Russian Twists,Lean turkey with rice and roasted vegetables.,Use progressive overload and mix strength with conditioning.
36.68,402.4,non_veg,gluten_intolerance,,fat_loss,42,intermediate,low,61.65,1549.74,24,2989.32,34.33,70.06,11,average,Chicken Quinoa Plate,Metabolic Conditioning,beginner,62.25,Kettlebell Swings|Thrusters|Rowing Intervals|Box Step-Ups|Battle Ropes,Lean chicken with quinoa and mixed vegetables.,"Focus on form, 3 sessions/week, and progressive consistency."
51.76,802.65,non_veg,none,,maintenance,50,advanced,moderate,113.84,3035.04,16,5913.07,27.15,83.13,5,average,Turkey Rice Bowl,Hybrid Endurance Strength,beginner,115.67,Front Squat|Pull-Ups|Farmer Carry|Stationary Bike Intervals|Hanging Knee Raises,Lean turkey with rice and roasted vegetables.,"Focus on form, 3 sessions/week, and progressive consistency."
46.18,779.48,veg,none,,muscle,37,intermediate,low,59.91,1949.91,3,14826.66,28.95,58.52,6,poor,High-Protein Chickpea Stir Fry,Upper Lower Strength Split,beginner,59.16,Barbell Bench Press|Romanian Deadlift|Lat Pulldown|Walking Lunges|Dumbbell Shoulder Press,High-protein chickpea meal for muscle gain.,"Focus on form, 3 sessions/week, and progressive consistency."
46.23,708.86,veg,gluten_intolerance,,maintenance,65,intermediate,moderate,111.91,2696.51,11,14088.62,34.95,65.1,9,good,Quinoa Vegetable Plate,Strength and Cardio Mix,intermediate,111.25,Dumbbell Squat to Press|Assault Bike|Seated Cable Row|Step-Ups|Russian Twists,Gluten-aware quinoa plate with seasonal vegetables.,Use progressive overload and mix strength with conditioning.
18.9,848.32,non_veg,none,,fat_loss,78,beginner,moderate,112.87,1938.87,10,5937.95,17.48,84.33,0,good,Grilled Fish Salad,HIIT Starter Circuit,beginner,112.72,High Knees|Bodyweight Squats|Burpees|Plank Shoulder Taps|Alternating Reverse Lunges,Omega-rich fish with fresh vegetables and olive oil.,"Focus on form, 3 sessions/week, and progressive consistency."
26.49,840.07,non_veg,nut_allergy,,muscle,54,advanced,low,60.31,2787.68,5,12632.37,30.3,67.43,2,average,Chicken Quinoa Plate,Push Pull Legs Intense,beginner,60.37,Barbell Back Squat|Bench Press|Bent-Over Row|Overhead Press|Conventional Deadlift,Lean chicken with quinoa and mixed vegetables.,"Focus on form, 3 sessions/week, and progressive consistency."
54.94,745.97,veg,none,,fat_loss,48,intermediate,moderate,90.19,2135.62,19,9737.1,35.38,51.21,3,good,Lentil Greens Salad,Metabolic Conditioning,beginner,89.88,Kettlebell Swings|Thrusters|Rowing Intervals|Box Step-Ups|Battle Ropes,High-fiber lentils with leafy greens and lemon dressing.,"Focus on form, 3 sessions/week, and progressive consistency."
49.6,447.3,non_veg,nut_allergy,,muscle,76,beginner,low,50.93,2128.97,13,8008.67,33.75,64.09,10,poor,High-Protein Grilled Chicken,Volume Hypertrophy Session,beginner,52.5,Leg Press|Incline Dumbbell Press|Chest-Supported Row|Seated Leg Curl|Cable Lateral Raise,High-protein grilled chicken with vegetables.,"Focus on form, 3 sessions/week, and progressive consistency."
33.62,767.82,veg,none,,muscle,29,advanced,low,51.11,1521.26,13,10926.23,31.24,58.36,10,poor,Tofu Power Bowl,Push Pull Legs Intense,beginner,50.85,Barbell Back Squat|Bench Press|Bent-Over Row|Overhead Press|Conventional Deadlift,"Balanced tofu bowl with quinoa, greens, and seeds.","Focus on form, 3 sessions/week, and progressive consistency."
26.51,396.21,non_veg,egg_allergy|nut_allergy,,maintenance,44,intermediate,low,76.05,2562.22,22,3789.04,21.43,48.74,1,good,Turkey Rice Bowl,Strength and Cardio Mix,beginner,78.93,Dumbbell Squat to Press|Assault Bike|Seated Cable Row|Step-Ups|Russian Twists,Lean turkey with rice and roasted vegetables.,"Focus on form, 3 sessions/week, and progressive consistency."
33.66,715.43,veg,none,,maintenance,31,intermediate,low,63.58,1923.89,6,9740.48,25.91,64.6,3,good,Veggie Brown Rice Plate,Strength and Cardio Mix,beginner,64.59,Dumbbell Squat to Press|Assault Bike|Seated Cable Row|Step-Ups|Russian Twists,Brown rice with mixed vegetables and legumes.,"Focus on form, 3 sessions/week, and progressive consistency."
41.67,251.71,non_veg,none,,muscle,72,beginner,high,79.46,2125.08,2,14011.27,32.92,90.08,4,average,Chicken Quinoa Plate,Full Body Strength Basics,beginner,79.4,Goblet Squat|Incline Push-Up|Dumbbell Row|Hip Bridge|Dead Bug,Lean chicken with quinoa and mixed vegetables.,"Focus on form, 3 sessions/week, and progressive consistency."
34.3,582.35,veg,none,,maintenance,51,advanced,low,95.19,2749.63,17,15041.39,34.5,73.67,1,good,Veggie Brown Rice Plate,Hybrid Endurance Strength,beginner,96.44,Front Squat|Pull-Ups|Farmer Carry|Stationary Bike Intervals|Hanging Knee Raises,Brown rice with mixed vegetables and legumes.,"Focus on form, 3 sessions/week, and progressive consistency."
52.54,660.97,veg,lactose_intolerance|shellfish_allergy,,muscle,31,advanced,moderate,117.46,3039.72,7,13524.93,34.57,91.4,8,average,High-Protein Chickpea Stir Fry,Push Pull Legs Intense,beginner,118.17,Barbell Back Squat|Bench Press|Bent-Over Row|Overhead Press|Conventional Deadlift,High-protein chickpea meal for muscle gain.,"Focus on form, 3 sessions/week, and progressive consistency."
54.8,706.31,veg,egg_allergy|nut_allergy,,maintenance,80,intermediate,moderate,114.86,1981.84,5,10567.63,25.81,84.75,5,good,Chickpea Spinach Stir Fry,Strength and Cardio Mix,intermediate,114.74,Dumbbell Squat to Press|Assault Bike|Seated Cable Row|Step-Ups|Russian Twists,Plant-protein chickpeas with sauteed spinach.,Use progressive overload and mix strength with conditioning.
24.35,397.12,non_veg,none,,muscle,87,intermediate,moderate,107.32,2764.18,2,6910.38,18.94,72.65,2,average,Chicken Quinoa Plate,Volume Hypertrophy Session,beginner,107.79,Leg Press|Incline Dumbbell Press|Chest-Supported Row|Seated Leg Curl|Cable Lateral Raise,Lean chicken with quinoa and mixed vegetables.,"Focus on form, 3 sessions/week, and progressive consistency."
28.03,456.25,non_veg,nut_allergy,,maintenance,45,beginner,moderate,79.8,2074.43,8,11409.06,20.27,62.44,10,poor,Turkey Rice Bowl,Mobility and Core Flow,intermediate,80.51,Cat-Cow Stretch|World's Greatest Stretch|Side Plank|Bird Dog|Glute Bridge March,Lean turkey with rice and roasted vegetables.,Use progressive overload and mix strength with conditioning.
48.54,768.0,veg,none,,maintenance,52,intermediate,moderate,103.76,3074.35,24,8665.23,30.46,82.42,10,average,Veggie Brown Rice Plate,Strength and Cardio Mix,intermediate,105.76,Dumbbell Squat to Press|Assault Bike|Seated Cable Row|Step-Ups|Russian Twists,Brown rice with mixed vegetables and legumes.,Use progressive overload and mix strength with conditioning.
28.04,570.15,veg,shellfish_allergy,,maintenance,24,intermediate,high,80.63,1958.24,9,8830.91,34.07,50.56,2,poor,Veggie Brown Rice Plate,Express Bodyweight Burner,beginner,79.64,Jumping Jacks|Push-Ups|Air Squats|Mountain Climbers|Plank Hold,Brown rice with mixed vegetables and legumes.,"Focus on form, 3 sessions/week, and progressive consistency."
18.99,317.0,non_veg,none,,fat_loss,33,advanced,high,52.07,1381.62,15,11554.67,25.83,84.32,12,poor,Turkey Lettuce Wrap,Sprint Interval Circuit,intermediate,49.53,Treadmill Sprint|Walking Recovery|Jump Squats|Push-Up to T Rotation|Plank Knee Drive,Low-calorie turkey wraps with crunchy lettuce.,Use progressive overload and mix strength with conditioning.
41.82,646.5,non_veg,none,,maintenance,85,beginner,high,71.95,3157.47,5,15088.82,27.67,52.68,10,good,Turkey Rice Bowl,Mobility and Core Flow,advanced,71.64,Cat-Cow Stretch|World's Greatest Stretch|Side Plank|Bird Dog|Glute Bridge March,Lean turkey with rice and roasted vegetables.,"Periodize training, recover well, and target performance blocks."
31.4,537.42,veg,none,,maintenance,57,beginner,low,74.97,2312.21,24,8190.83,34.65,56.39,5,good,Veggie Brown Rice Plate,Mobility and Core Flow,beginner,76.86,Cat-Cow Stretch|World's Greatest Stretch|Side Plank|Bird Dog|Glute Bridge March,Brown rice with mixed vegetables and legumes.,"Focus on form, 3 sessions/week, and progressive consistency."
34.31,469.65,non_veg,none,,muscle,86,beginner,low,85.16,3032.14,11,16767.27,33.53,91.82,0,poor,Chicken Quinoa Plate,Volume Hypertrophy Session,beginner,85.92,Leg Press|Incline Dumbbell Press|Chest-Supported Row|Seated Leg Curl|Cable Lateral Raise,Lean chicken with quinoa and mixed vegetables.,"Focus on form, 3 sessions/week, and progressive consistency."
47.4,736.72,veg,egg_allergy|gluten_intolerance,,maintenance,76,intermediate,moderate,82.52,2810.88,13,6452.7,31.81,53.81,3,poor,Quinoa Vegetable Plate,Strength and Cardio Mix,beginner,83.39,Dumbbell Squat to Press|Assault Bike|Seated Cable Row|Step-Ups|Russian Twists,Gluten-aware quinoa plate with seasonal vegetables.,"Focus on form, 3 sessions/week, and progressive consistency."
30.18,412.69,veg,shellfish_allergy,,maintenance,37,intermediate,high,64.97,3020.07,24,5247.24,28.6,48.78,11,average,Veggie Brown Rice Plate,Strength and Cardio Mix,advanced,65.79,Dumbbell Squat to Press|Assault Bike|Seated Cable Row|Step-Ups|Russian Twists,Brown rice with mixed vegetables and legumes.,"Periodize training, recover well, and target performance blocks."
53.94,315.07,non_veg,lactose_intolerance,,maintenance,65,intermediate,low,62.35,1663.14,23,11480.3,24.03,79.87,10,poor,Turkey Rice Bowl,Strength and Cardio Mix,beginner,61.28,Dumbbell Squat to Press|Assault Bike|Seated Cable Row|Step-Ups|Russian Twists,Lean turkey with rice and roasted vegetables.,"Focus on form, 3 sessions/week, and progressive consistency."
50.06,712.83,non_veg,none,,fat_loss,87,advanced,moderate,97.2,1600.92,16,5495.66,22.37,56.45,0,average,Grilled Fish Salad,Athlete HIIT Blast,beginner,96.59,Sprint Intervals|Box Jumps|Burpee Broad Jumps|Medicine Ball Slams|Skater Hops,Omega-rich fish with fresh vegetables and olive oil.,"Focus on form, 3 sessions/week, and progressive consistency."
39.99,540.84,veg,none,,fat_loss,52,beginner,moderate,73.36,2998.67,19,9920.41,18.52,88.8,6,average,Lentil Greens Salad,HIIT Starter Circuit,beginner,74.44,High Knees|Bodyweight Squats|Burpees|Plank Shoulder Taps|Alternating Reverse Lunges,High-fiber lentils with leafy greens and lemon dressing.,"Focus on form, 3 sessions/week, and progressive consistency."
38.32,820.06,non_veg,none,,maintenance,24,beginner,high,59.76,2344.18,3,15494.09,32.88,50.02,6,poor,Turkey Rice Bowl,Express Bodyweight Burner,intermediate,58.87,Jumping Jacks|Push-Ups|Air Squats|Mountain Climbers|Plank Hold,Lean turkey with rice and roasted vegetables.,Use progressive overload and mix strength with conditioning.
32.43,317.45,non_veg,none,,muscle,75,intermediate,low,56.25,1423.24,19,9186.25,27.47,59.35,5,average,Chicken Quinoa Plate,Volume Hypertrophy Session,beginner,55.46,Leg Press|Incline Dumbbell Press|Chest-Supported Row|Seated Leg Curl|Cable Lateral Raise,Lean chicken with quinoa and mixed vegetables.,"Focus on form, 3 sessions/week, and progressive consistency."
39.11,295.37,non_veg,none,,fat_loss,87,advanced,moderate,61.74,1821.61,10,11365.96,31.23,86.73,2,poor,Turkey Lettuce Wrap,Athlete HIIT Blast,beginner,61.36,Sprint Intervals|Box Jumps|Burpee Broad Jumps|Medicine Ball Slams|Skater Hops,Low-calorie turkey wraps with crunchy lettuce.,"Focus on form, 3 sessions/week, and progressive consistency."
22.79,281.71,veg,none,,muscle,41,intermediate,moderate,70.94,1813.0,13,13698.63,19.9,80.69,1,average,Tofu Power Bowl,Upper Lower Strength Split,beginner,69.59,Barbell Bench Press|Romanian Deadlift|Lat Pulldown|Walking Lunges|Dumbbell Shoulder Press,"Balanced tofu bowl with quinoa, greens, and seeds.","Focus on form, 3 sessions/week, and progressive consistency."
31.62,555.01,non_veg,egg_allergy|nut_allergy,,muscle,85,advanced,moderate,94.23,1527.1,2,16763.34,32.65,59.85,7,good,Chicken Quinoa Plate,Volume Hypertrophy Session,intermediate,93.45,Leg Press|Incline Dumbbell Press|Chest-Supported Row|Seated Leg Curl|Cable Lateral Raise,Lean chicken with quinoa and mixed vegetables.,Use progressive overload and mix strength with conditioning.
51.71,742.34,veg,gluten_intolerance,,maintenance,21,intermediate,low,84.92,1468.56,3,9513.32,29.08,73.73,9,average,Quinoa Vegetable Plate,Express Bodyweight Burner,beginner,85.09,Jumping Jacks|Push-Ups|Air Squats|Mountain Climbers|Plank Hold,Gluten-aware quinoa plate with seasonal vegetables.,"Focus on form, 3 sessions/week, and progressive consistency."
25.21,716.26,veg,none,,maintenance,48,intermediate,moderate,48.71,1427.13,15,9033.07,20.09,73.79,3,average,Veggie Brown Rice Plate,Strength and Cardio Mix,beginner,47.01,Dumbbell Squat to Press|Assault Bike|Seated Cable Row|Step-Ups|Russian Twists,Brown rice with mixed vegetables and legumes.,"Focus on form, 3 sessions/week, and progressive consistency."
43.16,542.9,veg,none,,muscle,27,beginner,moderate,112.75,2745.1,16,15408.98,31.86,82.63,3,good,High-Protein Chickpea Stir Fry,Full Body Strength Basics,beginner,112.64,Goblet Squat|Incline Push-Up|Dumbbell Row|Hip Bridge|Dead Bug,High-protein chickpea meal for muscle gain.,"Focus on form, 3 sessions/week, and progressive consistency."
36.37,788.77,non_veg,soy_allergy,,fat_loss,79,beginner,moderate,66.91,2616.77,14,8327.34,18.89,54.08,0,average,Grilled Fish Salad,HIIT Starter Circuit,beginner,67.16,High Knees|Bodyweight Squats|Burpees|Plank Shoulder Taps|Alternating Reverse Lunges,Omega-rich fish with fresh vegetables and olive oil.,"Focus on form, 3 sessions/week, and progressive consistency."
18.58,463.25,non_veg,none,,muscle,90,intermediate,high,109.43,1734.78,9,12629.71,18.14,74.07,0,average,Chicken Quinoa Plate,Volume Hypertrophy Session,intermediate,106.84,Leg Press|Incline Dumbbell Press|Chest-Supported Row|Seated Leg Curl|Cable Lateral Raise,Lean chicken with quinoa and mixed vegetables.,Use progressive overload and mix strength with conditioning.
50.26,307.83,veg,lactose_intolerance,,maintenance,53,intermediate,low,108.77,3051.94,14,9019.11,29.67,61.67,7,poor,Veggie Brown Rice Plate,Strength and Cardio Mix,beginner,111.0,Dumbbell Squat to Press|Assault Bike|Seated Cable Row|Step-Ups|Russian Twists,Brown rice with mixed vegetables and legumes.,"Focus on form, 3 sessions/week, and progressive consistency."
41.28,568.59,veg,none,,maintenance,88,intermediate,low,51.87,1797.41,18,15625.85,35.39,58.76,12,average,Veggie Brown Rice Plate,Strength and Cardio Mix,beginner,50.46,Dumbbell Squat to Press|Assault Bike|Seated Cable Row|Step-Ups|Russian Twists,Brown rice with mixed vegetables and legumes.,"Focus on form, 3 sessions/week, and progressive consistency."
21.21,750.52,non_veg,none,,fat_loss,20,intermediate,low,54.13,2786.88,24,8308.17,28.76,52.92,4,average,Grilled Fish Salad,Express Bodyweight Burner,beginner,57.94,Jumping Jacks|Push-Ups|Air Squats|Mountain Climbers|Plank Hold,Omega-rich fish with fresh vegetables and olive oil.,"Focus on form, 3 sessions/week, and progressive consistency."
31.49,523.27,veg,none,,maintenance,83,intermediate,moderate,103.13,2620.73,14,11953.32,34.56,80.29,6,average,Veggie Brown Rice Plate,Strength and Cardio Mix,beginner,103.49,Dumbbell Squat to Press|Assault Bike|Seated Cable Row|Step-Ups|Russian Twists,Brown rice with mixed vegetables and legumes.,"Focus on form, 3 sessions/week, and progressive consistency."
48.66,408.49,non_veg,none,,maintenance,37,beginner,moderate,66.83,2453.21,12,14947.28,31.91,61.65,11,average,Turkey Rice Bowl,Mobility and Core Flow,intermediate,66.79,Cat-Cow Stretch|World's Greatest Stretch|Side Plank|Bird Dog|Glute Bridge March,Lean turkey with rice and roasted vegetables.,Use progressive overload and mix strength with conditioning.
34.89,393.27,veg,egg_allergy,,maintenance,24,intermediate,moderate,66.19,2080.67,8,9555.31,23.2,61.65,10,good,Chickpea Spinach Stir Fry,Express Bodyweight Burner,advanced,66.12,Jumping Jacks|Push-Ups|Air Squats|Mountain Climbers|Plank Hold,Plant-protein chickpeas with sauteed spinach.,"Periodize training, recover well, and target performance blocks."
39.46,528.74,veg,lactose_intolerance|shellfish_allergy,,muscle,73,beginner,low,114.82,2610.81,15,3349.41,31.79,90.8,1,average,Dairy-Free Protein Bowl,Full Body Strength Basics,beginner,117.52,Goblet Squat|Incline Push-Up|Dumbbell Row|Hip Bridge|Dead Bug,Lactose-safe protein meal without milk products.,"Focus on form, 3 sessions/week, and progressive consistency."
16.8,827.45,veg,none,,maintenance,69,beginner,moderate,79.97,2582.49,19,13880.54,18.13,88.65,2,poor,Veggie Brown Rice Plate,Mobility and Core Flow,beginner,80.12,Cat-Cow Stretch|World's Greatest Stretch|Side Plank|Bird Dog|Glute Bridge March,Brown rice with mixed vegetables and legumes.,"Focus on form, 3 sessions/week, and progressive consistency."
32.06,704.06,veg,none,,muscle,46,beginner,high,106.37,2098.35,3,10279.89,30.73,92.84,5,average,Tofu Power Bowl,Full Body Strength Basics,beginner,105.72,Goblet Squat|Incline Push-Up|Dumbbell Row|Hip Bridge|Dead Bug,"Balanced tofu bowl with quinoa, greens, and seeds.","Focus on form, 3 sessions/week, and progressive consistency."
15.63,768.0,veg,none,,fat_loss,52,intermediate,moderate,78.47,2409.68,6,5313.82,28.06,89.76,8,average,Lentil Greens Salad,Metabolic Conditioning,beginner,78.42,Kettlebell Swings|Thrusters|Rowing Intervals|Box Step-Ups|Battle Ropes,High-fiber lentils with leafy greens and lemon dressing.,"Focus on form, 3 sessions/week, and progressive consistency."
16.06,392.88,non_veg,none,,maintenance,71,advanced,low,100.87,1709.11,17,14638.09,21.14,87.0,9,poor,Turkey Rice Bowl,Hybrid Endurance Strength,beginner,99.79,Front Squat|Pull-Ups|Farmer Carry|Stationary Bike Intervals|Hanging Knee Raises,Lean turkey with rice and roasted vegetables.,"Focus on form, 3 sessions/week, and progressive consistency."
40.13,725.39,veg,soy_allergy,,muscle,90,beginner,low,73.48,3130.0,17,6416.91,28.45,84.37,0,poor,Tofu Power Bowl,Volume Hypertrophy Session,beginner,76.67,Leg Press|Incline Dumbbell Press|Chest-Supported Row|Seated Leg Curl|Cable Lateral Raise,"Balanced tofu bowl with quinoa, greens, and seeds.","Focus on form, 3 sessions/week, and progressive consistency."
38.76,422.97,veg,nut_allergy,,muscle,54,intermediate,high,79.88,3141.81,21,5830.11,19.29,52.76,3,average,Tofu Power Bowl,Upper Lower Strength Split,intermediate,81.35,Barbell Bench Press|Romanian Deadlift|Lat Pulldown|Walking Lunges|Dumbbell Shoulder Press,"Balanced tofu bowl with quinoa, greens, and seeds.",Use progressive overload and mix strength with conditioning.
26.7,809.26,non_veg,none,,maintenance,30,beginner,moderate,95.68,2303.22,22,3998.18,32.03,79.77,2,poor,Turkey Rice Bowl,Mobility and Core Flow,beginner,96.41,Cat-Cow Stretch|World's Greatest Stretch|Side Plank|Bird Dog|Glute Bridge March,Lean turkey with rice and roasted vegetables.,"Focus on form, 3 sessions/week, and progressive consistency."
15.45,718.27,non_veg,none,,fat_loss,20,advanced,moderate,49.07,1358.94,16,6374.14,30.55,65.4,0,poor,Grilled Fish Salad,Express Bodyweight Burner,beginner,48.05,Jumping Jacks|Push-Ups|Air Squats|Mountain Climbers|Plank Hold,Omega-rich fish with fresh vegetables and olive oil.,"Focus on form, 3 sessions/week, and progressive consistency."
27.98,512.76,veg,none,,muscle,26,intermediate,moderate,108.45,1502.79,5,14599.67,19.14,84.06,4,good,Tofu Power Bowl,Upper Lower Strength Split,intermediate,108.4,Barbell Bench Press|Romanian Deadlift|Lat Pulldown|Walking Lunges|Dumbbell Shoulder Press,"Balanced tofu bowl with quinoa, greens, and seeds.",Use progressive overload and mix strength with conditioning.
28.16,663.19,non_veg,none,,fat_loss,74,advanced,moderate,97.57,1980.21,14,11110.11,29.88,80.68,11,average,Grilled Fish Salad,Athlete HIIT Blast,intermediate,96.61,Sprint Intervals|Box Jumps|Burpee Broad Jumps|Medicine Ball Slams|Skater Hops,Omega-rich fish with fresh vegetables and olive oil.,Use progressive overload and mix strength with conditioning.
51.97,364.08,veg,none,,muscle,43,advanced,moderate,71.6,1593.08,18,4197.1,34.05,92.02,12,average,High-Protein Chickpea Stir Fry,Push Pull Legs Intense,beginner,70.7,Barbell Back Squat|Bench Press|Bent-Over Row|Overhead Press|Conventional Deadlift,High-protein chickpea meal for muscle gain.,"Focus on form, 3 sessions/week, and progressive consistency."
17.64,268.42,non_veg,nut_allergy,,maintenance,54,beginner,low,113.69,3107.5,3,7635.73,18.87,53.98,10,good,Turkey Rice Bowl,Mobility and Core Flow,intermediate,113.67,Cat-Cow Stretch|World's Greatest Stretch|Side Plank|Bird Dog|Glute Bridge March,Lean turkey with rice and roasted vegetables.,Use progressive overload and mix strength with conditioning.
36.62,622.87,veg,lactose_intolerance|nut_allergy,,fat_loss,87,beginner,moderate,110.75,1469.41,4,4637.96,27.93,71.55,11,poor,Moong Sprout Salad,HIIT Starter Circuit,intermediate,111.41,High Knees|Bodyweight Squats|Burpees|Plank Shoulder Taps|Alternating Reverse Lunges,Nut-free sprouts salad with herbs and lime.,Use progressive overload and mix strength with conditioning.
36.65,331.54,non_veg,none,,fat_loss,29,advanced,moderate,96.84,1406.54,8,11246.33,33.03,65.43,7,poor,Turkey Lettuce Wrap,Athlete HIIT Blast,beginner,95.99,Sprint Intervals|Box Jumps|Burpee Broad Jumps|Medicine Ball Slams|Skater Hops,Low-calorie turkey wraps with crunchy lettuce.,"Focus on form, 3 sessions/week, and progressive consistency."
33.17,416.19,veg,none,,fat_loss,81,intermediate,high,63.04,1846.96,18,13595.04,32.61,72.47,12,average,Lentil Greens Salad,Sprint Interval Circuit,advanced,59.87,Treadmill Sprint|Walking Recovery|Jump Squats|Push-Up to T Rotation|Plank Knee Drive,High-fiber lentils with leafy greens and lemon dressing.,"Periodize training, recover well, and target performance blocks."
49.05,617.28,veg,none,,muscle,80,intermediate,moderate,71.07,1630.46,20,16461.7,26.26,49.72,7,poor,High-Protein Chickpea Stir Fry,Volume Hypertrophy Session,intermediate,68.16,Leg Press|Incline Dumbbell Press|Chest-Supported Row|Seated Leg Curl|Cable Lateral Raise,High-protein chickpea meal for muscle gain.,Use progressive overload and mix strength with conditioning.
13.58,349.99,veg,none,,muscle,51,advanced,high,116.77,1605.76,17,8942.83,28.48,71.67,11,good,Tofu Power Bowl,Push Pull Legs Intense,advanced,113.77,Barbell Back Squat|Bench Press|Bent-Over Row|Overhead Press|Conventional Deadlift,"Balanced tofu bowl with quinoa, greens, and seeds.","Periodize training, recover well, and target performance blocks."
35.33,490.18,non_veg,gluten_intolerance|lactose_intolerance,,fat_loss,22,beginner,low,77.09,1795.76,13,6346.35,29.75,51.25,11,average,Chicken Quinoa Plate,Express Bodyweight Burner,intermediate,77.09,Jumping Jacks|Push-Ups|Air Squats|Mountain Climbers|Plank Hold,Lean chicken with quinoa and mixed vegetables.,Use progressive overload and mix strength with conditioning.
30.69,346.74,non_veg,none,,maintenance,33,intermediate,low,56.92,2899.7,22,9212.02,35.24,57.41,4,good,Turkey Rice Bowl,Strength and Cardio Mix,beginner,60.53,Dumbbell Squat to Press|Assault Bike|Seated Cable Row|Step-Ups|Russian Twists,Lean turkey with rice and roasted vegetables.,"Focus on form, 3 sessions/week, and progressive consistency."
39.89,812.3,veg,none,,fat_loss,43,advanced,high,51.62,2019.68,8,3358.57,27.37,58.53,2,poor,Lentil Greens Salad,Sprint Interval Circuit,intermediate,50.99,Treadmill Sprint|Walking Recovery|Jump Squats|Push-Up to T Rotation|Plank Knee Drive,High-fiber lentils with leafy greens and lemon dressing.,Use progressive overload and mix strength with conditioning.
44.82,711.2,veg,none,,fat_loss,42,intermediate,moderate,65.18,2789.57,15,11624.98,27.23,69.1,12,good,Lentil Greens Salad,Metabolic Conditioning,advanced,66.31,Kettlebell Swings|Thrusters|Rowing Intervals|Box Step-Ups|Battle Ropes,High-fiber lentils with leafy greens and lemon dressing.,"Periodize training, recover well, and target performance blocks."
20.46,534.13,veg,none,,maintenance,62,intermediate,moderate,61.34,2717.23,12,9978.83,20.75,88.83,11,average,Veggie Brown Rice Plate,Strength and Cardio Mix,intermediate,62.05,Dumbbell Squat to Press|Assault Bike|Seated Cable Row|Step-Ups|Russian Twists,Brown rice with mixed vegetables and legumes.,Use progressive overload and mix strength with conditioning.
45.86,595.89,veg,none,,fat_loss,55,beginner,moderate,52.59,2688.49,12,3471.6,23.98,50.6,5,average,Lentil Greens Salad,HIIT Starter Circuit,intermediate,53.49,High Knees|Bodyweight Squats|Burpees|Plank Shoulder Taps|Alternating Reverse Lunges,High-fiber lentils with leafy greens and lemon dressing.,Use progressive overload and mix strength with conditioning.
52.21,708.0,veg,shellfish_allergy,,fat_loss,56,advanced,moderate,53.96,2794.68,16,11892.87,21.57,51.11,3,poor,Lentil Greens Salad,Athlete HIIT Blast,beginner,54.39,Sprint Intervals|Box Jumps|Burpee Broad Jumps|Medicine Ball Slams|Skater Hops,High-fiber lentils with leafy greens and lemon dressing.,"Focus on form, 3 sessions/week, and progressive consistency."
24.2,420.06,non_veg,gluten_intolerance,,maintenance,76,beginner,low,71.82,1966.79,2,5346.59,29.64,76.95,11,average,Chicken Quinoa Plate,Mobility and Core Flow,beginner,71.59,Cat-Cow Stretch|World's Greatest Stretch|Side Plank|Bird Dog|Glute Bridge March,Lean chicken with quinoa and mixed vegetables.,"Focus on form, 3 sessions/week, and progressive consistency."
48.24,275.38,non_veg,none,,fat_loss,30,intermediate,moderate,116.98,3010.46,21,6220.95,35.83,85.54,1,poor,Turkey Lettuce Wrap,Metabolic Conditioning,beginner,119.75,Kettlebell Swings|Thrusters|Rowing Intervals|Box Step-Ups|Battle Ropes,Low-calorie turkey wraps with crunchy lettuce.,"Focus on form, 3 sessions/week, and progressive consistency."
35.55,258.57,veg,egg_allergy|soy_allergy,,maintenance,30,beginner,moderate,60.19,2080.76,14,11747.95,22.84,50.02,11,average,Chickpea Spinach Stir Fry,Mobility and Core Flow,advanced,59.13,Cat-Cow Stretch|World's Greatest Stretch|Side Plank|Bird Dog|Glute Bridge March,Plant-protein chickpeas with sauteed spinach.,"Periodize training, recover well, and target performance blocks."
21.04,469.27,non_veg,egg_allergy|lactose_intolerance,,maintenance,88,beginner,moderate,52.57,1312.89,17,11028.16,34.47,78.11,10,good,Turkey Rice Bowl,Mobility and Core Flow,intermediate,49.52,Cat-Cow Stretch|World's Greatest Stretch|Side Plank|Bird Dog|Glute Bridge March,Lean turkey with rice and roasted vegetables.,Use progressive overload and mix strength with conditioning.
45.14,647.94,non_veg,none,,muscle,62,beginner,high,54.17,1879.9,7,2755.03,35.61,85.62,4,poor,High-Protein Grilled Chicken,Full Body Strength Basics,beginner,53.9,Goblet Squat|Incline Push-Up|Dumbbell Row|Hip Bridge|Dead Bug,High-protein grilled chicken with vegetables.,"Focus on form, 3 sessions/week, and progressive consistency."
50.9,820.63,non_veg,egg_allergy,,muscle,59,beginner,moderate,79.42,2600.91,9,8572.3,23.28,56.23,7,good,High-Protein Grilled Chicken,Full Body Strength Basics,advanced,79.02,Goblet Squat|Incline Push-Up|Dumbbell Row|Hip Bridge|Dead Bug,High-protein grilled chicken with vegetables.,"Periodize training, recover well, and target performance blocks."
42.06,667.51,veg,gluten_intolerance,,muscle,35,beginner,moderate,72.05,2448.1,7,14940.05,26.05,72.85,11,poor,High-Protein Chickpea Stir Fry,Full Body Strength Basics,intermediate,71.48,Goblet Squat|Incline Push-Up|Dumbbell Row|Hip Bridge|Dead Bug,High-protein chickpea meal for muscle gain.,Use progressive overload and mix strength with conditioning.
34.92,598.78,non_veg,none,,muscle,51,intermediate,low,93.59,1556.79,11,12423.97,34.91,85.95,11,average,Chicken Quinoa Plate,Upper Lower Strength Split,beginner,92.96,Barbell Bench Press|Romanian Deadlift|Lat Pulldown|Walking Lunges|Dumbbell Shoulder Press,Lean chicken with quinoa and mixed vegetables.,"Focus on form, 3 sessions/week, and progressive consistency."
39.56,519.26,veg,gluten_intolerance,,muscle,75,intermediate,moderate,89.77,2735.57,9,9624.9,35.56,77.05,5,average,Quinoa Vegetable Plate,Volume Hypertrophy Session,beginner,89.71,Leg Press|Incline Dumbbell Press|Chest-Supported Row|Seated Leg Curl|Cable Lateral Raise,Gluten-aware quinoa plate with seasonal vegetables.,"Focus on form, 3 sessions/week, and progressive consistency."
27.45,675.82,non_veg,none,,fat_loss,42,intermediate,moderate,96.58,1839.63,3,13838.25,31.06,83.67,3,average,Grilled Fish Salad,Metabolic Conditioning,beginner,96.46,Kettlebell Swings|Thrusters|Rowing Intervals|Box Step-Ups|Battle Ropes,Omega-rich fish with fresh vegetables and olive oil.,"Focus on form, 3 sessions/week, and progressive consistency."
38.52,665.45,veg,none,,muscle,38,intermediate,moderate,67.86,1373.55,4,7134.36,25.86,93.08,11,good,Tofu Power Bowl,Upper Lower Strength Split,intermediate,67.8,Barbell Bench Press|Romanian Deadlift|Lat Pulldown|Walking Lunges|Dumbbell Shoulder Press,"Balanced tofu bowl with quinoa, greens, and seeds.",Use progressive overload and mix strength with conditioning.
51.92,374.52,veg,none,,muscle,39,advanced,high,96.32,2708.71,18,11231.73,35.34,60.37,5,average,High-Protein Chickpea Stir Fry,Push Pull Legs Intense,intermediate,95.92,Barbell Back Squat|Bench Press|Bent-Over Row|Overhead Press|Conventional Deadlift,High-protein chickpea meal for muscle gain.,Use progressive overload and mix strength with conditioning.
37.26,850.29,non_veg,shellfish_allergy,,muscle,45,intermediate,low,94.63,2480.64,4,5905.77,31.59,53.59,5,average,Lean Chicken Veg Plate,Upper Lower Strength Split,beginner,95.38,Barbell Bench Press|Romanian Deadlift|Lat Pulldown|Walking Lunges|Dumbbell Shoulder Press,Shellfish-free lean chicken and vegetable plate.,"Focus on form, 3 sessions/week, and progressive consistency."
23.73,315.86,non_veg,nut_allergy,,maintenance,60,advanced,high,67.08,2142.28,2,5837.66,25.53,59.41,7,poor,Turkey Rice Bowl,Hybrid Endurance Strength,intermediate,67.11,Front Squat|Pull-Ups|Farmer Carry|Stationary Bike Intervals|Hanging Knee Raises,Lean turkey with rice and roasted vegetables.,Use progressive overload and mix strength with conditioning.
41.9,843.23,veg,egg_allergy,,maintenance,64,intermediate,low,57.02,2359.21,6,3584.11,27.61,72.75,11,poor,Chickpea Spinach Stir Fry,Strength and Cardio Mix,beginner,58.57,Dumbbell Squat to Press|Assault Bike|Seated Cable Row|Step-Ups|Russian Twists,Plant-protein chickpeas with sauteed spinach.,"Focus on form, 3 sessions/week, and progressive consistency."
15.89,652.66,veg,none,,fat_loss,36,intermediate,low,82.27,2632.84,2,4517.35,32.79,77.06,1,average,Lentil Greens Salad,Metabolic Conditioning,beginner,82.51,Kettlebell Swings|Thrusters|Rowing Intervals|Box Step-Ups|Battle Ropes,High-fiber lentils with leafy greens and lemon dressing.,"Focus on form, 3 sessions/week, and progressive consistency."
33.33,461.63,non_veg,none,,muscle,30,intermediate,high,49.59,1625.38,19,10304.87,32.78,91.88,12,average,Chicken Quinoa Plate,Upper Lower Strength Split,intermediate,45.94,Barbell Bench Press|Romanian Deadlift|Lat Pulldown|Walking Lunges|Dumbbell Shoulder Press,Lean chicken with quinoa and mixed vegetables.,Use progressive overload and mix strength with conditioning.
17.71,714.29,veg,lactose_intolerance,,maintenance,37,intermediate,high,75.19,1677.92,18,12507.65,29.5,55.9,1,good,Veggie Brown Rice Plate,Strength and Cardio Mix,intermediate,71.75,Dumbbell Squat to Press|Assault Bike|Seated Cable Row|Step-Ups|Russian Twists,Brown rice with mixed vegetables and legumes.,Use progressive overload and mix strength with conditioning.
15.74,827.91,non_veg,none,,muscle,88,intermediate,moderate,62.89,2660.33,9,6271.38,34.71,80.44,10,average,Chicken Quinoa Plate,Volume Hypertrophy Session,beginner,64.41,Leg Press|Incline Dumbbell Press|Chest-Supported Row|Seated Leg Curl|Cable Lateral Raise,Lean chicken with quinoa and mixed vegetables.,"Focus on form, 3 sessions/week, and progressive consistency."
27.45,402.74,non_veg,egg_allergy,,fat_loss,84,beginner,low,72.79,2076.5,18,12057.1,29.26,79.43,2,good,Grilled Fish Salad,HIIT Starter Circuit,beginner,73.86,High Knees|Bodyweight Squats|Burpees|Plank Shoulder Taps|Alternating Reverse Lunges,Omega-rich fish with fresh vegetables and olive oil.,"Focus on form, 3 sessions/week, and progressive consistency."
34.05,610.77,veg,none,,maintenance,33,beginner,moderate,74.63,1586.63,3,15503.25,23.53,75.73,5,average,Veggie Brown Rice Plate,Mobility and Core Flow,intermediate,75.52,Cat-Cow Stretch|World's Greatest Stretch|Side Plank|Bird Dog|Glute Bridge March,Brown rice with mixed vegetables and legumes.,Use progressive overload and mix strength with conditioning.
22.78,591.17,non_veg,none,,muscle,71,beginner,moderate,94.99,1915.82,23,14852.49,20.08,63.45,1,good,Chicken Quinoa Plate,Full Body Strength Basics,intermediate,92.93,Goblet Squat|Incline Push-Up|Dumbbell Row|Hip Bridge|Dead Bug,Lean chicken with quinoa and mixed vegetables.,Use progressive overload and mix strength with conditioning.
34.05,845.17,veg,none,,maintenance,83,advanced,high,79.65,1633.16,18,15203.49,29.92,75.19,1,good,Veggie Brown Rice Plate,Hybrid Endurance Strength,intermediate,75.67,Front Squat|Pull-Ups|Farmer Carry|Stationary Bike Intervals|Hanging Knee Raises,Brown rice with mixed vegetables and legumes.,Use progressive overload and mix strength with conditioning.
49.54,732.43,veg,none,,maintenance,58,advanced,moderate,59.88,2520.79,23,14462.34,20.83,58.26,1,poor,Veggie Brown Rice Plate,Hybrid Endurance Strength,beginner,58.91,Front Squat|Pull-Ups|Farmer Carry|Stationary Bike Intervals|Hanging Knee Raises,Brown rice with mixed vegetables and legumes.,"Focus on form, 3 sessions/week, and progressive consistency."
54.53,748.46,veg,nut_allergy,,fat_loss,32,intermediate,moderate,69.19,2387.22,3,8863.05,31.34,93.8,12,average,Moong Sprout Salad,Metabolic Conditioning,intermediate,69.59,Kettlebell Swings|Thrusters|Rowing Intervals|Box Step-Ups|Battle Ropes,Nut-free sprouts salad with herbs and lime.,Use progressive overload and mix strength with conditioning.
52.96,832.26,veg,lactose_intolerance|soy_allergy,,muscle,22,beginner,high,55.01,2291.04,22,16498.91,29.49,79.25,4,poor,High-Protein Chickpea Stir Fry,Express Bodyweight Burner,beginner,51.97,Jumping Jacks|Push-Ups|Air Squats|Mountain Climbers|Plank Hold,High-protein chickpea meal for muscle gain.,"Focus on form, 3 sessions/week, and progressive consistency."
45.71,622.94,veg,none,,maintenance,41,intermediate,low,111.48,2366.9,10,5149.23,18.59,54.97,2,average,Veggie Brown Rice Plate,Strength and Cardio Mix,beginner,112.18,Dumbbell Squat to Press|Assault Bike|Seated Cable Row|Step-Ups|Russian Twists,Brown rice with mixed vegetables and legumes.,"Focus on form, 3 sessions/week, and progressive consistency."
46.25,864.15,non_veg,none,,maintenance,28,beginner,low,79.37,1902.11,12,7429.06,31.89,60.47,2,good,Turkey Rice Bowl,Mobility and Core Flow,beginner,79.72,Cat-Cow Stretch|World's Greatest Stretch|Side Plank|Bird Dog|Glute Bridge March,Lean turkey with rice and roasted vegetables.,"Focus on form, 3 sessions/week, and progressive consistency."
44.65,540.86,non_veg,egg_allergy|gluten_intolerance,,muscle,66,intermediate,moderate,111.42,2050.19,9,12518.81,34.91,84.05,6,average,High-Protein Grilled Chicken,Upper Lower Strength Split,beginner,109.75,Barbell Bench Press|Romanian Deadlift|Lat Pulldown|Walking Lunges|Dumbbell Shoulder Press,High-protein grilled chicken with vegetables.,"Focus on form, 3 sessions/week, and progressive consistency."
36.38,854.84,veg,lactose_intolerance,,muscle,39,beginner,moderate,57.51,3096.61,24,8241.72,24.44,78.91,8,average,Dairy-Free Protein Bowl,Full Body Strength Basics,intermediate,59.31,Goblet Squat|Incline Push-Up|Dumbbell Row|Hip Bridge|Dead Bug,Lactose-safe protein meal without milk products.,Use progressive overload and mix strength with conditioning.
15.62,830.63,veg,shellfish_allergy,,fat_loss,60,intermediate,moderate,85.7,1664.03,3,14929.1,30.59,82.25,0,average,Lentil Greens Salad,Metabolic Conditioning,beginner,85.24,Kettlebell Swings|Thrusters|Rowing Intervals|Box Step-Ups|Battle Ropes,High-fiber lentils with leafy greens and lemon dressing.,"Focus on form, 3 sessions/week, and progressive consistency."
40.41,851.72,non_veg,egg_allergy|nut_allergy,,maintenance,21,beginner,high,71.13,2980.4,14,11901.08,34.35,50.58,12,good,Turkey Rice Bowl,Express Bodyweight Burner,advanced,71.15,Jumping Jacks|Push-Ups|Air Squats|Mountain Climbers|Plank Hold,Lean turkey with rice and roasted vegetables.,"Periodize training, recover well, and target performance blocks."
35.36,521.43,non_veg,none,,maintenance,20,advanced,low,53.78,1997.7,24,12754.08,17.85,48.43,10,good,Turkey Rice Bowl,Express Bodyweight Burner,intermediate,53.52,Jumping Jacks|Push-Ups|Air Squats|Mountain Climbers|Plank Hold,Lean turkey with rice and roasted vegetables.,Use progressive overload and mix strength with conditioning.
14.35,869.56,non_veg,soy_allergy,,fat_loss,79,beginner,high,91.91,1788.54,4,8606.28,34.36,70.24,9,average,Grilled Fish Salad,Sprint Interval Circuit,intermediate,91.51,Treadmill Sprint|Walking Recovery|Jump Squats|Push-Up to T Rotation|Plank Knee Drive,Omega-rich fish with fresh vegetables and olive oil.,Use progressive overload and mix strength with conditioning.
15.71,715.68,veg,none,,maintenance,51,advanced,moderate,72.33,1589.94,21,9728.28,34.39,57.85,5,poor,Veggie Brown Rice Plate,Hybrid Endurance Strength,beginner,69.72,Front Squat|Pull-Ups|Farmer Carry|Stationary Bike Intervals|Hanging Knee Raises,Brown rice with mixed vegetables and legumes.,"Focus on form, 3 sessions/week, and progressive consistency."
24.86,559.12,non_veg,none,,muscle,25,intermediate,high,102.99,1751.27,16,4094.51,27.65,77.3,3,poor,Chicken Quinoa Plate,Express Bodyweight Burner,beginner,102.28,Jumping Jacks|Push-Ups|Air Squats|Mountain Climbers|Plank Hold,Lean chicken with quinoa and mixed vegetables.,"Focus on form, 3 sessions/week, and progressive consistency."
48.19,829.56,non_veg,gluten_intolerance|nut_allergy,,muscle,59,advanced,moderate,91.46,1441.72,20,9813.32,34.01,92.58,5,good,High-Protein Grilled Chicken,Push Pull Legs Intense,beginner,88.95,Barbell Back Squat|Bench Press|Bent-Over Row|Overhead Press|Conventional Deadlift,High-protein grilled chicken with vegetables.,"Focus on form, 3 sessions/week, and progressive consistency."
23.48,512.5,non_veg,none,,maintenance,87,intermediate,moderate,90.32,3055.47,4,3228.85,30.2,76.13,6,average,Turkey Rice Bowl,Strength and Cardio Mix,beginner,90.92,Dumbbell Squat to Press|Assault Bike|Seated Cable Row|Step-Ups|Russian Twists,Lean turkey with rice and roasted vegetables.,"Focus on form, 3 sessions/week, and progressive consistency."
35.36,810.93,veg,lactose_intolerance,,fat_loss,87,advanced,low,71.24,1840.32,17,14146.4,19.49,81.2,10,good,Lentil Greens Salad,Athlete HIIT Blast,intermediate,70.62,Sprint Intervals|Box Jumps|Burpee Broad Jumps|Medicine Ball Slams|Skater Hops,High-fiber lentils with leafy greens and lemon dressing.,Use progressive overload and mix strength with conditioning.
18.2,320.31,veg,none,,fat_loss,58,intermediate,low,107.06,2206.44,3,9268.75,17.62,57.11,12,poor,Low-Cal Veg Soup,Metabolic Conditioning,intermediate,107.44,Kettlebell Swings|Thrusters|Rowing Intervals|Box Step-Ups|Battle Ropes,Low-calorie vegetable soup for fat-loss support.,Use progressive overload and mix strength with conditioning.
21.95,405.5,veg,none,,maintenance,24,intermediate,high,88.23,2541.9,14,14185.14,25.75,88.54,2,average,Veggie Brown Rice Plate,Express Bodyweight Burner,intermediate,87.38,Jumping Jacks|Push-Ups|Air Squats|Mountain Climbers|Plank Hold,Brown rice with mixed vegetables and legumes.,Use progressive overload and mix strength with conditioning.
32.14,641.25,veg,none,,maintenance,56,intermediate,moderate,49.57,2509.11,10,11195.34,19.72,48.62,11,good,Veggie Brown Rice Plate,Strength and Cardio Mix,advanced,50.01,Dumbbell Squat to Press|Assault Bike|Seated Cable Row|Step-Ups|Russian Twists,Brown rice with mixed vegetables and legumes.,"Periodize training, recover well, and target performance blocks."
51.29,433.13,non_veg,shellfish_allergy,,maintenance,22,intermediate,high,68.69,2674.0,24,11809.3,20.88,84.56,5,average,Lean Chicken Veg Plate,Express Bodyweight Burner,intermediate,67.78,Jumping Jacks|Push-Ups|Air Squats|Mountain Climbers|Plank Hold,Shellfish-free lean chicken and vegetable plate.,Use progressive overload and mix strength with conditioning.
53.76,688.15,non_veg,none,,fat_loss,86,intermediate,moderate,60.82,1864.11,22,5713.4,18.4,56.1,8,poor,Grilled Fish Salad,Metabolic Conditioning,intermediate,59.9,Kettlebell Swings|Thrusters|Rowing Intervals|Box Step-Ups|Battle Ropes,Omega-rich fish with fresh vegetables and olive oil.,Use progressive overload and mix strength with conditioning.
25.54,368.18,veg,lactose_intolerance,,fat_loss,40,beginner,moderate,98.21,1622.38,20,14792.4,26.44,85.73,4,average,Lentil Greens Salad,HIIT Starter Circuit,beginner,96.0,High Knees|Bodyweight Squats|Burpees|Plank Shoulder Taps|Alternating Reverse Lunges,High-fiber lentils with leafy greens and lemon dressing.,"Focus on form, 3 sessions/week, and progressive consistency."
47.46,705.82,veg,none,,fat_loss,54,intermediate,low,115.93,2238.32,11,7865.5,20.36,76.72,8,average,Lentil Greens Salad,Metabolic Conditioning,beginner,116.45,Kettlebell Swings|Thrusters|Rowing Intervals|Box Step-Ups|Battle Ropes,High-fiber lentils with leafy greens and lemon dressing.,"Focus on form, 3 sessions/week, and progressive consistency."
19.2,565.35,veg,none,,fat_loss,33,beginner,low,73.94,2606.98,16,3223.56,27.05,71.47,5,poor,Lentil Greens Salad,HIIT Starter Circuit,beginner,75.77,High Knees|Bodyweight Squats|Burpees|Plank Shoulder Taps|Alternating Reverse Lunges,High-fiber lentils with leafy greens and lemon dressing.,"Focus on form, 3 sessions/week, and progressive consistency."
19.6,349.96,non_veg,none,,muscle,45,intermediate,high,86.15,2448.9,8,15536.07,17.48,82.27,3,poor,Chicken Quinoa Plate,Upper Lower Strength Split,beginner,85.0,Barbell Bench Press|Romanian Deadlift|Lat Pulldown|Walking Lunges|Dumbbell Shoulder Press,Lean chicken with quinoa and mixed vegetables.,"Focus on form, 3 sessions/week, and progressive consistency."
54.49,727.0,veg,gluten_intolerance|shellfish_allergy,,fat_loss,26,beginner,moderate,78.75,2427.86,3,3188.23,29.24,86.44,0,average,Quinoa Vegetable Plate,HIIT Starter Circuit,beginner,78.7,High Knees|Bodyweight Squats|Burpees|Plank Shoulder Taps|Alternating Reverse Lunges,Gluten-aware quinoa plate with seasonal vegetables.,"Focus on form, 3 sessions/week, and progressive consistency."
20.57,574.21,non_veg,gluten_intolerance,,maintenance,37,intermediate,high,107.37,2013.13,9,10723.01,33.89,72.66,9,poor,Chicken Quinoa Plate,Strength and Cardio Mix,intermediate,106.77,Dumbbell Squat to Press|Assault Bike|Seated Cable Row|Step-Ups|Russian Twists,Lean chicken with quinoa and mixed vegetables.,Use progressive overload and mix strength with conditioning.
40.65,630.63,non_veg,none,,maintenance,46,advanced,high,115.47,1983.63,16,6613.7,28.3,91.56,11,good,Turkey Rice Bowl,Hybrid Endurance Strength,advanced,114.39,Front Squat|Pull-Ups|Farmer Carry|Stationary Bike Intervals|Hanging Knee Raises,Lean turkey with rice and roasted vegetables.,"Periodize training, recover well, and target performance blocks."
35.97,300.58,non_veg,gluten_intolerance,,fat_loss,71,intermediate,low,50.52,3060.23,10,5509.41,24.51,58.69,9,average,Turkey Lettuce Wrap,Metabolic Conditioning,intermediate,53.05,Kettlebell Swings|Thrusters|Rowing Intervals|Box Step-Ups|Battle Ropes,Low-calorie turkey wraps with crunchy lettuce.,Use progressive overload and mix strength with conditioning.
22.54,349.64,veg,egg_allergy|shellfish_allergy,,fat_loss,71,beginner,high,111.68,1992.6,5,12567.81,31.09,89.9,1,poor,Low-Cal Veg Soup,Sprint Interval Circuit,beginner,110.68,Treadmill Sprint|Walking Recovery|Jump Squats|Push-Up to T Rotation|Plank Knee Drive,Low-calorie vegetable soup for fat-loss support.,"Focus on form, 3 sessions/week, and progressive consistency."
28.93,828.9,veg,egg_allergy|nut_allergy,,fat_loss,56,advanced,moderate,72.71,1772.49,22,5257.51,33.71,60.03,7,poor,Chickpea Spinach Stir Fry,Athlete HIIT Blast,beginner,71.96,Sprint Intervals|Box Jumps|Burpee Broad Jumps|Medicine Ball Slams|Skater Hops,Plant-protein chickpeas with sauteed spinach.,"Focus on form, 3 sessions/week, and progressive consistency."
13.11,420.37,veg,nut_allergy,,muscle,68,beginner,moderate,76.78,1737.45,12,3906.96,21.75,82.03,0,average,Tofu Power Bowl,Full Body Strength Basics,beginner,76.57,Goblet Squat|Incline Push-Up|Dumbbell Row|Hip Bridge|Dead Bug,"Balanced tofu bowl with quinoa, greens, and seeds.","Focus on form, 3 sessions/week, and progressive consistency."
12.46,445.14,non_veg,none,,muscle,23,beginner,low,69.21,1775.78,14,8893.88,24.53,88.86,1,good,Chicken Quinoa Plate,Express Bodyweight Burner,beginner,69.76,Jumping Jacks|Push-Ups|Air Squats|Mountain Climbers|Plank Hold,Lean chicken with quinoa and mixed vegetables.,"Focus on form, 3 sessions/week, and progressive consistency."
26.7,262.04,non_veg,shellfish_allergy,,fat_loss,83,intermediate,low,99.15,2005.5,24,5698.41,29.98,58.47,5,average,Turkey Lettuce Wrap,Metabolic Conditioning,beginner,100.86,Kettlebell Swings|Thrusters|Rowing Intervals|Box Step-Ups|Battle Ropes,Low-calorie turkey wraps with crunchy lettuce.,"Focus on form, 3 sessions/week, and progressive consistency."
41.12,883.23,non_veg,none,,fat_loss,87,beginner,high,60.68,3140.67,9,8208.47,29.52,68.54,0,average,Grilled Fish Salad,Sprint Interval Circuit,beginner,61.05,Treadmill Sprint|Walking Recovery|Jump Squats|Push-Up to T Rotation|Plank Knee Drive,Omega-rich fish with fresh vegetables and olive oil.,"Focus on form, 3 sessions/week, and progressive consistency."
38.3,699.23,non_veg,lactose_intolerance,,maintenance,41,beginner,low,53.13,2864.87,10,9865.81,25.69,71.67,6,average,Turkey Rice Bowl,Mobility and Core Flow,beginner,54.6,Cat-Cow Stretch|World's Greatest Stretch|Side Plank|Bird Dog|Glute Bridge March,Lean turkey with rice and roasted vegetables.,"Focus on form, 3 sessions/week, and progressive consistency."
49.07,642.12,non_veg,none,,maintenance,27,beginner,moderate,89.26,3117.71,6,7253.59,25.27,83.52,6,poor,Turkey Rice Bowl,Mobility and Core Flow,beginner,89.48,Cat-Cow Stretch|World's Greatest Stretch|Side Plank|Bird Dog|Glute Bridge March,Lean turkey with rice and roasted vegetables.,"Focus on form, 3 sessions/week, and progressive consistency."
40.39,793.6,veg,soy_allergy,,maintenance,56,beginner,moderate,67.34,2072.17,3,5985.11,18.49,91.12,4,average,Veggie Brown Rice Plate,Mobility and Core Flow,beginner,67.43,Cat-Cow Stretch|World's Greatest Stretch|Side Plank|Bird Dog|Glute Bridge March,Brown rice with mixed vegetables and legumes.,"Focus on form, 3 sessions/week, and progressive consistency."
30.57,767.26,non_veg,none,,maintenance,44,beginner,moderate,50.2,1365.52,12,2892.4,28.24,71.24,6,poor,Turkey Rice Bowl,Mobility and Core Flow,beginner,49.32,Cat-Cow Stretch|World's Greatest Stretch|Side Plank|Bird Dog|Glute Bridge March,Lean turkey with rice and roasted vegetables.,"Focus on form, 3 sessions/week, and progressive consistency."
13.0,832.39,veg,shellfish_allergy,,fat_loss,31,intermediate,high,70.07,2840.36,11,4998.29,22.73,80.95,3,poor,Lentil Greens Salad,Sprint Interval Circuit,intermediate,70.25,Treadmill Sprint|Walking Recovery|Jump Squats|Push-Up to T Rotation|Plank Knee Drive,High-fiber lentils with leafy greens and lemon dressing.,Use progressive overload and mix strength with conditioning.
19.11,827.66,non_veg,none,,maintenance,31,intermediate,high,85.31,2508.2,5,16412.44,29.61,87.59,10,average,Turkey Rice Bowl,Strength and Cardio Mix,intermediate,84.95,Dumbbell Squat to Press|Assault Bike|Seated Cable Row|Step-Ups|Russian Twists,Lean turkey with rice and roasted vegetables.,Use progressive overload and mix strength with conditioning.
33.26,640.11,non_veg,none,,fat_loss,51,beginner,moderate,65.93,2222.02,11,9121.61,29.11,64.16,6,average,Grilled Fish Salad,HIIT Starter Circuit,intermediate,65.81,High Knees|Bodyweight Squats|Burpees|Plank Shoulder Taps|Alternating Reverse Lunges,Omega-rich fish with fresh vegetables and olive oil.,Use progressive overload and mix strength with conditioning.
40.22,549.39,veg,gluten_intolerance,,muscle,60,intermediate,moderate,91.96,1963.51,10,16457.4,21.96,90.91,11,poor,Quinoa Vegetable Plate,Upper Lower Strength Split,intermediate,90.46,Barbell Bench Press|Romanian Deadlift|Lat Pulldown|Walking Lunges|Dumbbell Shoulder Press,Gluten-aware quinoa plate with seasonal vegetables.,Use progressive overload and mix strength with conditioning.
13.87,500.21,veg,none,,maintenance,29,beginner,low,91.31,2731.62,2,6511.25,19.79,83.51,5,poor,Veggie Brown Rice Plate,Mobility and Core Flow,beginner,91.38,Cat-Cow Stretch|World's Greatest Stretch|Side Plank|Bird Dog|Glute Bridge March,Brown rice with mixed vegetables and legumes.,"Focus on form, 3 sessions/week, and progressive consistency."
28.7,476.22,veg,none,,fat_loss,59,beginner,moderate,57.51,2014.51,11,16960.15,26.47,74.67,9,average,Lentil Greens Salad,HIIT Starter Circuit,intermediate,56.42,High Knees|Bodyweight Squats|Burpees|Plank Shoulder Taps|Alternating Reverse Lunges,High-fiber lentils with leafy greens and lemon dressing.,Use progressive overload and mix strength with conditioning.
38.27,361.01,veg,none,,fat_loss,49,beginner,moderate,71.01,2700.04,14,14059.28,21.6,80.52,8,average,Lentil Greens Salad,HIIT Starter Circuit,intermediate,70.87,High Knees|Bodyweight Squats|Burpees|Plank Shoulder Taps|Alternating Reverse Lunges,High-fiber lentils with leafy greens and lemon dressing.,Use progressive overload and mix strength with conditioning.
32.22,792.4,veg,none,,fat_loss,78,beginner,high,114.63,2428.34,22,16982.81,23.17,89.26,11,poor,Lentil Greens Salad,Sprint Interval Circuit,intermediate,112.96,Treadmill Sprint|Walking Recovery|Jump Squats|Push-Up to T Rotation|Plank Knee Drive,High-fiber lentils with leafy greens and lemon dressing.,Use progressive overload and mix strength with conditioning.
21.7,498.11,non_veg,none,,fat_loss,22,intermediate,moderate,72.45,2180.38,19,5117.76,29.04,68.67,7,poor,Grilled Fish Salad,Express Bodyweight Burner,beginner,73.24,Jumping Jacks|Push-Ups|Air Squats|Mountain Climbers|Plank Hold,Omega-rich fish with fresh vegetables and olive oil.,"Focus on form, 3 sessions/week, and progressive consistency."
50.13,553.37,veg,none,,muscle,27,intermediate,low,84.14,2176.02,10,3854.29,22.02,80.32,11,average,High-Protein Chickpea Stir Fry,Upper Lower Strength Split,intermediate,85.23,Barbell Bench Press|Romanian Deadlift|Lat Pulldown|Walking Lunges|Dumbbell Shoulder Press,High-protein chickpea meal for muscle gain.,Use progressive overload and mix strength with conditioning.
33.39,666.23,non_veg,egg_allergy|shellfish_allergy,,muscle,85,advanced,moderate,73.71,1487.01,19,3613.11,22.84,74.96,2,good,Lean Chicken Veg Plate,Volume Hypertrophy Session,intermediate,72.81,Leg Press|Incline Dumbbell Press|Chest-Supported Row|Seated Leg Curl|Cable Lateral Raise,Shellfish-free lean chicken and vegetable plate.,Use progressive overload and mix strength with conditioning.
23.46,319.82,non_veg,none,,muscle,67,advanced,low,70.81,1604.62,24,5460.32,31.01,80.02,7,average,Chicken Quinoa Plate,Push Pull Legs Intense,beginner,70.98,Barbell Back Squat|Bench Press|Bent-Over Row|Overhead Press|Conventional Deadlift,Lean chicken with quinoa and mixed vegetables.,"Focus on form, 3 sessions/week, and progressive consistency."
42.22,252.02,non_veg,none,,fat_loss,32,intermediate,high,73.89,1879.13,14,11587.14,31.07,88.74,1,poor,Turkey Lettuce Wrap,Sprint Interval Circuit,beginner,71.85,Treadmill Sprint|Walking Recovery|Jump Squats|Push-Up to T Rotation|Plank Knee Drive,Low-calorie turkey wraps with crunchy lettuce.,"Focus on form, 3 sessions/week, and progressive consistency."
41.87,530.87,veg,none,,fat_loss,48,beginner,moderate,116.99,2580.19,4,8472.58,24.11,74.02,2,good,Lentil Greens Salad,HIIT Starter Circuit,intermediate,117.04,High Knees|Bodyweight Squats|Burpees|Plank Shoulder Taps|Alternating Reverse Lunges,High-fiber lentils with leafy greens and lemon dressing.,Use progressive overload and mix strength with conditioning.
22.85,611.29,veg,gluten_intolerance|soy_allergy,,muscle,44,beginner,low,102.44,2361.23,15,6783.42,27.22,52.91,9,good,Quinoa Vegetable Plate,Full Body Strength Basics,intermediate,104.31,Goblet Squat|Incline Push-Up|Dumbbell Row|Hip Bridge|Dead Bug,Gluten-aware quinoa plate with seasonal vegetables.,Use progressive overload and mix strength with conditioning.
27.78,473.24,non_veg,nut_allergy,,fat_loss,81,beginner,low,111.62,1788.22,14,16280.16,35.8,56.14,4,average,Grilled Fish Salad,HIIT Starter Circuit,beginner,110.58,High Knees|Bodyweight Squats|Burpees|Plank Shoulder Taps|Alternating Reverse Lunges,Omega-rich fish with fresh vegetables and olive oil.,"Focus on form, 3 sessions/week, and progressive consistency."
26.87,311.75,non_veg,none,,muscle,79,beginner,moderate,73.38,2367.71,22,4441.22,33.9,57.82,3,average,Chicken Quinoa Plate,Volume Hypertrophy Session,beginner,74.38,Leg Press|Incline Dumbbell Press|Chest-Supported Row|Seated Leg Curl|Cable Lateral Raise,Lean chicken with quinoa and mixed vegetables.,"Focus on form, 3 sessions/week, and progressive consistency."
14.5,789.53,non_veg,lactose_intolerance,,fat_loss,60,intermediate,high,49.42,3025.22,14,7303.1,26.14,64.28,11,average,Grilled Fish Salad,Sprint Interval Circuit,advanced,49.85,Treadmill Sprint|Walking Recovery|Jump Squats|Push-Up to T Rotation|Plank Knee Drive,Omega-rich fish with fresh vegetables and olive oil.,"Periodize training, recover well, and target performance blocks."
27.32,546.84,non_veg,shellfish_allergy,,muscle,36,beginner,high,60.39,2953.03,19,9058.59,27.55,93.33,12,average,Lean Chicken Veg Plate,Full Body Strength Basics,intermediate,60.79,Goblet Squat|Incline Push-Up|Dumbbell Row|Hip Bridge|Dead Bug,Shellfish-free lean chicken and vegetable plate.,Use progressive overload and mix strength with conditioning.
32.9,619.13,veg,none,,fat_loss,30,beginner,low,109.95,1479.82,16,11513.06,27.45,93.6,8,average,Lentil Greens Salad,HIIT Starter Circuit,beginner,108.67,High Knees|Bodyweight Squats|Burpees|Plank Shoulder Taps|Alternating Reverse Lunges,High-fiber lentils with leafy greens and lemon dressing.,"Focus on form, 3 sessions/week, and progressive consistency."
45.37,597.86,non_veg,none,,fat_loss,28,intermediate,high,101.45,2260.53,24,6606.76,22.89,79.82,0,average,Grilled Fish Salad,Sprint Interval Circuit,intermediate,99.92,Treadmill Sprint|Walking Recovery|Jump Squats|Push-Up to T Rotation|Plank Knee Drive,Omega-rich fish with fresh vegetables and olive oil.,Use progressive overload and mix strength with conditioning.
39.35,503.4,veg,none,,maintenance,44,intermediate,low,114.08,2275.46,16,16423.25,20.2,84.94,2,average,Veggie Brown Rice Plate,Strength and Cardio Mix,beginner,114.45,Dumbbell Squat to Press|Assault Bike|Seated Cable Row|Step-Ups|Russian Twists,Brown rice with mixed vegetables and legumes.,"Focus on form, 3 sessions/week, and progressive consistency."
47.67,407.34,veg,nut_allergy,,maintenance,89,intermediate,low,100.58,2045.28,3,7036.66,23.93,74.64,1,poor,Veggie Brown Rice Plate,Strength and Cardio Mix,beginner,100.66,Dumbbell Squat to Press|Assault Bike|Seated Cable Row|Step-Ups|Russian Twists,Brown rice with mixed vegetables and legumes.,"Focus on form, 3 sessions/week, and progressive consistency."
36.3,417.44,veg,egg_allergy,,maintenance,34,beginner,high,64.55,2893.64,10,10757.74,33.89,60.32,5,average,Chickpea Spinach Stir Fry,Mobility and Core Flow,intermediate,65.33,Cat-Cow Stretch|World's Greatest Stretch|Side Plank|Bird Dog|Glute Bridge March,Plant-protein chickpeas with sauteed spinach.,Use progressive overload and mix strength with conditioning.
44.58,352.15,non_veg,none,,maintenance,23,beginner,low,57.42,2481.97,11,3612.17,25.53,57.88,7,average,Turkey Rice Bowl,Express Bodyweight Burner,intermediate,59.1,Jumping Jacks|Push-Ups|Air Squats|Mountain Climbers|Plank Hold,Lean turkey with rice and roasted vegetables.,Use progressive overload and mix strength with conditioning.
24.64,725.89,non_veg,egg_allergy|soy_allergy,,fat_loss,73,beginner,moderate,104.28,2856.43,12,5019.79,23.13,75.4,0,good,Grilled Fish Salad,HIIT Starter Circuit,intermediate,105.49,High Knees|Bodyweight Squats|Burpees|Plank Shoulder Taps|Alternating Reverse Lunges,Omega-rich fish with fresh vegetables and olive oil.,Use progressive overload and mix strength with conditioning.
13.48,464.77,veg,none,,muscle,59,beginner,low,69.41,2665.53,6,8159.34,30.33,88.97,7,average,Tofu Power Bowl,Full Body Strength Basics,beginner,70.35,Goblet Squat|Incline Push-Up|Dumbbell Row|Hip Bridge|Dead Bug,"Balanced tofu bowl with quinoa, greens, and seeds.","Focus on form, 3 sessions/week, and progressive consistency."
34.22,653.27,non_veg,none,,fat_loss,82,intermediate,moderate,104.52,2033.75,2,10162.94,29.54,76.02,0,good,Grilled Fish Salad,Metabolic Conditioning,beginner,104.81,Kettlebell Swings|Thrusters|Rowing Intervals|Box Step-Ups|Battle Ropes,Omega-rich fish with fresh vegetables and olive oil.,"Focus on form, 3 sessions/week, and progressive consistency."
17.09,814.58,non_veg,gluten_intolerance,,maintenance,54,intermediate,low,49.05,2416.51,8,13972.16,25.58,60.46,0,poor,Chicken Quinoa Plate,Strength and Cardio Mix,beginner,50.1,Dumbbell Squat to Press|Assault Bike|Seated Cable Row|Step-Ups|Russian Twists,Lean chicken with quinoa and mixed vegetables.,"Focus on form, 3 sessions/week, and progressive consistency."
43.88,282.95,non_veg,none,,fat_loss,83,advanced,moderate,91.93,1381.57,11,14774.55,31.98,74.02,2,average,Turkey Lettuce Wrap,Athlete HIIT Blast,beginner,90.29,Sprint Intervals|Box Jumps|Burpee Broad Jumps|Medicine Ball Slams|Skater Hops,Low-calorie turkey wraps with crunchy lettuce.,"Focus on form, 3 sessions/week, and progressive consistency."
53.62,608.57,veg,egg_allergy|shellfish_allergy,,muscle,32,beginner,moderate,103.67,3098.37,24,6843.95,35.91,86.54,9,average,High-Protein Chickpea Stir Fry,Full Body Strength Basics,beginner,106.48,Goblet Squat|Incline Push-Up|Dumbbell Row|Hip Bridge|Dead Bug,High-protein chickpea meal for muscle gain.,"Focus on form, 3 sessions/week, and progressive consistency."
24.9,702.12,veg,nut_allergy,,muscle,25,advanced,low,55.04,1979.68,13,5723.15,27.72,50.12,8,poor,Tofu Power Bowl,Express Bodyweight Burner,beginner,55.42,Jumping Jacks|Push-Ups|Air Squats|Mountain Climbers|Plank Hold,"Balanced tofu bowl with quinoa, greens, and seeds.","Focus on form, 3 sessions/week, and progressive consistency."
32.26,892.3,veg,none,,fat_loss,33,intermediate,high,50.85,2157.22,3,3518.52,20.74,79.55,2,good,Lentil Greens Salad,Sprint Interval Circuit,intermediate,50.62,Treadmill Sprint|Walking Recovery|Jump Squats|Push-Up to T Rotation|Plank Knee Drive,High-fiber lentils with leafy greens and lemon dressing.,Use progressive overload and mix strength with conditioning.
20.85,588.21,non_veg,egg_allergy|nut_allergy,,maintenance,71,beginner,moderate,67.95,2716.99,5,15313.98,25.38,83.58,4,good,Turkey Rice Bowl,Mobility and Core Flow,intermediate,68.02,Cat-Cow Stretch|World's Greatest Stretch|Side Plank|Bird Dog|Glute Bridge March,Lean turkey with rice and roasted vegetables.,Use progressive overload and mix strength with conditioning.
38.14,796.59,non_veg,gluten_intolerance,,maintenance,29,intermediate,low,48.32,1546.82,23,7921.81,31.06,79.17,6,good,Chicken Quinoa Plate,Strength and Cardio Mix,beginner,48.11,Dumbbell Squat to Press|Assault Bike|Seated Cable Row|Step-Ups|Russian Twists,Lean chicken with quinoa and mixed vegetables.,"Focus on form, 3 sessions/week, and progressive consistency."
14.35,322.92,veg,gluten_intolerance|shellfish_allergy,,muscle,43,intermediate,low,107.7,2671.66,11,6101.46,31.01,54.04,8,average,Quinoa Vegetable Plate,Upper Lower Strength Split,beginner,108.92,Barbell Bench Press|Romanian Deadlift|Lat Pulldown|Walking Lunges|Dumbbell Shoulder Press,Gluten-aware quinoa plate with seasonal vegetables.,"Focus on form, 3 sessions/week, and progressive consistency."
16.52,612.6,non_veg,lactose_intolerance,,muscle,81,intermediate,moderate,70.85,1512.02,12,2582.25,28.8,87.63,4,average,Dairy-Free Protein Bowl,Volume Hypertrophy Session,beginner,70.57,Leg Press|Incline Dumbbell Press|Chest-Supported Row|Seated Leg Curl|Cable Lateral Raise,Lactose-safe protein meal without milk products.,"Focus on form, 3 sessions/week, and progressive consistency."
53.15,525.02,non_veg,none,,maintenance,57,advanced,high,62.5,1931.7,17,16516.95,25.01,76.6,3,poor,Turkey Rice Bowl,Hybrid Endurance Strength,intermediate,59.72,Front Squat|Pull-Ups|Farmer Carry|Stationary Bike Intervals|Hanging Knee Raises,Lean turkey with rice and roasted vegetables.,Use progressive overload and mix strength with conditioning.
16.63,271.4,veg,none,,maintenance,58,advanced,low,116.49,1473.22,22,10759.37,27.59,81.25,9,average,Veggie Brown Rice Plate,Hybrid Endurance Strength,beginner,115.51,Front Squat|Pull-Ups|Farmer Carry|Stationary Bike Intervals|Hanging Knee Raises,Brown rice with mixed vegetables and legumes.,"Focus on form, 3 sessions/week, and progressive consistency."
27.18,742.4,non_veg,shellfish_allergy|soy_allergy,,muscle,59,intermediate,low,102.81,1905.09,24,6330.75,23.11,90.65,2,average,Lean Chicken Veg Plate,Upper Lower Strength Split,beginner,102.81,Barbell Bench Press|Romanian Deadlift|Lat Pulldown|Walking Lunges|Dumbbell Shoulder Press,Shellfish-free lean chicken and vegetable plate.,"Focus on form, 3 sessions/week, and progressive consistency."
24.94,443.71,non_veg,gluten_intolerance,,fat_loss,69,intermediate,moderate,59.94,2352.73,5,14348.21,23.4,87.53,9,average,Chicken Quinoa Plate,Metabolic Conditioning,intermediate,60.0,Kettlebell Swings|Thrusters|Rowing Intervals|Box Step-Ups|Battle Ropes,Lean chicken with quinoa and mixed vegetables.,Use progressive overload and mix strength with conditioning.
25.89,426.23,non_veg,none,,muscle,26,intermediate,high,105.17,1873.52,16,16833.79,17.1,58.0,4,average,Chicken Quinoa Plate,Upper Lower Strength Split,intermediate,102.39,Barbell Bench Press|Romanian Deadlift|Lat Pulldown|Walking Lunges|Dumbbell Shoulder Press,Lean chicken with quinoa and mixed vegetables.,Use progressive overload and mix strength with conditioning.
35.64,701.9,veg,none,,fat_loss,27,beginner,moderate,89.52,2384.73,17,8481.31,34.9,61.89,8,average,Lentil Greens Salad,HIIT Starter Circuit,intermediate,89.71,High Knees|Bodyweight Squats|Burpees|Plank Shoulder Taps|Alternating Reverse Lunges,High-fiber lentils with leafy greens and lemon dressing.,Use progressive overload and mix strength with conditioning.
19.37,592.85,veg,none,,maintenance,37,beginner,high,103.01,2839.78,5,15836.86,31.15,53.38,6,poor,Veggie Brown Rice Plate,Mobility and Core Flow,intermediate,102.94,Cat-Cow Stretch|World's Greatest Stretch|Side Plank|Bird Dog|Glute Bridge March,Brown rice with mixed vegetables and legumes.,Use progressive overload and mix strength with conditioning.
27.3,591.23,veg,shellfish_allergy,,muscle,81,advanced,low,110.03,1546.21,9,6793.81,31.68,65.02,5,average,Tofu Power Bowl,Volume Hypertrophy Session,beginner,109.14,Leg Press|Incline Dumbbell Press|Chest-Supported Row|Seated Leg Curl|Cable Lateral Raise,"Balanced tofu bowl with quinoa, greens, and seeds.","Focus on form, 3 sessions/week, and progressive consistency."
48.03,434.01,non_veg,nut_allergy|shellfish_allergy,,maintenance,42,intermediate,low,64.46,2894.84,9,13336.15,19.64,72.43,7,average,Lean Chicken Veg Plate,Strength and Cardio Mix,beginner,65.19,Dumbbell Squat to Press|Assault Bike|Seated Cable Row|Step-Ups|Russian Twists,Shellfish-free lean chicken and vegetable plate.,"Focus on form, 3 sessions/week, and progressive consistency."
27.16,437.6,non_veg,shellfish_allergy|soy_allergy,,maintenance,68,beginner,high,53.75,3136.72,5,2785.4,31.15,60.68,4,good,Lean Chicken Veg Plate,Mobility and Core Flow,intermediate,53.17,Cat-Cow Stretch|World's Greatest Stretch|Side Plank|Bird Dog|Glute Bridge March,Shellfish-free lean chicken and vegetable plate.,Use progressive overload and mix strength with conditioning.
43.7,698.46,non_veg,egg_allergy,,muscle,28,intermediate,moderate,106.74,1927.14,20,15837.55,21.37,86.73,5,poor,High-Protein Grilled Chicken,Upper Lower Strength Split,beginner,104.24,Barbell Bench Press|Romanian Deadlift|Lat Pulldown|Walking Lunges|Dumbbell Shoulder Press,High-protein grilled chicken with vegetables.,"Focus on form, 3 sessions/week, and progressive consistency."
35.52,828.25,veg,lactose_intolerance|nut_allergy,,muscle,36,beginner,moderate,48.4,2099.61,8,3314.04,24.96,84.36,3,good,Dairy-Free Protein Bowl,Full Body Strength Basics,intermediate,48.6,Goblet Squat|Incline Push-Up|Dumbbell Row|Hip Bridge|Dead Bug,Lactose-safe protein meal without milk products.,Use progressive overload and mix strength with conditioning.
18.65,756.38,veg,none,,maintenance,41,intermediate,high,76.96,1976.17,2,11955.3,34.52,78.18,10,average,Veggie Brown Rice Plate,Strength and Cardio Mix,intermediate,76.84,Dumbbell Squat to Press|Assault Bike|Seated Cable Row|Step-Ups|Russian Twists,Brown rice with mixed vegetables and legumes.,Use progressive overload and mix strength with conditioning.
50.87,638.3,non_veg,none,,maintenance,55,intermediate,moderate,58.59,1704.9,24,4769.33,22.02,75.24,2,average,Turkey Rice Bowl,Strength and Cardio Mix,beginner,57.54,Dumbbell Squat to Press|Assault Bike|Seated Cable Row|Step-Ups|Russian Twists,Lean turkey with rice and roasted vegetables.,"Focus on form, 3 sessions/week, and progressive consistency."
43.8,548.7,veg,none,,muscle,89,beginner,low,95.6,3094.62,20,2984.4,29.93,52.81,11,average,High-Protein Chickpea Stir Fry,Volume Hypertrophy Session,intermediate,99.39,Leg Press|Incline Dumbbell Press|Chest-Supported Row|Seated Leg Curl|Cable Lateral Raise,High-protein chickpea meal for muscle gain.,Use progressive overload and mix strength with conditioning.
39.12,394.63,non_veg,none,,fat_loss,53,intermediate,low,62.88,2253.47,22,13432.14,25.11,84.81,4,good,Grilled Fish Salad,Metabolic Conditioning,beginner,63.05,Kettlebell Swings|Thrusters|Rowing Intervals|Box Step-Ups|Battle Ropes,Omega-rich fish with fresh vegetables and olive oil.,"Focus on form, 3 sessions/week, and progressive consistency."
14.28,621.25,veg,none,,muscle,82,beginner,moderate,103.33,2533.36,7,5932.81,31.38,70.52,7,good,Tofu Power Bowl,Volume Hypertrophy Session,intermediate,102.83,Leg Press|Incline Dumbbell Press|Chest-Supported Row|Seated Leg Curl|Cable Lateral Raise,"Balanced tofu bowl with quinoa, greens, and seeds.",Use progressive overload and mix strength with conditioning.
45.28,702.79,veg,gluten_intolerance,,maintenance,50,intermediate,high,92.08,1612.9,15,14959.11,31.01,62.08,7,average,Quinoa Vegetable Plate,Strength and Cardio Mix,intermediate,88.52,Dumbbell Squat to Press|Assault Bike|Seated Cable Row|Step-Ups|Russian Twists,Gluten-aware quinoa plate with seasonal vegetables.,Use progressive overload and mix strength with conditioning.
41.3,305.44,non_veg,none,,maintenance,87,intermediate,moderate,102.82,1313.85,19,6368.79,20.95,80.7,2,good,Turkey Rice Bowl,Strength and Cardio Mix,intermediate,99.68,Dumbbell Squat to Press|Assault Bike|Seated Cable Row|Step-Ups|Russian Twists,Lean turkey with rice and roasted vegetables.,Use progressive overload and mix strength with conditioning.
23.4,714.34,non_veg,none,,maintenance,72,beginner,moderate,82.62,1967.68,4,8946.0,18.15,81.17,5,poor,Turkey Rice Bowl,Mobility and Core Flow,beginner,82.05,Cat-Cow Stretch|World's Greatest Stretch|Side Plank|Bird Dog|Glute Bridge March,Lean turkey with rice and roasted vegetables.,"Focus on form, 3 sessions/week, and progressive consistency."
27.43,848.52,veg,none,,maintenance,86,beginner,low,54.57,2413.07,18,4776.95,20.08,55.59,5,poor,Veggie Brown Rice Plate,Mobility and Core Flow,beginner,57.1,Cat-Cow Stretch|World's Greatest Stretch|Side Plank|Bird Dog|Glute Bridge March,Brown rice with mixed vegetables and legumes.,"Focus on form, 3 sessions/week, and progressive consistency."
12.12,313.63,veg,none,,fat_loss,60,intermediate,low,95.06,2324.6,16,13476.56,29.23,79.02,1,good,Low-Cal Veg Soup,Metabolic Conditioning,beginner,95.13,Kettlebell Swings|Thrusters|Rowing Intervals|Box Step-Ups|Battle Ropes,Low-calorie vegetable soup for fat-loss support.,"Focus on form, 3 sessions/week, and progressive consistency."
39.52,699.41,veg,none,,maintenance,44,intermediate,low,86.12,3016.22,22,7619.0,26.59,55.56,11,poor,Veggie Brown Rice Plate,Strength and Cardio Mix,beginner,89.97,Dumbbell Squat to Press|Assault Bike|Seated Cable Row|Step-Ups|Russian Twists,Brown rice with mixed vegetables and legumes.,"Focus on form, 3 sessions/week, and progressive consistency."
31.46,687.89,veg,none,,muscle,48,beginner,high,55.59,2944.19,16,16476.06,24.58,93.79,10,poor,Tofu Power Bowl,Full Body Strength Basics,intermediate,55.6,Goblet Squat|Incline Push-Up|Dumbbell Row|Hip Bridge|Dead Bug,"Balanced tofu bowl with quinoa, greens, and seeds.",Use progressive overload and mix strength with conditioning.
34.17,750.17,non_veg,none,,maintenance,33,intermediate,moderate,73.71,1486.0,7,12208.9,32.2,81.55,5,average,Turkey Rice Bowl,Strength and Cardio Mix,beginner,73.21,Dumbbell Squat to Press|Assault Bike|Seated Cable Row|Step-Ups|Russian Twists,Lean turkey with rice and roasted vegetables.,"Focus on form, 3 sessions/week, and progressive consistency."
13.77,709.87,veg,egg_allergy,,maintenance,30,advanced,low,51.23,2042.38,10,8155.59,26.69,48.65,4,poor,Chickpea Spinach Stir Fry,Hybrid Endurance Strength,beginner,51.83,Front Squat|Pull-Ups|Farmer Carry|Stationary Bike Intervals|Hanging Knee Raises,Plant-protein chickpeas with sauteed spinach.,"Focus on form, 3 sessions/week, and progressive consistency."
23.09,637.43,veg,none,,maintenance,85,advanced,moderate,56.32,2466.65,20,5682.05,24.3,55.86,0,good,Veggie Brown Rice Plate,Hybrid Endurance Strength,intermediate,57.85,Front Squat|Pull-Ups|Farmer Carry|Stationary Bike Intervals|Hanging Knee Raises,Brown rice with mixed vegetables and legumes.,Use progressive overload and mix strength with conditioning.
51.35,849.76,veg,none,,maintenance,74,beginner,low,80.33,1935.59,16,12073.86,17.01,75.99,12,average,Veggie Brown Rice Plate,Mobility and Core Flow,intermediate,80.2,Cat-Cow Stretch|World's Greatest Stretch|Side Plank|Bird Dog|Glute Bridge March,Brown rice with mixed vegetables and legumes.,Use progressive overload and mix strength with conditioning.
42.36,497.65,veg,none,,fat_loss,52,beginner,low,117.07,1769.25,21,3445.44,24.85,53.37,10,average,Lentil Greens Salad,HIIT Starter Circuit,intermediate,118.06,High Knees|Bodyweight Squats|Burpees|Plank Shoulder Taps|Alternating Reverse Lunges,High-fiber lentils with leafy greens and lemon dressing.,Use progressive overload and mix strength with conditioning.
35.71,815.46,veg,none,,muscle,77,intermediate,low,93.24,1802.67,8,8764.87,20.43,51.85,6,average,Tofu Power Bowl,Volume Hypertrophy Session,intermediate,93.89,Leg Press|Incline Dumbbell Press|Chest-Supported Row|Seated Leg Curl|Cable Lateral Raise,"Balanced tofu bowl with quinoa, greens, and seeds.",Use progressive overload and mix strength with conditioning.
29.18,821.42,non_veg,none,,maintenance,34,intermediate,moderate,69.7,3016.41,7,15059.34,17.38,86.22,2,poor,Turkey Rice Bowl,Strength and Cardio Mix,beginner,70.17,Dumbbell Squat to Press|Assault Bike|Seated Cable Row|Step-Ups|Russian Twists,Lean turkey with rice and roasted vegetables.,"Focus on form, 3 sessions/week, and progressive consistency."
19.42,698.09,veg,none,,maintenance,23,advanced,moderate,105.89,2239.59,11,6478.01,20.18,81.14,1,average,Veggie Brown Rice Plate,Express Bodyweight Burner,beginner,105.99,Jumping Jacks|Push-Ups|Air Squats|Mountain Climbers|Plank Hold,Brown rice with mixed vegetables and legumes.,"Focus on form, 3 sessions/week, and progressive consistency."
46.36,708.8,non_veg,none,,fat_loss,60,intermediate,high,99.56,2320.54,19,6841.66,20.44,62.63,9,good,Grilled Fish Salad,Sprint Interval Circuit,advanced,98.19,Treadmill Sprint|Walking Recovery|Jump Squats|Push-Up to T Rotation|Plank Knee Drive,Omega-rich fish with fresh vegetables and olive oil.,"Periodize training, recover well, and target performance blocks."
37.92,469.22,veg,egg_allergy,,muscle,77,intermediate,moderate,102.87,1401.4,24,11906.97,32.31,90.64,9,average,Chickpea Spinach Stir Fry,Volume Hypertrophy Session,beginner,98.5,Leg Press|Incline Dumbbell Press|Chest-Supported Row|Seated Leg Curl|Cable Lateral Raise,Plant-protein chickpeas with sauteed spinach.,"Focus on form, 3 sessions/week, and progressive consistency."
18.02,647.99,veg,egg_allergy|gluten_intolerance,,maintenance,31,intermediate,high,49.74,1300.69,11,14350.76,20.79,84.23,8,good,Quinoa Vegetable Plate,Strength and Cardio Mix,advanced,46.82,Dumbbell Squat to Press|Assault Bike|Seated Cable Row|Step-Ups|Russian Twists,Gluten-aware quinoa plate with seasonal vegetables.,"Periodize training, recover well, and target performance blocks."
39.49,262.34,veg,gluten_intolerance,,maintenance,78,beginner,moderate,64.3,2845.98,23,8308.98,26.39,86.14,7,average,Quinoa Vegetable Plate,Mobility and Core Flow,intermediate,66.27,Cat-Cow Stretch|World's Greatest Stretch|Side Plank|Bird Dog|Glute Bridge March,Gluten-aware quinoa plate with seasonal vegetables.,Use progressive overload and mix strength with conditioning.
30.34,634.66,veg,none,,muscle,47,beginner,low,83.88,1322.19,6,3676.81,21.83,61.51,11,average,Tofu Power Bowl,Full Body Strength Basics,intermediate,83.73,Goblet Squat|Incline Push-Up|Dumbbell Row|Hip Bridge|Dead Bug,"Balanced tofu bowl with quinoa, greens, and seeds.",Use progressive overload and mix strength with conditioning.
25.5,372.26,veg,none,,muscle,80,intermediate,low,113.11,2715.52,8,8612.6,22.35,73.28,10,average,Tofu Power Bowl,Volume Hypertrophy Session,intermediate,114.29,Leg Press|Incline Dumbbell Press|Chest-Supported Row|Seated Leg Curl|Cable Lateral Raise,"Balanced tofu bowl with quinoa, greens, and seeds.",Use progressive overload and mix strength with conditioning.
41.15,702.79,veg,none,,muscle,48,advanced,low,98.19,3042.5,7,6355.6,26.63,83.02,7,average,Tofu Power Bowl,Push Pull Legs Intense,beginner,99.22,Barbell Back Squat|Bench Press|Bent-Over Row|Overhead Press|Conventional Deadlift,"Balanced tofu bowl with quinoa, greens, and seeds.","Focus on form, 3 sessions/week, and progressive consistency."
24.6,492.71,veg,none,,muscle,74,intermediate,moderate,83.24,2092.11,14,6283.6,33.06,58.39,10,average,Tofu Power Bowl,Upper Lower Strength Split,intermediate,82.15,Barbell Bench Press|Romanian Deadlift|Lat Pulldown|Walking Lunges|Dumbbell Shoulder Press,"Balanced tofu bowl with quinoa, greens, and seeds.",Use progressive overload and mix strength with conditioning.
50.69,539.52,non_veg,shellfish_allergy,,muscle,57,intermediate,low,114.96,2851.68,15,16235.27,28.82,55.54,2,good,High-Protein Grilled Chicken,Upper Lower Strength Split,beginner,116.2,Barbell Bench Press|Romanian Deadlift|Lat Pulldown|Walking Lunges|Dumbbell Shoulder Press,High-protein grilled chicken with vegetables.,"Focus on form, 3 sessions/week, and progressive consistency."
17.22,612.4,non_veg,none,,muscle,44,beginner,low,116.88,3130.54,10,14744.69,23.52,61.73,0,good,Chicken Quinoa Plate,Full Body Strength Basics,beginner,118.42,Goblet Squat|Incline Push-Up|Dumbbell Row|Hip Bridge|Dead Bug,Lean chicken with quinoa and mixed vegetables.,"Focus on form, 3 sessions/week, and progressive consistency."
27.86,754.69,veg,soy_allergy,,fat_loss,30,beginner,low,102.65,2896.28,5,8634.08,27.33,86.01,1,poor,Lentil Greens Salad,HIIT Starter Circuit,beginner,103.49,High Knees|Bodyweight Squats|Burpees|Plank Shoulder Taps|Alternating Reverse Lunges,High-fiber lentils with leafy greens and lemon dressing.,"Focus on form, 3 sessions/week, and progressive consistency."
15.01,761.53,non_veg,none,,muscle,24,intermediate,low,56.8,2838.99,10,12705.94,19.92,85.2,9,average,Chicken Quinoa Plate,Express Bodyweight Burner,beginner,58.49,Jumping Jacks|Push-Ups|Air Squats|Mountain Climbers|Plank Hold,Lean chicken with quinoa and mixed vegetables.,"Focus on form, 3 sessions/week, and progressive consistency."
27.04,501.97,veg,egg_allergy,,fat_loss,68,intermediate,moderate,104.27,1388.84,3,9899.88,25.03,92.22,6,good,Chickpea Spinach Stir Fry,Metabolic Conditioning,intermediate,103.82,Kettlebell Swings|Thrusters|Rowing Intervals|Box Step-Ups|Battle Ropes,Plant-protein chickpeas with sauteed spinach.,Use progressive overload and mix strength with conditioning.
22.1,333.36,veg,egg_allergy|soy_allergy,,fat_loss,68,beginner,moderate,89.17,2056.96,3,6881.18,31.76,77.11,6,average,Low-Cal Veg Soup,HIIT Starter Circuit,beginner,89.74,High Knees|Bodyweight Squats|Burpees|Plank Shoulder Taps|Alternating Reverse Lunges,Low-calorie vegetable soup for fat-loss support.,"Focus on form, 3 sessions/week, and progressive consistency."
43.68,871.23,veg,none,,maintenance,73,beginner,moderate,79.47,2528.82,7,14101.4,23.83,80.94,4,average,Veggie Brown Rice Plate,Mobility and Core Flow,beginner,78.84,Cat-Cow Stretch|World's Greatest Stretch|Side Plank|Bird Dog|Glute Bridge March,Brown rice with mixed vegetables and legumes.,"Focus on form, 3 sessions/week, and progressive consistency."
13.64,263.48,veg,soy_allergy,,muscle,64,beginner,low,100.77,2425.03,12,14072.4,19.61,78.02,10,good,Tofu Power Bowl,Full Body Strength Basics,intermediate,100.83,Goblet Squat|Incline Push-Up|Dumbbell Row|Hip Bridge|Dead Bug,"Balanced tofu bowl with quinoa, greens, and seeds.",Use progressive overload and mix strength with conditioning.
18.32,516.56,non_veg,nut_allergy|shellfish_allergy,,fat_loss,71,advanced,high,109.88,1958.6,19,12020.22,34.34,56.42,3,good,Lean Chicken Veg Plate,Sprint Interval Circuit,intermediate,106.71,Treadmill Sprint|Walking Recovery|Jump Squats|Push-Up to T Rotation|Plank Knee Drive,Shellfish-free lean chicken and vegetable plate.,Use progressive overload and mix strength with conditioning.
52.46,305.63,veg,none,,fat_loss,87,advanced,moderate,55.95,1514.74,9,16692.53,33.19,55.61,8,average,Low-Cal Veg Soup,Athlete HIIT Blast,intermediate,54.36,Sprint Intervals|Box Jumps|Burpee Broad Jumps|Medicine Ball Slams|Skater Hops,Low-calorie vegetable soup for fat-loss support.,Use progressive overload and mix strength with conditioning.
46.02,536.19,veg,none,,maintenance,64,beginner,high,48.32,2323.88,20,9839.64,27.54,67.94,4,average,Veggie Brown Rice Plate,Mobility and Core Flow,intermediate,45.72,Cat-Cow Stretch|World's Greatest Stretch|Side Plank|Bird Dog|Glute Bridge March,Brown rice with mixed vegetables and legumes.,Use progressive overload and mix strength with conditioning.
21.36,779.62,non_veg,lactose_intolerance|soy_allergy,,muscle,86,beginner,high,103.58,2685.28,19,11653.52,35.06,58.19,10,good,Dairy-Free Protein Bowl,Volume Hypertrophy Session,advanced,102.2,Leg Press|Incline Dumbbell Press|Chest-Supported Row|Seated Leg Curl|Cable Lateral Raise,Lactose-safe protein meal without milk products.,"Periodize training, recover well, and target performance blocks."
19.95,897.53,veg,nut_allergy,,fat_loss,77,advanced,moderate,57.4,3077.04,10,9549.31,23.38,87.09,1,poor,Moong Sprout Salad,Athlete HIIT Blast,beginner,58.3,Sprint Intervals|Box Jumps|Burpee Broad Jumps|Medicine Ball Slams|Skater Hops,Nut-free sprouts salad with herbs and lime.,"Focus on form, 3 sessions/week, and progressive consistency."
13.98,790.75,non_veg,none,,muscle,84,intermediate,low,75.62,2190.46,13,5896.25,26.21,80.61,6,good,Chicken Quinoa Plate,Volume Hypertrophy Session,beginner,77.5,Leg Press|Incline Dumbbell Press|Chest-Supported Row|Seated Leg Curl|Cable Lateral Raise,Lean chicken with quinoa and mixed vegetables.,"Focus on form, 3 sessions/week, and progressive consistency."
33.18,378.86,non_veg,none,,fat_loss,88,beginner,low,65.78,1693.54,24,12344.95,22.09,77.31,10,good,Grilled Fish Salad,HIIT Starter Circuit,intermediate,64.77,High Knees|Bodyweight Squats|Burpees|Plank Shoulder Taps|Alternating Reverse Lunges,Omega-rich fish with fresh vegetables and olive oil.,Use progressive overload and mix strength with conditioning.
23.0,837.39,non_veg,none,,muscle,30,intermediate,low,105.25,1766.38,3,6246.25,24.26,72.86,1,average,Chicken Quinoa Plate,Upper Lower Strength Split,beginner,105.4,Barbell Bench Press|Romanian Deadlift|Lat Pulldown|Walking Lunges|Dumbbell Shoulder Press,Lean chicken with quinoa and mixed vegetables.,"Focus on form, 3 sessions/week, and progressive consistency."
37.52,729.59,veg,none,,muscle,25,beginner,high,77.56,2979.89,5,16027.21,26.73,60.86,6,good,Tofu Power Bowl,Express Bodyweight Burner,advanced,77.72,Jumping Jacks|Push-Ups|Air Squats|Mountain Climbers|Plank Hold,"Balanced tofu bowl with quinoa, greens, and seeds.","Periodize training, recover well, and target performance blocks."
47.09,418.87,non_veg,none,,muscle,90,beginner,low,60.02,1643.6,23,7997.27,26.98,66.75,10,good,High-Protein Grilled Chicken,Volume Hypertrophy Session,intermediate,60.51,Leg Press|Incline Dumbbell Press|Chest-Supported Row|Seated Leg Curl|Cable Lateral Raise,High-protein grilled chicken with vegetables.,Use progressive overload and mix strength with conditioning.
14.84,442.14,non_veg,shellfish_allergy,,maintenance,89,beginner,high,65.02,2617.9,23,16335.96,28.68,65.22,7,average,Lean Chicken Veg Plate,Mobility and Core Flow,intermediate,62.45,Cat-Cow Stretch|World's Greatest Stretch|Side Plank|Bird Dog|Glute Bridge March,Shellfish-free lean chicken and vegetable plate.,Use progressive overload and mix strength with conditioning.
25.51,757.03,veg,gluten_intolerance|soy_allergy,,maintenance,52,beginner,moderate,103.41,1975.07,15,5660.0,19.8,78.25,4,good,Quinoa Vegetable Plate,Mobility and Core Flow,intermediate,103.7,Cat-Cow Stretch|World's Greatest Stretch|Side Plank|Bird Dog|Glute Bridge March,Gluten-aware quinoa plate with seasonal vegetables.,Use progressive overload and mix strength with conditioning.
43.58,363.66,veg,nut_allergy,,maintenance,69,beginner,moderate,87.5,1558.1,21,3234.6,21.65,76.78,4,poor,Veggie Brown Rice Plate,Mobility and Core Flow,beginner,86.34,Cat-Cow Stretch|World's Greatest Stretch|Side Plank|Bird Dog|Glute Bridge March,Brown rice with mixed vegetables and legumes.,"Focus on form, 3 sessions/week, and progressive consistency."
38.31,418.37,non_veg,lactose_intolerance,,muscle,28,intermediate,high,57.48,2402.09,8,15834.15,20.2,48.31,10,average,Dairy-Free Protein Bowl,Upper Lower Strength Split,advanced,56.55,Barbell Bench Press|Romanian Deadlift|Lat Pulldown|Walking Lunges|Dumbbell Shoulder Press,Lactose-safe protein meal without milk products.,"Periodize training, recover well, and target performance blocks."
53.73,717.98,veg,egg_allergy|lactose_intolerance,,muscle,28,advanced,low,71.17,1698.49,15,11243.88,23.96,80.62,6,average,High-Protein Chickpea Stir Fry,Push Pull Legs Intense,beginner,71.2,Barbell Back Squat|Bench Press|Bent-Over Row|Overhead Press|Conventional Deadlift,High-protein chickpea meal for muscle gain.,"Focus on form, 3 sessions/week, and progressive consistency."
52.39,842.4,non_veg,shellfish_allergy|soy_allergy,,fat_loss,49,beginner,low,62.79,2659.62,19,7738.93,18.41,87.33,3,good,Lean Chicken Veg Plate,HIIT Starter Circuit,beginner,64.67,High Knees|Bodyweight Squats|Burpees|Plank Shoulder Taps|Alternating Reverse Lunges,Shellfish-free lean chicken and vegetable plate.,"Focus on form, 3 sessions/week, and progressive consistency."
18.35,672.98,veg,none,,fat_loss,85,intermediate,low,99.65,1603.79,10,15187.69,34.25,65.14,11,average,Lentil Greens Salad,Metabolic Conditioning,beginner,98.73,Kettlebell Swings|Thrusters|Rowing Intervals|Box Step-Ups|Battle Ropes,High-fiber lentils with leafy greens and lemon dressing.,"Focus on form, 3 sessions/week, and progressive consistency."
31.72,829.35,non_veg,none,,fat_loss,42,beginner,low,60.08,1896.2,3,12779.37,30.67,52.27,3,poor,Grilled Fish Salad,HIIT Starter Circuit,beginner,60.39,High Knees|Bodyweight Squats|Burpees|Plank Shoulder Taps|Alternating Reverse Lunges,Omega-rich fish with fresh vegetables and olive oil.,"Focus on form, 3 sessions/week, and progressive consistency."
16.88,625.68,non_veg,lactose_intolerance|nut_allergy,,maintenance,53,beginner,high,104.47,2975.7,15,8983.74,26.09,90.76,4,average,Turkey Rice Bowl,Mobility and Core Flow,intermediate,104.85,Cat-Cow Stretch|World's Greatest Stretch|Side Plank|Bird Dog|Glute Bridge March,Lean turkey with rice and roasted vegetables.,Use progressive overload and mix strength with conditioning.
51.34,304.2,non_veg,none,,muscle,85,beginner,low,116.17,1396.41,13,8380.59,32.71,68.88,2,average,High-Protein Grilled Chicken,Volume Hypertrophy Session,beginner,115.94,Leg Press|Incline Dumbbell Press|Chest-Supported Row|Seated Leg Curl|Cable Lateral Raise,High-protein grilled chicken with vegetables.,"Focus on form, 3 sessions/week, and progressive consistency."
26.04,338.24,veg,shellfish_allergy,,fat_loss,75,beginner,low,90.85,1528.18,3,6231.85,18.16,75.74,10,good,Low-Cal Veg Soup,HIIT Starter Circuit,intermediate,89.8,High Knees|Bodyweight Squats|Burpees|Plank Shoulder Taps|Alternating Reverse Lunges,Low-calorie vegetable soup for fat-loss support.,Use progressive overload and mix strength with conditioning.
50.98,340.99,non_veg,none,,fat_loss,20,beginner,high,106.22,1851.9,21,10630.97,30.21,67.79,6,average,Turkey Lettuce Wrap,Express Bodyweight Burner,intermediate,102.64,Jumping Jacks|Push-Ups|Air Squats|Mountain Climbers|Plank Hold,Low-calorie turkey wraps with crunchy lettuce.,Use progressive overload and mix strength with conditioning.
45.92,895.88,veg,none,,muscle,38,intermediate,high,54.6,2329.4,15,10896.97,28.29,84.84,5,poor,High-Protein Chickpea Stir Fry,Upper Lower Strength Split,beginner,53.21,Barbell Bench Press|Romanian Deadlift|Lat Pulldown|Walking Lunges|Dumbbell Shoulder Press,High-protein chickpea meal for muscle gain.,"Focus on form, 3 sessions/week, and progressive consistency."
23.81,504.34,non_veg,none,,muscle,73,beginner,low,109.53,2161.3,11,9037.99,21.85,93.58,7,poor,Chicken Quinoa Plate,Full Body Strength Basics,beginner,110.73,Goblet Squat|Incline Push-Up|Dumbbell Row|Hip Bridge|Dead Bug,Lean chicken with quinoa and mixed vegetables.,"Focus on form, 3 sessions/week, and progressive consistency."
49.3,274.61,non_veg,egg_allergy|shellfish_allergy,,maintenance,46,intermediate,high,90.4,2636.76,14,7101.88,29.17,83.97,7,poor,Lean Chicken Veg Plate,Strength and Cardio Mix,intermediate,90.7,Dumbbell Squat to Press|Assault Bike|Seated Cable Row|Step-Ups|Russian Twists,Shellfish-free lean chicken and vegetable plate.,Use progressive overload and mix strength with conditioning.
19.3,627.39,veg,none,,fat_loss,68,intermediate,high,102.94,1587.36,17,2895.01,21.57,49.06,2,good,Lentil Greens Salad,Sprint Interval Circuit,advanced,101.49,Treadmill Sprint|Walking Recovery|Jump Squats|Push-Up to T Rotation|Plank Knee Drive,High-fiber lentils with leafy greens and lemon dressing.,"Periodize training, recover well, and target performance blocks."
33.46,403.21,veg,lactose_intolerance,,muscle,24,advanced,moderate,68.52,1327.6,23,5274.67,26.98,54.67,0,poor,Dairy-Free Protein Bowl,Express Bodyweight Burner,beginner,65.37,Jumping Jacks|Push-Ups|Air Squats|Mountain Climbers|Plank Hold,Lactose-safe protein meal without milk products.,"Focus on form, 3 sessions/week, and progressive consistency."
30.58,522.99,veg,none,,muscle,34,beginner,moderate,51.37,2693.84,17,7981.53,26.09,54.07,6,average,Tofu Power Bowl,Full Body Strength Basics,intermediate,51.82,Goblet Squat|Incline Push-Up|Dumbbell Row|Hip Bridge|Dead Bug,"Balanced tofu bowl with quinoa, greens, and seeds.",Use progressive overload and mix strength with conditioning.
29.57,392.95,non_veg,none,,muscle,28,intermediate,moderate,108.99,2768.62,17,2734.84,30.38,49.1,1,good,Chicken Quinoa Plate,Upper Lower Strength Split,beginner,111.75,Barbell Bench Press|Romanian Deadlift|Lat Pulldown|Walking Lunges|Dumbbell Shoulder Press,Lean chicken with quinoa and mixed vegetables.,"Focus on form, 3 sessions/week, and progressive consistency."
41.24,637.13,veg,lactose_intolerance|nut_allergy,,fat_loss,55,beginner,moderate,71.87,2150.75,10,13773.28,32.23,67.69,12,poor,Moong Sprout Salad,HIIT Starter Circuit,intermediate,71.01,High Knees|Bodyweight Squats|Burpees|Plank Shoulder Taps|Alternating Reverse Lunges,Nut-free sprouts salad with herbs and lime.,Use progressive overload and mix strength with conditioning.
19.72,784.01,veg,none,,muscle,86,beginner,high,106.34,1448.57,22,9237.94,31.64,56.28,5,good,Tofu Power Bowl,Volume Hypertrophy Session,intermediate,101.37,Leg Press|Incline Dumbbell Press|Chest-Supported Row|Seated Leg Curl|Cable Lateral Raise,"Balanced tofu bowl with quinoa, greens, and seeds.",Use progressive overload and mix strength with conditioning.
38.39,868.94,non_veg,egg_allergy,,muscle,48,advanced,low,49.43,2203.83,21,8846.8,31.01,55.24,5,average,Chicken Quinoa Plate,Push Pull Legs Intense,beginner,50.74,Barbell Back Squat|Bench Press|Bent-Over Row|Overhead Press|Conventional Deadlift,Lean chicken with quinoa and mixed vegetables.,"Focus on form, 3 sessions/week, and progressive consistency."
17.51,758.17,veg,none,,maintenance,38,beginner,moderate,115.86,1982.55,17,15432.53,30.39,79.51,6,good,Veggie Brown Rice Plate,Mobility and Core Flow,intermediate,114.26,Cat-Cow Stretch|World's Greatest Stretch|Side Plank|Bird Dog|Glute Bridge March,Brown rice with mixed vegetables and legumes.,Use progressive overload and mix strength with conditioning.
48.91,694.18,non_veg,shellfish_allergy,,muscle,26,intermediate,high,55.66,1958.28,19,16584.88,30.48,75.4,10,average,High-Protein Grilled Chicken,Upper Lower Strength Split,intermediate,51.68,Barbell Bench Press|Romanian Deadlift|Lat Pulldown|Walking Lunges|Dumbbell Shoulder Press,High-protein grilled chicken with vegetables.,Use progressive overload and mix strength with conditioning.
19.41,389.23,non_veg,egg_allergy,,muscle,47,advanced,moderate,97.36,2834.67,11,16606.43,20.4,82.02,7,average,Chicken Quinoa Plate,Push Pull Legs Intense,intermediate,97.5,Barbell Back Squat|Bench Press|Bent-Over Row|Overhead Press|Conventional Deadlift,Lean chicken with quinoa and mixed vegetables.,Use progressive overload and mix strength with conditioning.
50.12,360.63,veg,none,,muscle,59,intermediate,low,53.09,1589.09,15,16273.34,24.39,88.31,7,average,High-Protein Chickpea Stir Fry,Upper Lower Strength Split,beginner,52.45,Barbell Bench Press|Romanian Deadlift|Lat Pulldown|Walking Lunges|Dumbbell Shoulder Press,High-protein chickpea meal for muscle gain.,"Focus on form, 3 sessions/week, and progressive consistency."
46.25,838.77,non_veg,egg_allergy|nut_allergy,,maintenance,48,intermediate,high,77.16,1326.5,21,6099.73,25.56,58.28,4,poor,Turkey Rice Bowl,Strength and Cardio Mix,intermediate,73.6,Dumbbell Squat to Press|Assault Bike|Seated Cable Row|Step-Ups|Russian Twists,Lean turkey with rice and roasted vegetables.,Use progressive overload and mix strength with conditioning.
18.91,892.71,non_veg,none,,fat_loss,47,beginner,moderate,93.74,1904.69,5,9595.67,19.03,54.99,1,average,Grilled Fish Salad,HIIT Starter Circuit,beginner,93.65,High Knees|Bodyweight Squats|Burpees|Plank Shoulder Taps|Alternating Reverse Lunges,Omega-rich fish with fresh vegetables and olive oil.,"Focus on form, 3 sessions/week, and progressive consistency."
52.84,315.45,non_veg,nut_allergy,,muscle,84,beginner,high,70.94,2370.52,11,8768.32,32.12,59.29,4,good,High-Protein Grilled Chicken,Volume Hypertrophy Session,intermediate,69.48,Leg Press|Incline Dumbbell Press|Chest-Supported Row|Seated Leg Curl|Cable Lateral Raise,High-protein grilled chicken with vegetables.,Use progressive overload and mix strength with conditioning.
32.54,737.51,veg,none,,fat_loss,24,advanced,high,80.94,2179.27,7,4976.6,23.29,61.71,6,good,Lentil Greens Salad,Express Bodyweight Burner,advanced,80.43,Jumping Jacks|Push-Ups|Air Squats|Mountain Climbers|Plank Hold,High-fiber lentils with leafy greens and lemon dressing.,"Periodize training, recover well, and target performance blocks."
52.77,846.26,veg,none,,fat_loss,37,advanced,moderate,104.49,1963.42,5,12071.66,28.88,73.1,7,poor,Lentil Greens Salad,Athlete HIIT Blast,beginner,104.18,Sprint Intervals|Box Jumps|Burpee Broad Jumps|Medicine Ball Slams|Skater Hops,High-fiber lentils with leafy greens and lemon dressing.,"Focus on form, 3 sessions/week, and progressive consistency."
18.68,786.28,non_veg,none,,muscle,76,intermediate,high,54.64,2131.05,21,10004.9,29.35,71.03,11,average,Chicken Quinoa Plate,Volume Hypertrophy Session,advanced,51.78,Leg Press|Incline Dumbbell Press|Chest-Supported Row|Seated Leg Curl|Cable Lateral Raise,Lean chicken with quinoa and mixed vegetables.,"Periodize training, recover well, and target performance blocks."
39.79,647.89,veg,none,,fat_loss,73,intermediate,high,48.54,1823.5,24,14405.27,32.02,84.57,4,average,Lentil Greens Salad,Sprint Interval Circuit,beginner,44.87,Treadmill Sprint|Walking Recovery|Jump Squats|Push-Up to T Rotation|Plank Knee Drive,High-fiber lentils with leafy greens and lemon dressing.,"Focus on form, 3 sessions/week, and progressive consistency."
33.28,615.93,non_veg,egg_allergy|nut_allergy,,maintenance,83,intermediate,low,106.69,1614.56,17,12567.24,17.52,80.16,9,average,Turkey Rice Bowl,Strength and Cardio Mix,beginner,105.51,Dumbbell Squat to Press|Assault Bike|Seated Cable Row|Step-Ups|Russian Twists,Lean turkey with rice and roasted vegetables.,"Focus on form, 3 sessions/week, and progressive consistency."
33.7,646.06,non_veg,lactose_intolerance,,maintenance,62,beginner,high,114.35,3120.83,15,5048.0,25.19,57.21,10,average,Turkey Rice Bowl,Mobility and Core Flow,advanced,114.75,Cat-Cow Stretch|World's Greatest Stretch|Side Plank|Bird Dog|Glute Bridge March,Lean turkey with rice and roasted vegetables.,"Periodize training, recover well, and target performance blocks."
49.93,648.29,non_veg,gluten_intolerance,,maintenance,74,advanced,high,71.67,1737.43,4,16996.36,34.4,83.2,4,poor,Chicken Quinoa Plate,Hybrid Endurance Strength,beginner,70.85,Front Squat|Pull-Ups|Farmer Carry|Stationary Bike Intervals|Hanging Knee Raises,Lean chicken with quinoa and mixed vegetables.,"Focus on form, 3 sessions/week, and progressive consistency."
26.54,865.49,non_veg,none,,maintenance,41,intermediate,low,102.77,2422.85,19,12196.12,19.56,56.62,1,poor,Turkey Rice Bowl,Strength and Cardio Mix,beginner,103.64,Dumbbell Squat to Press|Assault Bike|Seated Cable Row|Step-Ups|Russian Twists,Lean turkey with rice and roasted vegetables.,"Focus on form, 3 sessions/week, and progressive consistency."
51.56,373.15,non_veg,none,,muscle,88,advanced,low,100.48,2832.42,13,9929.27,23.38,62.98,5,average,High-Protein Grilled Chicken,Volume Hypertrophy Session,beginner,102.48,Leg Press|Incline Dumbbell Press|Chest-Supported Row|Seated Leg Curl|Cable Lateral Raise,High-protein grilled chicken with vegetables.,"Focus on form, 3 sessions/week, and progressive consistency."
37.37,477.59,non_veg,nut_allergy|soy_allergy,,maintenance,57,beginner,moderate,52.49,2491.95,8,9279.26,32.51,70.72,1,good,Turkey Rice Bowl,Mobility and Core Flow,beginner,53.37,Cat-Cow Stretch|World's Greatest Stretch|Side Plank|Bird Dog|Glute Bridge March,Lean turkey with rice and roasted vegetables.,"Focus on form, 3 sessions/week, and progressive consistency."
17.26,616.84,veg,none,,maintenance,81,intermediate,low,55.49,1905.15,5,4175.03,33.45,79.98,7,average,Veggie Brown Rice Plate,Strength and Cardio Mix,beginner,55.61,Dumbbell Squat to Press|Assault Bike|Seated Cable Row|Step-Ups|Russian Twists,Brown rice with mixed vegetables and legumes.,"Focus on form, 3 sessions/week, and progressive consistency."
48.32,706.15,veg,none,,fat_loss,31,beginner,low,110.99,2152.12,8,11625.39,34.49,86.16,12,average,Lentil Greens Salad,HIIT Starter Circuit,beginner,111.67,High Knees|Bodyweight Squats|Burpees|Plank Shoulder Taps|Alternating Reverse Lunges,High-fiber lentils with leafy greens and lemon dressing.,"Focus on form, 3 sessions/week, and progressive consistency."
32.43,481.19,veg,none,,fat_loss,73,advanced,low,77.19,1761.79,21,10213.37,23.46,77.15,1,good,Lentil Greens Salad,Athlete HIIT Blast,beginner,77.31,Sprint Intervals|Box Jumps|Burpee Broad Jumps|Medicine Ball Slams|Skater Hops,High-fiber lentils with leafy greens and lemon dressing.,"Focus on form, 3 sessions/week, and progressive consistency."
44.93,596.9,non_veg,lactose_intolerance|shellfish_allergy,,muscle,20,intermediate,moderate,102.55,2781.11,5,7151.76,34.66,63.3,2,average,High-Protein Grilled Chicken,Express Bodyweight Burner,beginner,102.34,Jumping Jacks|Push-Ups|Air Squats|Mountain Climbers|Plank Hold,High-protein grilled chicken with vegetables.,"Focus on form, 3 sessions/week, and progressive consistency."
20.96,888.64,veg,lactose_intolerance|shellfish_allergy,,fat_loss,76,beginner,moderate,55.19,3165.42,8,9304.12,25.62,63.99,2,average,Lentil Greens Salad,HIIT Starter Circuit,beginner,55.84,High Knees|Bodyweight Squats|Burpees|Plank Shoulder Taps|Alternating Reverse Lunges,High-fiber lentils with leafy greens and lemon dressing.,"Focus on form, 3 sessions/week, and progressive consistency."
44.51,663.01,non_veg,none,,maintenance,31,intermediate,moderate,88.69,3125.23,24,9671.37,34.4,55.57,3,good,Turkey Rice Bowl,Strength and Cardio Mix,beginner,90.34,Dumbbell Squat to Press|Assault Bike|Seated Cable Row|Step-Ups|Russian Twists,Lean turkey with rice and roasted vegetables.,"Focus on form, 3 sessions/week, and progressive consistency."
53.08,362.42,non_veg,egg_allergy|nut_allergy,,maintenance,46,beginner,low,63.72,2165.93,21,7495.93,25.4,50.19,9,average,Turkey Rice Bowl,Mobility and Core Flow,intermediate,65.61,Cat-Cow Stretch|World's Greatest Stretch|Side Plank|Bird Dog|Glute Bridge March,Lean turkey with rice and roasted vegetables.,Use progressive overload and mix strength with conditioning.
35.98,800.05,non_veg,none,,maintenance,22,advanced,low,84.84,2320.58,20,8368.68,17.08,91.94,4,average,Turkey Rice Bowl,Express Bodyweight Burner,beginner,86.55,Jumping Jacks|Push-Ups|Air Squats|Mountain Climbers|Plank Hold,Lean turkey with rice and roasted vegetables.,"Focus on form, 3 sessions/week, and progressive consistency."
16.54,645.32,veg,nut_allergy,,fat_loss,35,intermediate,low,88.1,3063.55,10,3097.4,24.45,87.04,6,poor,Moong Sprout Salad,Metabolic Conditioning,beginner,90.31,Kettlebell Swings|Thrusters|Rowing Intervals|Box Step-Ups|Battle Ropes,Nut-free sprouts salad with herbs and lime.,"Focus on form, 3 sessions/week, and progressive consistency."
41.79,484.5,non_veg,none,,muscle,85,beginner,moderate,111.82,2043.74,15,15791.53,30.62,78.1,6,average,Chicken Quinoa Plate,Volume Hypertrophy Session,beginner,110.66,Leg Press|Incline Dumbbell Press|Chest-Supported Row|Seated Leg Curl|Cable Lateral Raise,Lean chicken with quinoa and mixed vegetables.,"Focus on form, 3 sessions/week, and progressive consistency."
28.85,615.48,veg,nut_allergy,,maintenance,39,beginner,moderate,75.09,2431.31,4,8973.34,26.45,65.6,11,average,Veggie Brown Rice Plate,Mobility and Core Flow,intermediate,75.32,Cat-Cow Stretch|World's Greatest Stretch|Side Plank|Bird Dog|Glute Bridge March,Brown rice with mixed vegetables and legumes.,Use progressive overload and mix strength with conditioning.
50.16,412.47,veg,none,,fat_loss,84,advanced,low,106.68,2985.13,21,3747.52,30.05,75.28,6,average,Lentil Greens Salad,Athlete HIIT Blast,beginner,110.72,Sprint Intervals|Box Jumps|Burpee Broad Jumps|Medicine Ball Slams|Skater Hops,High-fiber lentils with leafy greens and lemon dressing.,"Focus on form, 3 sessions/week, and progressive consistency."
50.36,755.61,non_veg,nut_allergy|soy_allergy,,muscle,61,beginner,low,91.32,1720.61,3,15358.58,28.49,49.06,10,average,High-Protein Grilled Chicken,Full Body Strength Basics,intermediate,91.65,Goblet Squat|Incline Push-Up|Dumbbell Row|Hip Bridge|Dead Bug,High-protein grilled chicken with vegetables.,Use progressive overload and mix strength with conditioning.
37.9,707.68,veg,none,,maintenance,32,beginner,moderate,75.12,3190.17,12,16172.28,24.49,86.51,3,average,Veggie Brown Rice Plate,Mobility and Core Flow,beginner,74.98,Cat-Cow Stretch|World's Greatest Stretch|Side Plank|Bird Dog|Glute Bridge March,Brown rice with mixed vegetables and legumes.,"Focus on form, 3 sessions/week, and progressive consistency."
14.38,262.82,veg,lactose_intolerance,,fat_loss,87,beginner,low,64.42,1980.36,3,11660.23,17.51,59.2,3,poor,Low-Cal Veg Soup,HIIT Starter Circuit,beginner,64.7,High Knees|Bodyweight Squats|Burpees|Plank Shoulder Taps|Alternating Reverse Lunges,Low-calorie vegetable soup for fat-loss support.,"Focus on form, 3 sessions/week, and progressive consistency."
43.65,702.92,non_veg,none,,fat_loss,37,advanced,high,54.01,2445.53,8,7708.61,28.8,53.17,11,good,Grilled Fish Salad,Sprint Interval Circuit,advanced,53.76,Treadmill Sprint|Walking Recovery|Jump Squats|Push-Up to T Rotation|Plank Knee Drive,Omega-rich fish with fresh vegetables and olive oil.,"Periodize training, recover well, and target performance blocks."
47.24,379.9,veg,egg_allergy|lactose_intolerance,,maintenance,27,intermediate,low,91.96,3197.81,14,13841.46,20.49,63.59,4,poor,Chickpea Spinach Stir Fry,Strength and Cardio Mix,beginner,94.74,Dumbbell Squat to Press|Assault Bike|Seated Cable Row|Step-Ups|Russian Twists,Plant-protein chickpeas with sauteed spinach.,"Focus on form, 3 sessions/week, and progressive consistency."
22.76,267.83,veg,none,,muscle,41,beginner,moderate,49.02,2422.11,15,7851.22,30.16,57.63,2,poor,Tofu Power Bowl,Full Body Strength Basics,beginner,48.99,Goblet Squat|Incline Push-Up|Dumbbell Row|Hip Bridge|Dead Bug,"Balanced tofu bowl with quinoa, greens, and seeds.","Focus on form, 3 sessions/week, and progressive consistency."
40.36,339.5,veg,none,,muscle,74,advanced,moderate,79.89,3163.47,16,5552.32,22.61,51.25,9,poor,Tofu Power Bowl,Push Pull Legs Intense,intermediate,82.16,Barbell Back Squat|Bench Press|Bent-Over Row|Overhead Press|Conventional Deadlift,"Balanced tofu bowl with quinoa, greens, and seeds.",Use progressive overload and mix strength with conditioning.
45.27,363.72,veg,gluten_intolerance|nut_allergy,,muscle,85,advanced,moderate,60.65,2207.28,6,7665.59,25.28,53.04,10,good,High-Protein Chickpea Stir Fry,Volume Hypertrophy Session,advanced,60.48,Leg Press|Incline Dumbbell Press|Chest-Supported Row|Seated Leg Curl|Cable Lateral Raise,High-protein chickpea meal for muscle gain.,"Periodize training, recover well, and target performance blocks."
53.4,779.37,veg,lactose_intolerance|nut_allergy,,muscle,85,beginner,low,99.22,2773.2,5,12414.95,27.74,57.08,5,poor,High-Protein Chickpea Stir Fry,Volume Hypertrophy Session,beginner,98.97,Leg Press|Incline Dumbbell Press|Chest-Supported Row|Seated Leg Curl|Cable Lateral Raise,High-protein chickpea meal for muscle gain.,"Focus on form, 3 sessions/week, and progressive consistency."
17.45,666.5,non_veg,none,,fat_loss,68,advanced,low,99.99,2700.56,9,12336.83,25.98,59.44,0,average,Grilled Fish Salad,Athlete HIIT Blast,beginner,100.14,Sprint Intervals|Box Jumps|Burpee Broad Jumps|Medicine Ball Slams|Skater Hops,Omega-rich fish with fresh vegetables and olive oil.,"Focus on form, 3 sessions/week, and progressive consistency."
43.07,346.88,non_veg,none,,fat_loss,60,beginner,low,69.11,1695.63,16,12321.68,26.46,92.77,10,poor,Turkey Lettuce Wrap,HIIT Starter Circuit,beginner,68.61,High Knees|Bodyweight Squats|Burpees|Plank Shoulder Taps|Alternating Reverse Lunges,Low-calorie turkey wraps with crunchy lettuce.,"Focus on form, 3 sessions/week, and progressive consistency."
18.77,898.78,non_veg,nut_allergy,,maintenance,37,intermediate,moderate,110.73,2691.64,18,4912.49,22.88,63.51,3,poor,Turkey Rice Bowl,Strength and Cardio Mix,beginner,111.53,Dumbbell Squat to Press|Assault Bike|Seated Cable Row|Step-Ups|Russian Twists,Lean turkey with rice and roasted vegetables.,"Focus on form, 3 sessions/week, and progressive consistency."
50.27,800.23,veg,egg_allergy|nut_allergy,,muscle,79,advanced,high,116.61,2852.39,5,9601.27,35.38,54.74,3,average,High-Protein Chickpea Stir Fry,Volume Hypertrophy Session,intermediate,116.99,Leg Press|Incline Dumbbell Press|Chest-Supported Row|Seated Leg Curl|Cable Lateral Raise,High-protein chickpea meal for muscle gain.,Use progressive overload and mix strength with conditioning.
53.24,504.86,non_veg,gluten_intolerance,,maintenance,58,intermediate,low,102.05,2106.55,12,8036.84,28.08,55.63,2,good,Chicken Quinoa Plate,Strength and Cardio Mix,beginner,102.34,Dumbbell Squat to Press|Assault Bike|Seated Cable Row|Step-Ups|Russian Twists,Lean chicken with quinoa and mixed vegetables.,"Focus on form, 3 sessions/week, and progressive consistency."
24.74,448.55,veg,none,,fat_loss,46,intermediate,high,53.32,2719.48,4,14591.21,29.1,58.32,11,average,Lentil Greens Salad,Sprint Interval Circuit,advanced,52.92,Treadmill Sprint|Walking Recovery|Jump Squats|Push-Up to T Rotation|Plank Knee Drive,High-fiber lentils with leafy greens and lemon dressing.,"Periodize training, recover well, and target performance blocks."
50.98,386.19,veg,nut_allergy,,maintenance,65,beginner,high,91.51,2624.45,3,3289.14,25.4,79.79,10,average,Veggie Brown Rice Plate,Mobility and Core Flow,advanced,91.69,Cat-Cow Stretch|World's Greatest Stretch|Side Plank|Bird Dog|Glute Bridge March,Brown rice with mixed vegetables and legumes.,"Periodize training, recover well, and target performance blocks."
43.32,492.87,veg,none,,fat_loss,63,beginner,low,111.19,2591.21,15,16250.71,19.07,89.27,12,poor,Lentil Greens Salad,HIIT Starter Circuit,beginner,112.15,High Knees|Bodyweight Squats|Burpees|Plank Shoulder Taps|Alternating Reverse Lunges,High-fiber lentils with leafy greens and lemon dressing.,"Focus on form, 3 sessions/week, and progressive consistency."
24.33,311.91,non_veg,soy_allergy,,fat_loss,47,intermediate,low,55.73,1620.37,16,12921.9,33.73,54.34,5,average,Turkey Lettuce Wrap,Metabolic Conditioning,beginner,54.55,Kettlebell Swings|Thrusters|Rowing Intervals|Box Step-Ups|Battle Ropes,Low-calorie turkey wraps with crunchy lettuce.,"Focus on form, 3 sessions/week, and progressive consistency."
12.47,452.96,non_veg,none,,muscle,29,intermediate,low,87.18,2822.09,2,5727.51,31.9,74.1,1,poor,Chicken Quinoa Plate,Upper Lower Strength Split,beginner,87.69,Barbell Bench Press|Romanian Deadlift|Lat Pulldown|Walking Lunges|Dumbbell Shoulder Press,Lean chicken with quinoa and mixed vegetables.,"Focus on form, 3 sessions/week, and progressive consistency."
25.65,557.68,non_veg,none,,maintenance,66,intermediate,high,62.82,2575.59,23,5196.09,31.47,79.79,11,average,Turkey Rice Bowl,Strength and Cardio Mix,intermediate,61.76,Dumbbell Squat to Press|Assault Bike|Seated Cable Row|Step-Ups|Russian Twists,Lean turkey with rice and roasted vegetables.,Use progressive overload and mix strength with conditioning.
41.08,302.83,veg,none,,muscle,44,beginner,low,67.68,1503.09,6,5454.42,29.3,85.56,11,poor,Tofu Power Bowl,Full Body Strength Basics,beginner,67.98,Goblet Squat|Incline Push-Up|Dumbbell Row|Hip Bridge|Dead Bug,"Balanced tofu bowl with quinoa, greens, and seeds.","Focus on form, 3 sessions/week, and progressive consistency."
31.69,430.78,non_veg,none,,muscle,50,advanced,high,70.49,2040.45,6,13197.93,33.81,75.02,12,poor,Chicken Quinoa Plate,Push Pull Legs Intense,intermediate,69.73,Barbell Back Squat|Bench Press|Bent-Over Row|Overhead Press|Conventional Deadlift,Lean chicken with quinoa and mixed vegetables.,Use progressive overload and mix strength with conditioning.
31.42,473.21,non_veg,none,,fat_loss,45,intermediate,low,95.36,2404.19,18,13531.65,31.75,48.23,1,average,Grilled Fish Salad,Metabolic Conditioning,beginner,96.0,Kettlebell Swings|Thrusters|Rowing Intervals|Box Step-Ups|Battle Ropes,Omega-rich fish with fresh vegetables and olive oil.,"Focus on form, 3 sessions/week, and progressive consistency."
39.24,446.85,veg,none,,fat_loss,78,intermediate,moderate,114.3,2344.18,22,14416.12,17.89,92.3,11,average,Lentil Greens Salad,Metabolic Conditioning,intermediate,113.67,Kettlebell Swings|Thrusters|Rowing Intervals|Box Step-Ups|Battle Ropes,High-fiber lentils with leafy greens and lemon dressing.,Use progressive overload and mix strength with conditioning.
40.69,895.98,non_veg,none,,fat_loss,24,intermediate,moderate,78.41,2594.69,6,10650.79,26.94,80.97,11,average,Grilled Fish Salad,Express Bodyweight Burner,intermediate,78.33,Jumping Jacks|Push-Ups|Air Squats|Mountain Climbers|Plank Hold,Omega-rich fish with fresh vegetables and olive oil.,Use progressive overload and mix strength with conditioning.
20.04,640.44,non_veg,none,,maintenance,68,intermediate,low,51.84,1659.87,11,3958.37,27.57,71.6,4,poor,Turkey Rice Bowl,Strength and Cardio Mix,beginner,51.44,Dumbbell Squat to Press|Assault Bike|Seated Cable Row|Step-Ups|Russian Twists,Lean turkey with rice and roasted vegetables.,"Focus on form, 3 sessions/week, and progressive consistency."
36.65,387.55,non_veg,none,,fat_loss,35,intermediate,low,81.41,3075.75,4,4691.45,25.03,91.02,1,average,Grilled Fish Salad,Metabolic Conditioning,beginner,82.0,Kettlebell Swings|Thrusters|Rowing Intervals|Box Step-Ups|Battle Ropes,Omega-rich fish with fresh vegetables and olive oil.,"Focus on form, 3 sessions/week, and progressive consistency."
23.35,783.0,veg,soy_allergy,,maintenance,68,intermediate,moderate,113.57,2635.19,5,16632.43,22.5,65.03,0,good,Veggie Brown Rice Plate,Strength and Cardio Mix,intermediate,113.53,Dumbbell Squat to Press|Assault Bike|Seated Cable Row|Step-Ups|Russian Twists,Brown rice with mixed vegetables and legumes.,Use progressive overload and mix strength with conditioning.
47.64,315.85,non_veg,shellfish_allergy,,maintenance,41,beginner,low,112.73,2132.0,6,16182.6,31.92,84.48,5,average,Lean Chicken Veg Plate,Mobility and Core Flow,beginner,112.14,Cat-Cow Stretch|World's Greatest Stretch|Side Plank|Bird Dog|Glute Bridge March,Shellfish-free lean chicken and vegetable plate.,"Focus on form, 3 sessions/week, and progressive consistency."
28.73,315.98,veg,none,,maintenance,90,intermediate,low,64.02,1808.72,15,7027.87,27.31,86.11,8,average,Veggie Brown Rice Plate,Strength and Cardio Mix,beginner,64.37,Dumbbell Squat to Press|Assault Bike|Seated Cable Row|Step-Ups|Russian Twists,Brown rice with mixed vegetables and legumes.,"Focus on form, 3 sessions/week, and progressive consistency."
38.21,898.09,veg,soy_allergy,,maintenance,57,advanced,high,83.25,2478.49,5,8970.05,32.32,58.09,5,poor,Veggie Brown Rice Plate,Hybrid Endurance Strength,intermediate,83.29,Front Squat|Pull-Ups|Farmer Carry|Stationary Bike Intervals|Hanging Knee Raises,Brown rice with mixed vegetables and legumes.,Use progressive overload and mix strength with conditioning.
12.23,884.25,non_veg,lactose_intolerance|shellfish_allergy,,maintenance,45,intermediate,low,95.5,2501.88,20,3728.96,18.98,75.46,9,poor,Lean Chicken Veg Plate,Strength and Cardio Mix,beginner,97.14,Dumbbell Squat to Press|Assault Bike|Seated Cable Row|Step-Ups|Russian Twists,Shellfish-free lean chicken and vegetable plate.,"Focus on form, 3 sessions/week, and progressive consistency."
18.51,661.86,veg,egg_allergy|nut_allergy,,fat_loss,21,intermediate,moderate,75.57,2262.95,24,2801.05,21.82,50.56,0,average,Chickpea Spinach Stir Fry,Express Bodyweight Burner,intermediate,76.06,Jumping Jacks|Push-Ups|Air Squats|Mountain Climbers|Plank Hold,Plant-protein chickpeas with sauteed spinach.,Use progressive overload and mix strength with conditioning.
14.43,294.6,veg,nut_allergy|shellfish_allergy,,maintenance,78,beginner,high,103.42,1747.59,21,12202.64,27.82,79.46,8,good,Veggie Brown Rice Plate,Mobility and Core Flow,advanced,99.27,Cat-Cow Stretch|World's Greatest Stretch|Side Plank|Bird Dog|Glute Bridge March,Brown rice with mixed vegetables and legumes.,"Periodize training, recover well, and target performance blocks."
50.44,559.2,non_veg,egg_allergy,,muscle,34,intermediate,high,112.54,1499.77,17,5533.67,17.6,76.88,2,average,High-Protein Grilled Chicken,Upper Lower Strength Split,intermediate,110.03,Barbell Bench Press|Romanian Deadlift|Lat Pulldown|Walking Lunges|Dumbbell Shoulder Press,High-protein grilled chicken with vegetables.,Use progressive overload and mix strength with conditioning.
16.27,588.97,non_veg,lactose_intolerance,,muscle,71,beginner,high,108.17,2787.16,2,4403.33,20.58,55.6,4,poor,Dairy-Free Protein Bowl,Full Body Strength Basics,intermediate,108.55,Goblet Squat|Incline Push-Up|Dumbbell Row|Hip Bridge|Dead Bug,Lactose-safe protein meal without milk products.,Use progressive overload and mix strength with conditioning.
32.82,804.34,veg,nut_allergy,,fat_loss,74,beginner,moderate,75.68,1849.36,13,3499.06,27.98,80.64,1,poor,Moong Sprout Salad,HIIT Starter Circuit,beginner,76.28,High Knees|Bodyweight Squats|Burpees|Plank Shoulder Taps|Alternating Reverse Lunges,Nut-free sprouts salad with herbs and lime.,"Focus on form, 3 sessions/week, and progressive consistency."
42.75,816.47,veg,none,,maintenance,37,beginner,moderate,63.0,3096.36,3,3479.37,35.99,48.92,11,good,Veggie Brown Rice Plate,Mobility and Core Flow,intermediate,63.49,Cat-Cow Stretch|World's Greatest Stretch|Side Plank|Bird Dog|Glute Bridge March,Brown rice with mixed vegetables and legumes.,Use progressive overload and mix strength with conditioning.
26.08,881.16,veg,none,,muscle,71,advanced,high,59.19,2835.27,24,13889.61,17.2,50.33,11,good,Tofu Power Bowl,Push Pull Legs Intense,advanced,57.93,Barbell Back Squat|Bench Press|Bent-Over Row|Overhead Press|Conventional Deadlift,"Balanced tofu bowl with quinoa, greens, and seeds.","Periodize training, recover well, and target performance blocks."
27.19,713.69,veg,egg_allergy,,muscle,67,intermediate,low,102.81,1580.28,18,7963.05,25.01,77.51,6,average,Chickpea Spinach Stir Fry,Upper Lower Strength Split,beginner,101.92,Barbell Bench Press|Romanian Deadlift|Lat Pulldown|Walking Lunges|Dumbbell Shoulder Press,Plant-protein chickpeas with sauteed spinach.,"Focus on form, 3 sessions/week, and progressive consistency."
48.02,484.2,veg,none,,muscle,56,beginner,moderate,85.41,1526.08,23,6802.11,21.14,68.25,10,good,High-Protein Chickpea Stir Fry,Full Body Strength Basics,advanced,83.46,Goblet Squat|Incline Push-Up|Dumbbell Row|Hip Bridge|Dead Bug,High-protein chickpea meal for muscle gain.,"Periodize training, recover well, and target performance blocks."
23.65,353.5,non_veg,soy_allergy,,fat_loss,88,advanced,moderate,84.66,2605.85,14,14846.14,22.06,86.4,9,poor,Grilled Fish Salad,Athlete HIIT Blast,intermediate,84.69,Sprint Intervals|Box Jumps|Burpee Broad Jumps|Medicine Ball Slams|Skater Hops,Omega-rich fish with fresh vegetables and olive oil.,Use progressive overload and mix strength with conditioning.
18.34,587.33,veg,none,,muscle,76,intermediate,high,53.82,2425.3,9,3387.3,35.29,53.64,5,average,Tofu Power Bowl,Volume Hypertrophy Session,intermediate,53.05,Leg Press|Incline Dumbbell Press|Chest-Supported Row|Seated Leg Curl|Cable Lateral Raise,"Balanced tofu bowl with quinoa, greens, and seeds.",Use progressive overload and mix strength with conditioning.
24.58,622.77,non_veg,none,,maintenance,23,intermediate,low,52.98,1373.25,8,11420.06,26.24,61.74,5,poor,Turkey Rice Bowl,Express Bodyweight Burner,beginner,51.85,Jumping Jacks|Push-Ups|Air Squats|Mountain Climbers|Plank Hold,Lean turkey with rice and roasted vegetables.,"Focus on form, 3 sessions/week, and progressive consistency."
14.64,614.5,non_veg,egg_allergy|soy_allergy,,fat_loss,84,intermediate,moderate,59.76,1537.6,9,6880.8,27.41,89.51,12,average,Grilled Fish Salad,Metabolic Conditioning,intermediate,58.58,Kettlebell Swings|Thrusters|Rowing Intervals|Box Step-Ups|Battle Ropes,Omega-rich fish with fresh vegetables and olive oil.,Use progressive overload and mix strength with conditioning.
42.35,681.15,veg,shellfish_allergy|soy_allergy,,fat_loss,34,advanced,high,53.7,2574.57,6,3257.92,33.82,93.92,11,average,Lentil Greens Salad,Sprint Interval Circuit,intermediate,54.45,Treadmill Sprint|Walking Recovery|Jump Squats|Push-Up to T Rotation|Plank Knee Drive,High-fiber lentils with leafy greens and lemon dressing.,Use progressive overload and mix strength with conditioning.
17.48,611.3,non_veg,none,,fat_loss,76,intermediate,high,52.3,2006.53,10,10136.19,23.94,56.66,1,average,Grilled Fish Salad,Sprint Interval Circuit,intermediate,51.03,Treadmill Sprint|Walking Recovery|Jump Squats|Push-Up to T Rotation|Plank Knee Drive,Omega-rich fish with fresh vegetables and olive oil.,Use progressive overload and mix strength with conditioning.
29.96,664.05,veg,none,,maintenance,56,beginner,moderate,74.47,3183.49,20,8069.5,24.46,72.58,0,average,Veggie Brown Rice Plate,Mobility and Core Flow,beginner,76.44,Cat-Cow Stretch|World's Greatest Stretch|Side Plank|Bird Dog|Glute Bridge March,Brown rice with mixed vegetables and legumes.,"Focus on form, 3 sessions/week, and progressive consistency."
13.99,591.54,veg,none,,fat_loss,37,intermediate,moderate,105.6,2265.89,2,12843.09,27.9,84.24,7,good,Lentil Greens Salad,Metabolic Conditioning,intermediate,105.55,Kettlebell Swings|Thrusters|Rowing Intervals|Box Step-Ups|Battle Ropes,High-fiber lentils with leafy greens and lemon dressing.,Use progressive overload and mix strength with conditioning.
13.75,377.52,veg,none,,muscle,85,beginner,low,102.86,1835.37,10,10021.17,20.43,73.35,9,average,Tofu Power Bowl,Volume Hypertrophy Session,intermediate,103.24,Leg Press|Incline Dumbbell Press|Chest-Supported Row|Seated Leg Curl|Cable Lateral Raise,"Balanced tofu bowl with quinoa, greens, and seeds.",Use progressive overload and mix strength with conditioning.
30.85,589.03,veg,soy_allergy,,maintenance,50,advanced,moderate,114.95,3058.08,10,13055.08,21.7,68.84,11,average,Veggie Brown Rice Plate,Hybrid Endurance Strength,advanced,115.73,Front Squat|Pull-Ups|Farmer Carry|Stationary Bike Intervals|Hanging Knee Raises,Brown rice with mixed vegetables and legumes.,"Periodize training, recover well, and target performance blocks."
16.73,397.11,veg,egg_allergy,,fat_loss,29,beginner,moderate,62.28,1304.7,18,14731.25,35.1,69.46,12,poor,Chickpea Spinach Stir Fry,HIIT Starter Circuit,beginner,59.04,High Knees|Bodyweight Squats|Burpees|Plank Shoulder Taps|Alternating Reverse Lunges,Plant-protein chickpeas with sauteed spinach.,"Focus on form, 3 sessions/week, and progressive consistency."
54.58,561.06,veg,none,,maintenance,74,advanced,high,58.85,1906.66,3,6532.62,20.38,52.7,5,average,Veggie Brown Rice Plate,Hybrid Endurance Strength,advanced,58.63,Front Squat|Pull-Ups|Farmer Carry|Stationary Bike Intervals|Hanging Knee Raises,Brown rice with mixed vegetables and legumes.,"Periodize training, recover well, and target performance blocks."
51.63,654.77,veg,egg_allergy|gluten_intolerance,,fat_loss,22,beginner,moderate,105.61,2707.32,11,12034.46,33.8,55.85,10,average,Quinoa Vegetable Plate,Express Bodyweight Burner,intermediate,105.86,Jumping Jacks|Push-Ups|Air Squats|Mountain Climbers|Plank Hold,Gluten-aware quinoa plate with seasonal vegetables.,Use progressive overload and mix strength with conditioning.
53.5,358.41,veg,none,,muscle,64,beginner,high,116.98,1327.56,13,6518.02,24.17,81.4,6,good,High-Protein Chickpea Stir Fry,Full Body Strength Basics,advanced,114.7,Goblet Squat|Incline Push-Up|Dumbbell Row|Hip Bridge|Dead Bug,High-protein chickpea meal for muscle gain.,"Periodize training, recover well, and target performance blocks."
14.23,422.58,non_veg,shellfish_allergy,,maintenance,48,intermediate,low,51.23,2539.83,21,2746.49,29.34,62.91,12,average,Lean Chicken Veg Plate,Strength and Cardio Mix,intermediate,55.07,Dumbbell Squat to Press|Assault Bike|Seated Cable Row|Step-Ups|Russian Twists,Shellfish-free lean chicken and vegetable plate.,Use progressive overload and mix strength with conditioning.
24.48,280.03,veg,gluten_intolerance,,maintenance,62,beginner,moderate,114.25,2591.72,3,6981.86,33.68,79.2,0,good,Quinoa Vegetable Plate,Mobility and Core Flow,beginner,114.76,Cat-Cow Stretch|World's Greatest Stretch|Side Plank|Bird Dog|Glute Bridge March,Gluten-aware quinoa plate with seasonal vegetables.,"Focus on form, 3 sessions/week, and progressive consistency."
45.77,665.43,non_veg,none,,muscle,66,beginner,low,113.21,3013.91,16,13290.46,18.11,74.56,4,average,High-Protein Grilled Chicken,Full Body Strength Basics,beginner,115.19,Goblet Squat|Incline Push-Up|Dumbbell Row|Hip Bridge|Dead Bug,High-protein grilled chicken with vegetables.,"Focus on form, 3 sessions/week, and progressive consistency."
27.18,499.5,veg,none,,maintenance,77,intermediate,low,85.3,2201.18,9,9158.5,35.53,64.11,6,good,Veggie Brown Rice Plate,Strength and Cardio Mix,beginner,85.9,Dumbbell Squat to Press|Assault Bike|Seated Cable Row|Step-Ups|Russian Twists,Brown rice with mixed vegetables and legumes.,"Focus on form, 3 sessions/week, and progressive consistency."
31.13,819.46,non_veg,none,,muscle,49,advanced,low,97.96,1401.43,15,12343.23,21.16,80.42,11,average,Chicken Quinoa Plate,Push Pull Legs Intense,intermediate,97.16,Barbell Back Squat|Bench Press|Bent-Over Row|Overhead Press|Conventional Deadlift,Lean chicken with quinoa and mixed vegetables.,Use progressive overload and mix strength with conditioning.
37.85,893.15,veg,gluten_intolerance,,muscle,77,advanced,moderate,53.19,1948.56,13,6225.41,27.42,83.58,3,average,Quinoa Vegetable Plate,Volume Hypertrophy Session,beginner,53.05,Leg Press|Incline Dumbbell Press|Chest-Supported Row|Seated Leg Curl|Cable Lateral Raise,Gluten-aware quinoa plate with seasonal vegetables.,"Focus on form, 3 sessions/week, and progressive consistency."
50.3,872.47,non_veg,soy_allergy,,maintenance,73,beginner,low,84.36,1321.68,15,14590.18,25.77,48.17,3,good,Turkey Rice Bowl,Mobility and Core Flow,beginner,83.32,Cat-Cow Stretch|World's Greatest Stretch|Side Plank|Bird Dog|Glute Bridge March,Lean turkey with rice and roasted vegetables.,"Focus on form, 3 sessions/week, and progressive consistency."
43.3,632.79,veg,none,,muscle,73,intermediate,moderate,61.76,2419.13,12,4055.04,35.54,51.56,8,average,High-Protein Chickpea Stir Fry,Upper Lower Strength Split,intermediate,62.49,Barbell Bench Press|Romanian Deadlift|Lat Pulldown|Walking Lunges|Dumbbell Shoulder Press,High-protein chickpea meal for muscle gain.,Use progressive overload and mix strength with conditioning.
30.75,407.26,non_veg,none,,muscle,23,intermediate,high,78.42,3064.45,14,9534.84,28.02,87.77,4,good,Chicken Quinoa Plate,Express Bodyweight Burner,intermediate,79.01,Jumping Jacks|Push-Ups|Air Squats|Mountain Climbers|Plank Hold,Lean chicken with quinoa and mixed vegetables.,Use progressive overload and mix strength with conditioning.
13.02,658.7,non_veg,none,,muscle,76,beginner,low,102.47,2473.59,3,7606.75,35.34,66.25,10,average,Chicken Quinoa Plate,Volume Hypertrophy Session,beginner,103.29,Leg Press|Incline Dumbbell Press|Chest-Supported Row|Seated Leg Curl|Cable Lateral Raise,Lean chicken with quinoa and mixed vegetables.,"Focus on form, 3 sessions/week, and progressive consistency."
27.09,846.36,non_veg,egg_allergy,,fat_loss,65,advanced,low,116.83,1655.51,11,4512.81,31.22,63.58,12,average,Grilled Fish Salad,Athlete HIIT Blast,intermediate,116.2,Sprint Intervals|Box Jumps|Burpee Broad Jumps|Medicine Ball Slams|Skater Hops,Omega-rich fish with fresh vegetables and olive oil.,Use progressive overload and mix strength with conditioning.
50.94,481.31,non_veg,lactose_intolerance,,maintenance,31,beginner,moderate,67.62,2134.73,18,3693.43,34.96,85.06,0,good,Turkey Rice Bowl,Mobility and Core Flow,beginner,68.44,Cat-Cow Stretch|World's Greatest Stretch|Side Plank|Bird Dog|Glute Bridge March,Lean turkey with rice and roasted vegetables.,"Focus on form, 3 sessions/week, and progressive consistency."
42.78,548.3,veg,egg_allergy|soy_allergy,,maintenance,33,beginner,high,84.8,1567.85,4,13093.42,29.28,56.71,7,poor,Chickpea Spinach Stir Fry,Mobility and Core Flow,intermediate,83.84,Cat-Cow Stretch|World's Greatest Stretch|Side Plank|Bird Dog|Glute Bridge March,Plant-protein chickpeas with sauteed spinach.,Use progressive overload and mix strength with conditioning.
52.35,814.37,veg,lactose_intolerance,,muscle,72,beginner,high,109.4,2075.74,4,16520.74,25.73,56.47,12,poor,High-Protein Chickpea Stir Fry,Full Body Strength Basics,advanced,108.44,Goblet Squat|Incline Push-Up|Dumbbell Row|Hip Bridge|Dead Bug,High-protein chickpea meal for muscle gain.,"Periodize training, recover well, and target performance blocks."
20.0,784.53,non_veg,none,,muscle,89,intermediate,high,113.78,1464.85,15,6715.9,20.63,52.03,9,average,Chicken Quinoa Plate,Volume Hypertrophy Session,advanced,111.26,Leg Press|Incline Dumbbell Press|Chest-Supported Row|Seated Leg Curl|Cable Lateral Raise,Lean chicken with quinoa and mixed vegetables.,"Periodize training, recover well, and target performance blocks."
40.49,298.93,veg,egg_allergy,,maintenance,70,advanced,moderate,68.73,2534.85,2,15929.05,22.98,59.66,2,poor,Chickpea Spinach Stir Fry,Hybrid Endurance Strength,beginner,68.91,Front Squat|Pull-Ups|Farmer Carry|Stationary Bike Intervals|Hanging Knee Raises,Plant-protein chickpeas with sauteed spinach.,"Focus on form, 3 sessions/week, and progressive consistency."
29.8,860.44,veg,none,,muscle,72,intermediate,low,108.93,2815.65,16,6611.17,32.18,85.81,1,good,Tofu Power Bowl,Upper Lower Strength Split,beginner,111.86,Barbell Bench Press|Romanian Deadlift|Lat Pulldown|Walking Lunges|Dumbbell Shoulder Press,"Balanced tofu bowl with quinoa, greens, and seeds.","Focus on form, 3 sessions/week, and progressive consistency."
28.1,379.57,veg,none,,fat_loss,29,beginner,low,57.45,3024.68,4,6243.97,35.03,78.96,8,average,Lentil Greens Salad,HIIT Starter Circuit,beginner,57.96,High Knees|Bodyweight Squats|Burpees|Plank Shoulder Taps|Alternating Reverse Lunges,High-fiber lentils with leafy greens and lemon dressing.,"Focus on form, 3 sessions/week, and progressive consistency."
32.01,599.6,non_veg,none,,fat_loss,89,intermediate,high,62.81,1490.29,3,10537.72,24.43,73.96,9,average,Grilled Fish Salad,Sprint Interval Circuit,advanced,62.19,Treadmill Sprint|Walking Recovery|Jump Squats|Push-Up to T Rotation|Plank Knee Drive,Omega-rich fish with fresh vegetables and olive oil.,"Periodize training, recover well, and target performance blocks."
51.43,273.06,non_veg,egg_allergy,,maintenance,59,advanced,low,65.16,1765.99,23,11009.89,31.36,56.87,12,good,Turkey Rice Bowl,Hybrid Endurance Strength,intermediate,65.19,Front Squat|Pull-Ups|Farmer Carry|Stationary Bike Intervals|Hanging Knee Raises,Lean turkey with rice and roasted vegetables.,Use progressive overload and mix strength with conditioning.
37.89,497.03,non_veg,none,,fat_loss,79,beginner,low,62.35,1984.96,15,9955.45,34.1,57.29,9,poor,Grilled Fish Salad,HIIT Starter Circuit,beginner,62.69,High Knees|Bodyweight Squats|Burpees|Plank Shoulder Taps|Alternating Reverse Lunges,Omega-rich fish with fresh vegetables and olive oil.,"Focus on form, 3 sessions/week, and progressive consistency."
47.93,523.43,non_veg,none,,fat_loss,88,intermediate,moderate,108.4,1490.29,13,12714.91,20.68,55.8,8,good,Grilled Fish Salad,Metabolic Conditioning,advanced,105.93,Kettlebell Swings|Thrusters|Rowing Intervals|Box Step-Ups|Battle Ropes,Omega-rich fish with fresh vegetables and olive oil.,"Periodize training, recover well, and target performance blocks."
20.8,626.73,non_veg,none,,muscle,51,advanced,low,81.67,3138.64,14,14812.46,33.55,73.02,3,average,Chicken Quinoa Plate,Push Pull Legs Intense,beginner,83.37,Barbell Back Squat|Bench Press|Bent-Over Row|Overhead Press|Conventional Deadlift,Lean chicken with quinoa and mixed vegetables.,"Focus on form, 3 sessions/week, and progressive consistency."
12.5,370.18,non_veg,none,,fat_loss,52,beginner,low,89.49,2109.0,10,8307.83,33.83,64.65,5,good,Grilled Fish Salad,HIIT Starter Circuit,beginner,90.69,High Knees|Bodyweight Squats|Burpees|Plank Shoulder Taps|Alternating Reverse Lunges,Omega-rich fish with fresh vegetables and olive oil.,"Focus on form, 3 sessions/week, and progressive consistency."
51.13,644.74,non_veg,lactose_intolerance|shellfish_allergy,,fat_loss,81,advanced,moderate,89.16,2514.17,16,4570.07,27.19,61.1,5,poor,Lean Chicken Veg Plate,Athlete HIIT Blast,beginner,89.63,Sprint Intervals|Box Jumps|Burpee Broad Jumps|Medicine Ball Slams|Skater Hops,Shellfish-free lean chicken and vegetable plate.,"Focus on form, 3 sessions/week, and progressive consistency."
22.09,605.36,non_veg,none,,muscle,38,beginner,moderate,106.7,1628.25,20,5119.0,20.17,52.63,0,good,Chicken Quinoa Plate,Full Body Strength Basics,intermediate,105.92,Goblet Squat|Incline Push-Up|Dumbbell Row|Hip Bridge|Dead Bug,Lean chicken with quinoa and mixed vegetables.,Use progressive overload and mix strength with conditioning.
53.9,263.46,non_veg,none,,muscle,62,beginner,moderate,64.38,1613.05,3,15685.87,23.71,84.62,7,poor,High-Protein Grilled Chicken,Full Body Strength Basics,beginner,63.93,Goblet Squat|Incline Push-Up|Dumbbell Row|Hip Bridge|Dead Bug,High-protein grilled chicken with vegetables.,"Focus on form, 3 sessions/week, and progressive consistency."
37.26,556.84,veg,none,,muscle,34,advanced,moderate,82.82,1810.59,11,14423.04,30.34,88.37,2,average,Tofu Power Bowl,Push Pull Legs Intense,beginner,82.22,Barbell Back Squat|Bench Press|Bent-Over Row|Overhead Press|Conventional Deadlift,"Balanced tofu bowl with quinoa, greens, and seeds.","Focus on form, 3 sessions/week, and progressive consistency."
22.2,714.64,veg,none,,maintenance,89,advanced,moderate,48.93,1498.87,12,3494.03,32.33,84.35,9,good,Veggie Brown Rice Plate,Hybrid Endurance Strength,intermediate,48.64,Front Squat|Pull-Ups|Farmer Carry|Stationary Bike Intervals|Hanging Knee Raises,Brown rice with mixed vegetables and legumes.,Use progressive overload and mix strength with conditioning.
43.16,612.61,non_veg,soy_allergy,,maintenance,45,advanced,moderate,66.52,1339.9,11,11712.31,29.99,52.69,2,good,Turkey Rice Bowl,Hybrid Endurance Strength,intermediate,65.04,Front Squat|Pull-Ups|Farmer Carry|Stationary Bike Intervals|Hanging Knee Raises,Lean turkey with rice and roasted vegetables.,Use progressive overload and mix strength with conditioning.
19.01,636.88,non_veg,shellfish_allergy,,muscle,51,beginner,low,77.18,3169.04,3,11152.16,18.27,55.74,4,average,Lean Chicken Veg Plate,Full Body Strength Basics,beginner,77.99,Goblet Squat|Incline Push-Up|Dumbbell Row|Hip Bridge|Dead Bug,Shellfish-free lean chicken and vegetable plate.,"Focus on form, 3 sessions/week, and progressive consistency."
23.84,846.03,non_veg,lactose_intolerance|nut_allergy,,maintenance,50,intermediate,moderate,106.87,1699.05,9,11003.22,33.21,64.33,9,average,Turkey Rice Bowl,Strength and Cardio Mix,intermediate,105.49,Dumbbell Squat to Press|Assault Bike|Seated Cable Row|Step-Ups|Russian Twists,Lean turkey with rice and roasted vegetables.,Use progressive overload and mix strength with conditioning.
47.0,372.61,veg,none,,muscle,76,advanced,high,51.77,1330.57,17,11759.29,25.68,50.54,5,average,High-Protein Chickpea Stir Fry,Volume Hypertrophy Session,intermediate,47.61,Leg Press|Incline Dumbbell Press|Chest-Supported Row|Seated Leg Curl|Cable Lateral Raise,High-protein chickpea meal for muscle gain.,Use progressive overload and mix strength with conditioning.
39.06,844.3,non_veg,lactose_intolerance|shellfish_allergy,,maintenance,53,beginner,low,85.43,3156.41,6,3510.16,30.19,49.81,10,average,Lean Chicken Veg Plate,Mobility and Core Flow,intermediate,87.38,Cat-Cow Stretch|World's Greatest Stretch|Side Plank|Bird Dog|Glute Bridge March,Shellfish-free lean chicken and vegetable plate.,Use progressive overload and mix strength with conditioning.
40.13,778.85,veg,shellfish_allergy,,fat_loss,73,beginner,high,76.16,1681.67,15,14333.69,21.01,90.08,12,average,Lentil Greens Salad,Sprint Interval Circuit,advanced,73.41,Treadmill Sprint|Walking Recovery|Jump Squats|Push-Up to T Rotation|Plank Knee Drive,High-fiber lentils with leafy greens and lemon dressing.,"Periodize training, recover well, and target performance blocks."
53.08,297.55,veg,egg_allergy,,muscle,56,advanced,high,51.82,1534.61,5,14175.03,26.38,66.62,3,good,High-Protein Chickpea Stir Fry,Push Pull Legs Intense,intermediate,50.67,Barbell Back Squat|Bench Press|Bent-Over Row|Overhead Press|Conventional Deadlift,High-protein chickpea meal for muscle gain.,Use progressive overload and mix strength with conditioning.
47.78,344.44,veg,none,,muscle,47,beginner,moderate,56.19,2171.15,19,16628.73,32.67,69.9,7,good,High-Protein Chickpea Stir Fry,Full Body Strength Basics,intermediate,54.1,Goblet Squat|Incline Push-Up|Dumbbell Row|Hip Bridge|Dead Bug,High-protein chickpea meal for muscle gain.,Use progressive overload and mix strength with conditioning.
18.59,536.84,non_veg,none,,fat_loss,72,advanced,moderate,108.08,2882.12,12,7667.67,17.79,77.48,1,average,Grilled Fish Salad,Athlete HIIT Blast,beginner,108.21,Sprint Intervals|Box Jumps|Burpee Broad Jumps|Medicine Ball Slams|Skater Hops,Omega-rich fish with fresh vegetables and olive oil.,"Focus on form, 3 sessions/week, and progressive consistency."
50.83,800.53,non_veg,none,,muscle,75,intermediate,low,114.6,1749.44,4,12294.32,27.04,53.8,11,poor,High-Protein Grilled Chicken,Volume Hypertrophy Session,beginner,114.88,Leg Press|Incline Dumbbell Press|Chest-Supported Row|Seated Leg Curl|Cable Lateral Raise,High-protein grilled chicken with vegetables.,"Focus on form, 3 sessions/week, and progressive consistency."
44.45,427.24,non_veg,none,,maintenance,45,intermediate,low,102.6,3120.31,23,11552.92,20.36,57.9,0,good,Turkey Rice Bowl,Strength and Cardio Mix,beginner,105.31,Dumbbell Squat to Press|Assault Bike|Seated Cable Row|Step-Ups|Russian Twists,Lean turkey with rice and roasted vegetables.,"Focus on form, 3 sessions/week, and progressive consistency."
19.47,480.41,veg,none,,fat_loss,32,intermediate,moderate,82.03,2630.09,4,4517.63,26.42,63.88,10,average,Lentil Greens Salad,Metabolic Conditioning,intermediate,81.97,Kettlebell Swings|Thrusters|Rowing Intervals|Box Step-Ups|Battle Ropes,High-fiber lentils with leafy greens and lemon dressing.,Use progressive overload and mix strength with conditioning.
48.39,451.2,veg,none,,muscle,84,advanced,low,81.91,2134.53,19,2849.43,17.23,69.98,9,average,High-Protein Chickpea Stir Fry,Volume Hypertrophy Session,beginner,83.37,Leg Press|Incline Dumbbell Press|Chest-Supported Row|Seated Leg Curl|Cable Lateral Raise,High-protein chickpea meal for muscle gain.,"Focus on form, 3 sessions/week, and progressive consistency."
46.46,771.98,veg,lactose_intolerance,,fat_loss,69,beginner,moderate,77.89,3102.6,12,10277.11,24.93,78.97,10,average,Lentil Greens Salad,HIIT Starter Circuit,intermediate,78.73,High Knees|Bodyweight Squats|Burpees|Plank Shoulder Taps|Alternating Reverse Lunges,High-fiber lentils with leafy greens and lemon dressing.,Use progressive overload and mix strength with conditioning.
32.73,549.84,veg,none,,maintenance,56,intermediate,moderate,105.12,2581.68,23,11993.73,29.51,88.71,4,average,Veggie Brown Rice Plate,Strength and Cardio Mix,beginner,104.85,Dumbbell Squat to Press|Assault Bike|Seated Cable Row|Step-Ups|Russian Twists,Brown rice with mixed vegetables and legumes.,"Focus on form, 3 sessions/week, and progressive consistency."
13.19,678.24,non_veg,none,,muscle,39,intermediate,moderate,51.39,2824.98,15,13964.63,35.16,91.87,11,average,Chicken Quinoa Plate,Upper Lower Strength Split,beginner,51.57,Barbell Bench Press|Romanian Deadlift|Lat Pulldown|Walking Lunges|Dumbbell Shoulder Press,Lean chicken with quinoa and mixed vegetables.,"Focus on form, 3 sessions/week, and progressive consistency."
40.47,303.29,veg,none,,muscle,23,advanced,moderate,84.58,2091.84,22,2710.85,34.63,77.67,11,poor,Tofu Power Bowl,Express Bodyweight Burner,beginner,84.39,Jumping Jacks|Push-Ups|Air Squats|Mountain Climbers|Plank Hold,"Balanced tofu bowl with quinoa, greens, and seeds.","Focus on form, 3 sessions/week, and progressive consistency."
27.12,352.78,non_veg,lactose_intolerance|shellfish_allergy,,fat_loss,54,beginner,high,99.36,2874.12,14,15143.39,35.68,52.06,1,poor,Lean Chicken Veg Plate,Sprint Interval Circuit,beginner,99.14,Treadmill Sprint|Walking Recovery|Jump Squats|Push-Up to T Rotation|Plank Knee Drive,Shellfish-free lean chicken and vegetable plate.,"Focus on form, 3 sessions/week, and progressive consistency."
54.85,267.45,veg,none,,maintenance,27,beginner,moderate,115.92,1906.11,8,9845.03,22.35,66.79,5,average,Veggie Brown Rice Plate,Mobility and Core Flow,intermediate,115.52,Cat-Cow Stretch|World's Greatest Stretch|Side Plank|Bird Dog|Glute Bridge March,Brown rice with mixed vegetables and legumes.,Use progressive overload and mix strength with conditioning.
53.82,864.71,non_veg,none,,muscle,30,intermediate,high,104.13,1381.92,9,9264.63,28.47,88.25,1,average,High-Protein Grilled Chicken,Upper Lower Strength Split,beginner,102.51,Barbell Bench Press|Romanian Deadlift|Lat Pulldown|Walking Lunges|Dumbbell Shoulder Press,High-protein grilled chicken with vegetables.,"Focus on form, 3 sessions/week, and progressive consistency."
22.71,524.16,non_veg,none,,fat_loss,38,beginner,high,88.76,2703.12,11,8599.56,30.26,75.72,6,poor,Grilled Fish Salad,Sprint Interval Circuit,intermediate,88.99,Treadmill Sprint|Walking Recovery|Jump Squats|Push-Up to T Rotation|Plank Knee Drive,Omega-rich fish with fresh vegetables and olive oil.,Use progressive overload and mix strength with conditioning.
44.93,566.26,veg,lactose_intolerance|shellfish_allergy,,maintenance,77,intermediate,low,99.1,1599.86,11,10613.3,28.55,68.9,4,good,Veggie Brown Rice Plate,Strength and Cardio Mix,beginner,98.16,Dumbbell Squat to Press|Assault Bike|Seated Cable Row|Step-Ups|Russian Twists,Brown rice with mixed vegetables and legumes.,"Focus on form, 3 sessions/week, and progressive consistency."
49.98,466.19,non_veg,none,,fat_loss,50,intermediate,high,70.2,1954.67,24,13200.28,26.78,82.44,4,average,Grilled Fish Salad,Sprint Interval Circuit,intermediate,66.17,Treadmill Sprint|Walking Recovery|Jump Squats|Push-Up to T Rotation|Plank Knee Drive,Omega-rich fish with fresh vegetables and olive oil.,Use progressive overload and mix strength with conditioning.
30.39,310.6,non_veg,lactose_intolerance,,fat_loss,27,intermediate,low,71.25,1332.02,7,6254.06,23.54,60.6,10,poor,Turkey Lettuce Wrap,Metabolic Conditioning,intermediate,72.19,Kettlebell Swings|Thrusters|Rowing Intervals|Box Step-Ups|Battle Ropes,Low-calorie turkey wraps with crunchy lettuce.,Use progressive overload and mix strength with conditioning.
51.01,262.15,non_veg,none,,fat_loss,36,advanced,moderate,81.3,1883.64,15,12028.73,30.23,48.5,11,good,Turkey Lettuce Wrap,Athlete HIIT Blast,advanced,80.5,Sprint Intervals|Box Jumps|Burpee Broad Jumps|Medicine Ball Slams|Skater Hops,Low-calorie turkey wraps with crunchy lettuce.,"Periodize training, recover well, and target performance blocks."
35.25,609.29,veg,none,,fat_loss,45,beginner,moderate,63.28,1926.83,23,5545.64,17.71,91.55,6,good,Lentil Greens Salad,HIIT Starter Circuit,intermediate,62.69,High Knees|Bodyweight Squats|Burpees|Plank Shoulder Taps|Alternating Reverse Lunges,High-fiber lentils with leafy greens and lemon dressing.,Use progressive overload and mix strength with conditioning.
24.83,520.99,non_veg,egg_allergy,,fat_loss,87,beginner,low,89.52,2107.04,2,15236.5,27.12,88.99,3,average,Grilled Fish Salad,HIIT Starter Circuit,beginner,89.33,High Knees|Bodyweight Squats|Burpees|Plank Shoulder Taps|Alternating Reverse Lunges,Omega-rich fish with fresh vegetables and olive oil.,"Focus on form, 3 sessions/week, and progressive consistency."
15.05,706.47,veg,nut_allergy|soy_allergy,,muscle,41,intermediate,moderate,111.82,2630.24,7,14405.39,29.62,74.1,0,average,Tofu Power Bowl,Upper Lower Strength Split,beginner,111.9,Barbell Bench Press|Romanian Deadlift|Lat Pulldown|Walking Lunges|Dumbbell Shoulder Press,"Balanced tofu bowl with quinoa, greens, and seeds.","Focus on form, 3 sessions/week, and progressive consistency."
13.69,817.31,veg,nut_allergy,,maintenance,63,beginner,low,104.3,3118.26,18,6426.63,18.96,56.55,3,average,Veggie Brown Rice Plate,Mobility and Core Flow,beginner,107.79,Cat-Cow Stretch|World's Greatest Stretch|Side Plank|Bird Dog|Glute Bridge March,Brown rice with mixed vegetables and legumes.,"Focus on form, 3 sessions/week, and progressive consistency."
51.3,403.31,non_veg,lactose_intolerance,,fat_loss,49,beginner,moderate,80.96,2050.08,23,7535.63,32.96,53.66,5,average,Grilled Fish Salad,HIIT Starter Circuit,beginner,80.05,High Knees|Bodyweight Squats|Burpees|Plank Shoulder Taps|Alternating Reverse Lunges,Omega-rich fish with fresh vegetables and olive oil.,"Focus on form, 3 sessions/week, and progressive consistency."
14.34,733.19,veg,none,,fat_loss,82,advanced,low,57.4,1441.7,14,7957.88,19.53,51.98,11,poor,Lentil Greens Salad,Athlete HIIT Blast,intermediate,56.96,Sprint Intervals|Box Jumps|Burpee Broad Jumps|Medicine Ball Slams|Skater Hops,High-fiber lentils with leafy greens and lemon dressing.,Use progressive overload and mix strength with conditioning.
42.48,398.29,veg,none,,muscle,67,beginner,moderate,117.12,2850.84,20,10225.11,33.55,71.68,7,poor,High-Protein Chickpea Stir Fry,Full Body Strength Basics,beginner,117.7,Goblet Squat|Incline Push-Up|Dumbbell Row|Hip Bridge|Dead Bug,High-protein chickpea meal for muscle gain.,"Focus on form, 3 sessions/week, and progressive consistency."
16.19,654.19,non_veg,none,,muscle,59,intermediate,high,108.57,2945.96,17,16271.84,33.13,49.35,5,poor,Chicken Quinoa Plate,Upper Lower Strength Split,intermediate,108.18,Barbell Bench Press|Romanian Deadlift|Lat Pulldown|Walking Lunges|Dumbbell Shoulder Press,Lean chicken with quinoa and mixed vegetables.,Use progressive overload and mix strength with conditioning.
13.72,417.76,non_veg,none,,maintenance,32,intermediate,high,104.01,2124.02,20,12985.69,17.21,79.19,11,average,Turkey Rice Bowl,Strength and Cardio Mix,advanced,101.28,Dumbbell Squat to Press|Assault Bike|Seated Cable Row|Step-Ups|Russian Twists,Lean turkey with rice and roasted vegetables.,"Periodize training, recover well, and target performance blocks."
40.64,709.31,non_veg,none,,maintenance,43,beginner,moderate,107.14,2045.05,20,14855.71,26.72,67.83,5,poor,Turkey Rice Bowl,Mobility and Core Flow,beginner,105.61,Cat-Cow Stretch|World's Greatest Stretch|Side Plank|Bird Dog|Glute Bridge March,Lean turkey with rice and roasted vegetables.,"Focus on form, 3 sessions/week, and progressive consistency."
21.54,499.88,non_veg,lactose_intolerance|soy_allergy,,maintenance,56,advanced,moderate,62.4,2679.48,19,15169.59,28.12,69.58,9,average,Turkey Rice Bowl,Hybrid Endurance Strength,intermediate,61.71,Front Squat|Pull-Ups|Farmer Carry|Stationary Bike Intervals|Hanging Knee Raises,Lean turkey with rice and roasted vegetables.,Use progressive overload and mix strength with conditioning.
23.74,406.19,non_veg,none,,muscle,59,beginner,high,77.05,2885.91,14,14514.84,23.38,81.89,11,average,Chicken Quinoa Plate,Full Body Strength Basics,advanced,76.27,Goblet Squat|Incline Push-Up|Dumbbell Row|Hip Bridge|Dead Bug,Lean chicken with quinoa and mixed vegetables.,"Periodize training, recover well, and target performance blocks."
12.08,681.09,non_veg,none,,muscle,74,intermediate,low,97.1,1660.07,17,12468.24,25.26,77.42,10,poor,Chicken Quinoa Plate,Upper Lower Strength Split,beginner,96.48,Barbell Bench Press|Romanian Deadlift|Lat Pulldown|Walking Lunges|Dumbbell Shoulder Press,Lean chicken with quinoa and mixed vegetables.,"Focus on form, 3 sessions/week, and progressive consistency."
40.63,882.54,non_veg,lactose_intolerance|nut_allergy,,muscle,46,beginner,high,79.83,2541.59,4,7662.95,31.16,59.68,10,average,Dairy-Free Protein Bowl,Full Body Strength Basics,advanced,79.14,Goblet Squat|Incline Push-Up|Dumbbell Row|Hip Bridge|Dead Bug,Lactose-safe protein meal without milk products.,"Periodize training, recover well, and target performance blocks."
21.08,418.25,veg,none,,maintenance,28,advanced,moderate,80.2,3044.8,22,11031.74,29.59,64.85,5,average,Veggie Brown Rice Plate,Hybrid Endurance Strength,intermediate,81.53,Front Squat|Pull-Ups|Farmer Carry|Stationary Bike Intervals|Hanging Knee Raises,Brown rice with mixed vegetables and legumes.,Use progressive overload and mix strength with conditioning.
14.65,277.09,veg,none,,maintenance,50,beginner,low,71.61,1377.62,3,5593.97,30.86,63.98,2,average,Veggie Brown Rice Plate,Mobility and Core Flow,beginner,71.79,Cat-Cow Stretch|World's Greatest Stretch|Side Plank|Bird Dog|Glute Bridge March,Brown rice with mixed vegetables and legumes.,"Focus on form, 3 sessions/week, and progressive consistency."
29.85,474.1,non_veg,none,,fat_loss,49,advanced,low,94.18,2088.42,6,12579.98,18.1,75.36,6,average,Grilled Fish Salad,Athlete HIIT Blast,beginner,94.08,Sprint Intervals|Box Jumps|Burpee Broad Jumps|Medicine Ball Slams|Skater Hops,Omega-rich fish with fresh vegetables and olive oil.,"Focus on form, 3 sessions/week, and progressive consistency."
53.83,659.42,non_veg,none,,muscle,33,advanced,moderate,117.27,1579.24,8,2952.14,30.0,57.25,5,average,High-Protein Grilled Chicken,Push Pull Legs Intense,intermediate,117.34,Barbell Back Squat|Bench Press|Bent-Over Row|Overhead Press|Conventional Deadlift,High-protein grilled chicken with vegetables.,Use progressive overload and mix strength with conditioning.
31.72,524.13,non_veg,soy_allergy,,maintenance,41,beginner,high,55.92,2465.43,23,3985.37,30.91,60.56,11,average,Turkey Rice Bowl,Mobility and Core Flow,advanced,55.99,Cat-Cow Stretch|World's Greatest Stretch|Side Plank|Bird Dog|Glute Bridge March,Lean turkey with rice and roasted vegetables.,"Periodize training, recover well, and target performance blocks."
30.79,363.51,veg,egg_allergy|gluten_intolerance,,maintenance,20,intermediate,moderate,104.61,2236.92,23,6788.0,29.33,52.44,1,average,Quinoa Vegetable Plate,Express Bodyweight Burner,beginner,104.6,Jumping Jacks|Push-Ups|Air Squats|Mountain Climbers|Plank Hold,Gluten-aware quinoa plate with seasonal vegetables.,"Focus on form, 3 sessions/week, and progressive consistency."
12.18,478.67,veg,nut_allergy|soy_allergy,,muscle,33,beginner,low,65.66,2221.94,22,7811.26,17.68,78.46,6,average,Tofu Power Bowl,Full Body Strength Basics,beginner,67.07,Goblet Squat|Incline Push-Up|Dumbbell Row|Hip Bridge|Dead Bug,"Balanced tofu bowl with quinoa, greens, and seeds.","Focus on form, 3 sessions/week, and progressive consistency."
48.94,851.56,non_veg,none,,maintenance,60,intermediate,low,106.53,2851.23,6,13419.19,23.48,92.53,8,average,Turkey Rice Bowl,Strength and Cardio Mix,beginner,107.64,Dumbbell Squat to Press|Assault Bike|Seated Cable Row|Step-Ups|Russian Twists,Lean turkey with rice and roasted vegetables.,"Focus on form, 3 sessions/week, and progressive consistency."
17.12,852.23,non_veg,none,,maintenance,76,advanced,high,67.17,2228.86,4,16406.98,24.7,54.52,1,good,Turkey Rice Bowl,Hybrid Endurance Strength,intermediate,65.6,Front Squat|Pull-Ups|Farmer Carry|Stationary Bike Intervals|Hanging Knee Raises,Lean turkey with rice and roasted vegetables.,Use progressive overload and mix strength with conditioning.
16.62,869.29,veg,soy_allergy,,muscle,34,intermediate,low,110.1,1590.75,23,6407.58,30.46,88.34,5,good,Tofu Power Bowl,Upper Lower Strength Split,beginner,110.48,Barbell Bench Press|Romanian Deadlift|Lat Pulldown|Walking Lunges|Dumbbell Shoulder Press,"Balanced tofu bowl with quinoa, greens, and seeds.","Focus on form, 3 sessions/week, and progressive consistency."
48.55,837.88,non_veg,none,,fat_loss,39,advanced,high,59.12,3160.76,20,10983.26,33.09,62.03,7,good,Grilled Fish Salad,Sprint Interval Circuit,advanced,59.4,Treadmill Sprint|Walking Recovery|Jump Squats|Push-Up to T Rotation|Plank Knee Drive,Omega-rich fish with fresh vegetables and olive oil.,"Periodize training, recover well, and target performance blocks."
32.32,675.02,veg,egg_allergy,,fat_loss,68,beginner,moderate,82.58,1988.4,7,2760.45,31.32,78.59,7,poor,Chickpea Spinach Stir Fry,HIIT Starter Circuit,beginner,82.66,High Knees|Bodyweight Squats|Burpees|Plank Shoulder Taps|Alternating Reverse Lunges,Plant-protein chickpeas with sauteed spinach.,"Focus on form, 3 sessions/week, and progressive consistency."
13.33,301.08,veg,nut_allergy|soy_allergy,,fat_loss,32,intermediate,high,74.25,1395.85,17,13785.93,17.14,85.74,8,poor,Low-Cal Veg Soup,Sprint Interval Circuit,intermediate,70.06,Treadmill Sprint|Walking Recovery|Jump Squats|Push-Up to T Rotation|Plank Knee Drive,Low-calorie vegetable soup for fat-loss support.,Use progressive overload and mix strength with conditioning.
16.9,541.63,veg,gluten_intolerance,,fat_loss,25,intermediate,high,77.26,2621.61,15,14569.28,29.77,49.64,1,average,Quinoa Vegetable Plate,Express Bodyweight Burner,intermediate,75.94,Jumping Jacks|Push-Ups|Air Squats|Mountain Climbers|Plank Hold,Gluten-aware quinoa plate with seasonal vegetables.,Use progressive overload and mix strength with conditioning.
26.05,262.98,non_veg,none,,muscle,33,advanced,high,87.44,2876.24,11,9703.31,27.14,65.14,10,poor,Chicken Quinoa Plate,Push Pull Legs Intense,intermediate,87.16,Barbell Back Squat|Bench Press|Bent-Over Row|Overhead Press|Conventional Deadlift,Lean chicken with quinoa and mixed vegetables.,Use progressive overload and mix strength with conditioning.
49.76,605.75,non_veg,none,,maintenance,88,intermediate,moderate,90.7,2049.83,18,3575.95,27.93,67.25,0,good,Turkey Rice Bowl,Strength and Cardio Mix,beginner,90.78,Dumbbell Squat to Press|Assault Bike|Seated Cable Row|Step-Ups|Russian Twists,Lean turkey with rice and roasted vegetables.,"Focus on form, 3 sessions/week, and progressive consistency."
17.86,848.28,veg,egg_allergy,,fat_loss,68,beginner,moderate,52.49,1581.81,22,16604.43,35.96,49.45,5,good,Chickpea Spinach Stir Fry,HIIT Starter Circuit,intermediate,48.67,High Knees|Bodyweight Squats|Burpees|Plank Shoulder Taps|Alternating Reverse Lunges,Plant-protein chickpeas with sauteed spinach.,Use progressive overload and mix strength with conditioning.
27.74,705.88,non_veg,none,,maintenance,31,intermediate,low,72.76,2369.76,19,8274.75,19.73,90.66,4,average,Turkey Rice Bowl,Strength and Cardio Mix,beginner,74.35,Dumbbell Squat to Press|Assault Bike|Seated Cable Row|Step-Ups|Russian Twists,Lean turkey with rice and roasted vegetables.,"Focus on form, 3 sessions/week, and progressive consistency."
54.22,646.34,non_veg,none,,muscle,36,intermediate,low,50.96,1477.49,9,14101.03,21.78,81.59,10,good,High-Protein Grilled Chicken,Upper Lower Strength Split,intermediate,50.41,Barbell Bench Press|Romanian Deadlift|Lat Pulldown|Walking Lunges|Dumbbell Shoulder Press,High-protein grilled chicken with vegetables.,Use progressive overload and mix strength with conditioning.
41.37,799.42,non_veg,none,,maintenance,90,beginner,moderate,115.69,2725.71,13,9105.98,17.43,57.8,7,good,Turkey Rice Bowl,Mobility and Core Flow,intermediate,116.08,Cat-Cow Stretch|World's Greatest Stretch|Side Plank|Bird Dog|Glute Bridge March,Lean turkey with rice and roasted vegetables.,Use progressive overload and mix strength with conditioning.
37.33,722.6,veg,none,,muscle,42,advanced,low,117.89,2905.54,4,15896.54,30.74,57.62,9,good,Tofu Power Bowl,Push Pull Legs Intense,intermediate,118.23,Barbell Back Squat|Bench Press|Bent-Over Row|Overhead Press|Conventional Deadlift,"Balanced tofu bowl with quinoa, greens, and seeds.",Use progressive overload and mix strength with conditioning.
30.18,875.43,non_veg,egg_allergy,,maintenance,48,intermediate,moderate,72.91,2169.68,4,9600.82,21.98,81.72,1,poor,Turkey Rice Bowl,Strength and Cardio Mix,beginner,72.73,Dumbbell Squat to Press|Assault Bike|Seated Cable Row|Step-Ups|Russian Twists,Lean turkey with rice and roasted vegetables.,"Focus on form, 3 sessions/week, and progressive consistency."
45.21,272.4,non_veg,nut_allergy,,fat_loss,59,intermediate,low,87.38,3080.25,19,13119.0,17.85,72.65,2,poor,Turkey Lettuce Wrap,Metabolic Conditioning,beginner,89.86,Kettlebell Swings|Thrusters|Rowing Intervals|Box Step-Ups|Battle Ropes,Low-calorie turkey wraps with crunchy lettuce.,"Focus on form, 3 sessions/week, and progressive consistency."
19.89,771.0,non_veg,none,,fat_loss,25,advanced,low,72.45,1861.69,10,15992.63,22.37,53.93,3,good,Grilled Fish Salad,Express Bodyweight Burner,intermediate,72.23,Jumping Jacks|Push-Ups|Air Squats|Mountain Climbers|Plank Hold,Omega-rich fish with fresh vegetables and olive oil.,Use progressive overload and mix strength with conditioning.
42.92,347.17,veg,egg_allergy|shellfish_allergy,,fat_loss,24,beginner,moderate,49.57,1928.72,12,6087.18,30.36,56.14,2,poor,Low-Cal Veg Soup,Express Bodyweight Burner,beginner,49.22,Jumping Jacks|Push-Ups|Air Squats|Mountain Climbers|Plank Hold,Low-calorie vegetable soup for fat-loss support.,"Focus on form, 3 sessions/week, and progressive consistency."
42.05,821.42,non_veg,none,,fat_loss,52,intermediate,low,90.32,2948.77,10,13418.32,22.47,61.38,5,average,Grilled Fish Salad,Metabolic Conditioning,beginner,91.72,Kettlebell Swings|Thrusters|Rowing Intervals|Box Step-Ups|Battle Ropes,Omega-rich fish with fresh vegetables and olive oil.,"Focus on form, 3 sessions/week, and progressive consistency."
28.73,329.25,non_veg,none,,muscle,49,beginner,low,92.33,1653.08,11,11377.01,35.71,85.74,12,poor,Chicken Quinoa Plate,Full Body Strength Basics,beginner,92.51,Goblet Squat|Incline Push-Up|Dumbbell Row|Hip Bridge|Dead Bug,Lean chicken with quinoa and mixed vegetables.,"Focus on form, 3 sessions/week, and progressive consistency."
14.2,306.08,non_veg,none,,muscle,20,intermediate,low,93.03,1545.0,7,8236.42,26.56,48.14,10,average,Chicken Quinoa Plate,Express Bodyweight Burner,intermediate,92.16,Jumping Jacks|Push-Ups|Air Squats|Mountain Climbers|Plank Hold,Lean chicken with quinoa and mixed vegetables.,Use progressive overload and mix strength with conditioning.
46.68,464.81,non_veg,none,,muscle,78,beginner,low,102.0,1452.8,22,10090.43,20.46,56.88,0,average,High-Protein Grilled Chicken,Volume Hypertrophy Session,beginner,100.26,Leg Press|Incline Dumbbell Press|Chest-Supported Row|Seated Leg Curl|Cable Lateral Raise,High-protein grilled chicken with vegetables.,"Focus on form, 3 sessions/week, and progressive consistency."
31.0,458.03,veg,none,,maintenance,52,beginner,moderate,114.04,2133.89,7,4511.18,22.48,82.5,10,good,Veggie Brown Rice Plate,Mobility and Core Flow,advanced,114.14,Cat-Cow Stretch|World's Greatest Stretch|Side Plank|Bird Dog|Glute Bridge March,Brown rice with mixed vegetables and legumes.,"Periodize training, recover well, and target performance blocks."
19.37,894.94,veg,none,,fat_loss,57,beginner,low,106.36,2839.59,10,4970.49,32.04,71.1,2,average,Lentil Greens Salad,HIIT Starter Circuit,beginner,107.8,High Knees|Bodyweight Squats|Burpees|Plank Shoulder Taps|Alternating Reverse Lunges,High-fiber lentils with leafy greens and lemon dressing.,"Focus on form, 3 sessions/week, and progressive consistency."
24.89,526.33,non_veg,none,,fat_loss,86,beginner,moderate,63.33,2652.9,18,3988.93,23.86,52.24,0,poor,Grilled Fish Salad,HIIT Starter Circuit,beginner,65.22,High Knees|Bodyweight Squats|Burpees|Plank Shoulder Taps|Alternating Reverse Lunges,Omega-rich fish with fresh vegetables and olive oil.,"Focus on form, 3 sessions/week, and progressive consistency."
36.91,631.08,non_veg,gluten_intolerance|shellfish_allergy,,fat_loss,49,intermediate,low,88.61,2073.07,10,8936.53,33.67,82.24,1,poor,Chicken Quinoa Plate,Metabolic Conditioning,beginner,89.58,Kettlebell Swings|Thrusters|Rowing Intervals|Box Step-Ups|Battle Ropes,Lean chicken with quinoa and mixed vegetables.,"Focus on form, 3 sessions/week, and progressive consistency."
48.21,773.9,veg,shellfish_allergy,,maintenance,77,advanced,low,115.49,2094.09,12,6741.91,31.06,66.99,1,average,Veggie Brown Rice Plate,Hybrid Endurance Strength,beginner,116.61,Front Squat|Pull-Ups|Farmer Carry|Stationary Bike Intervals|Hanging Knee Raises,Brown rice with mixed vegetables and legumes.,"Focus on form, 3 sessions/week, and progressive consistency."
54.28,710.14,non_veg,none,,maintenance,22,advanced,moderate,84.12,2791.15,23,11653.14,21.86,89.5,8,good,Turkey Rice Bowl,Express Bodyweight Burner,intermediate,84.71,Jumping Jacks|Push-Ups|Air Squats|Mountain Climbers|Plank Hold,Lean turkey with rice and roasted vegetables.,Use progressive overload and mix strength with conditioning.
51.76,579.53,non_veg,gluten_intolerance,,maintenance,70,beginner,low,65.88,2023.23,8,15080.32,22.82,58.99,10,poor,Chicken Quinoa Plate,Mobility and Core Flow,intermediate,65.82,Cat-Cow Stretch|World's Greatest Stretch|Side Plank|Bird Dog|Glute Bridge March,Lean chicken with quinoa and mixed vegetables.,Use progressive overload and mix strength with conditioning.
36.32,597.41,non_veg,gluten_intolerance|shellfish_allergy,,fat_loss,36,advanced,low,60.1,2409.51,6,12849.11,27.18,62.77,6,average,Chicken Quinoa Plate,Athlete HIIT Blast,beginner,60.95,Sprint Intervals|Box Jumps|Burpee Broad Jumps|Medicine Ball Slams|Skater Hops,Lean chicken with quinoa and mixed vegetables.,"Focus on form, 3 sessions/week, and progressive consistency."
31.6,755.59,non_veg,none,,fat_loss,32,intermediate,low,75.06,1572.46,12,9715.47,18.05,63.07,0,poor,Grilled Fish Salad,Metabolic Conditioning,beginner,74.62,Kettlebell Swings|Thrusters|Rowing Intervals|Box Step-Ups|Battle Ropes,Omega-rich fish with fresh vegetables and olive oil.,"Focus on form, 3 sessions/week, and progressive consistency."
39.49,431.29,non_veg,shellfish_allergy|soy_allergy,,maintenance,85,beginner,high,84.81,3141.43,20,13306.64,30.26,71.13,9,average,Lean Chicken Veg Plate,Mobility and Core Flow,intermediate,84.41,Cat-Cow Stretch|World's Greatest Stretch|Side Plank|Bird Dog|Glute Bridge March,Shellfish-free lean chicken and vegetable plate.,Use progressive overload and mix strength with conditioning.
20.95,464.5,non_veg,egg_allergy|soy_allergy,,maintenance,73,intermediate,moderate,95.77,1334.58,12,3910.43,27.9,76.58,10,average,Turkey Rice Bowl,Strength and Cardio Mix,intermediate,94.55,Dumbbell Squat to Press|Assault Bike|Seated Cable Row|Step-Ups|Russian Twists,Lean turkey with rice and roasted vegetables.,Use progressive overload and mix strength with conditioning.
45.23,744.8,non_veg,none,,muscle,30,beginner,moderate,57.92,3043.69,20,9780.64,32.29,77.76,1,average,High-Protein Grilled Chicken,Full Body Strength Basics,beginner,59.8,Goblet Squat|Incline Push-Up|Dumbbell Row|Hip Bridge|Dead Bug,High-protein grilled chicken with vegetables.,"Focus on form, 3 sessions/week, and progressive consistency."
45.45,252.58,veg,gluten_intolerance,,maintenance,49,advanced,high,80.74,1314.53,5,6185.48,19.65,84.38,3,good,Quinoa Vegetable Plate,Hybrid Endurance Strength,intermediate,80.15,Front Squat|Pull-Ups|Farmer Carry|Stationary Bike Intervals|Hanging Knee Raises,Gluten-aware quinoa plate with seasonal vegetables.,Use progressive overload and mix strength with conditioning.
24.13,567.64,veg,egg_allergy,,fat_loss,86,beginner,low,106.81,2521.16,17,7167.97,18.53,83.77,0,good,Chickpea Spinach Stir Fry,HIIT Starter Circuit,beginner,108.79,High Knees|Bodyweight Squats|Burpees|Plank Shoulder Taps|Alternating Reverse Lunges,Plant-protein chickpeas with sauteed spinach.,"Focus on form, 3 sessions/week, and progressive consistency."
17.14,840.69,veg,none,,maintenance,52,advanced,low,68.95,2097.31,16,12749.91,33.9,58.36,6,average,Veggie Brown Rice Plate,Hybrid Endurance Strength,beginner,68.72,Front Squat|Pull-Ups|Farmer Carry|Stationary Bike Intervals|Hanging Knee Raises,Brown rice with mixed vegetables and legumes.,"Focus on form, 3 sessions/week, and progressive consistency."
51.01,891.89,non_veg,egg_allergy|shellfish_allergy,,muscle,58,beginner,moderate,83.88,1906.11,15,8161.89,21.29,57.92,3,average,High-Protein Grilled Chicken,Full Body Strength Basics,intermediate,82.72,Goblet Squat|Incline Push-Up|Dumbbell Row|Hip Bridge|Dead Bug,High-protein grilled chicken with vegetables.,Use progressive overload and mix strength with conditioning.
51.44,289.52,non_veg,none,,maintenance,82,beginner,moderate,97.01,1747.35,24,7445.55,19.36,71.05,8,poor,Turkey Rice Bowl,Mobility and Core Flow,intermediate,95.79,Cat-Cow Stretch|World's Greatest Stretch|Side Plank|Bird Dog|Glute Bridge March,Lean turkey with rice and roasted vegetables.,Use progressive overload and mix strength with conditioning.
12.94,599.51,veg,egg_allergy,,maintenance,36,beginner,moderate,103.09,2008.38,24,8682.66,22.28,93.78,8,average,Chickpea Spinach Stir Fry,Mobility and Core Flow,intermediate,102.28,Cat-Cow Stretch|World's Greatest Stretch|Side Plank|Bird Dog|Glute Bridge March,Plant-protein chickpeas with sauteed spinach.,Use progressive overload and mix strength with conditioning.
18.42,383.34,non_veg,none,,maintenance,29,intermediate,low,101.93,1719.18,23,16252.86,23.01,49.06,11,average,Turkey Rice Bowl,Strength and Cardio Mix,intermediate,100.91,Dumbbell Squat to Press|Assault Bike|Seated Cable Row|Step-Ups|Russian Twists,Lean turkey with rice and roasted vegetables.,Use progressive overload and mix strength with conditioning.
49.29,383.13,non_veg,none,,maintenance,82,intermediate,high,97.0,2166.92,14,8619.33,31.05,84.05,5,poor,Turkey Rice Bowl,Strength and Cardio Mix,beginner,95.63,Dumbbell Squat to Press|Assault Bike|Seated Cable Row|Step-Ups|Russian Twists,Lean turkey with rice and roasted vegetables.,"Focus on form, 3 sessions/week, and progressive consistency."
20.62,772.76,veg,none,,muscle,41,intermediate,moderate,110.39,2580.14,17,15312.83,24.54,92.33,8,average,Tofu Power Bowl,Upper Lower Strength Split,intermediate,110.3,Barbell Bench Press|Romanian Deadlift|Lat Pulldown|Walking Lunges|Dumbbell Shoulder Press,"Balanced tofu bowl with quinoa, greens, and seeds.",Use progressive overload and mix strength with conditioning.
28.32,561.43,veg,none,,maintenance,48,advanced,moderate,93.46,2633.0,24,16101.12,28.57,75.29,11,average,Veggie Brown Rice Plate,Hybrid Endurance Strength,intermediate,92.85,Front Squat|Pull-Ups|Farmer Carry|Stationary Bike Intervals|Hanging Knee Raises,Brown rice with mixed vegetables and legumes.,Use progressive overload and mix strength with conditioning.
